image_id,class_id,x_center,y_center,width,height,confidence
000003_jpg.rf.8511b9c219dbf9799a6d58900b15917d.jpg,7,0.5009291172027588,0.48359960317611694,0.4488663077354431,0.6206634044647217,0.9414178133010864
000006_jpg.rf.89610ec419ccfab22f8314026b90ee26.jpg,7,0.3772677779197693,0.163815438747406,0.27171018719673157,0.327630877494812,0.9512234926223755
000006_jpg.rf.89610ec419ccfab22f8314026b90ee26.jpg,1,0.8830147385597229,0.09413564950227737,0.015862245112657547,0.022179437801241875,0.024365173652768135
000006_jpg.rf.89610ec419ccfab22f8314026b90ee26.jpg,1,0.8826090097427368,0.12116014957427979,0.017584213986992836,0.077144093811512,0.003038411494344473
00000_00000_00003_png.rf.d18afc3c9625ffb1974029d3e3762aee.jpg,6,0.5219865441322327,0.5071640014648438,0.5611892938613892,0.5773137807846069,0.9349161386489868
00000_00000_00003_png.rf.d18afc3c9625ffb1974029d3e3762aee.jpg,1,0.4186038374900818,0.4289362132549286,0.7978999614715576,0.8083010315895081,0.004039855673909187
00000_00000_00003_png.rf.d18afc3c9625ffb1974029d3e3762aee.jpg,1,0.1756609082221985,0.03930921107530594,0.03763330727815628,0.07861842215061188,0.0014360264176502824
00000_00000_00005_png.rf.ab60a274676963d378f5014e89d9e2b1.jpg,6,0.5342390537261963,0.533801257610321,0.6023919582366943,0.6300193071365356,0.9344083666801453
00000_00000_00005_png.rf.ab60a274676963d378f5014e89d9e2b1.jpg,1,0.4264686703681946,0.43019598722457886,0.8529373407363892,0.8603919744491577,0.007639378774911165
00000_00000_00005_png.rf.ab60a274676963d378f5014e89d9e2b1.jpg,1,0.08271679282188416,0.017478087916970253,0.025727061554789543,0.034956175833940506,0.0027608461678028107
00000_00000_00006_png.rf.9d1ea68507aff6973a1dbcdc6f4422a8.jpg,6,0.5347544550895691,0.5532406568527222,0.5841294527053833,0.5907087326049805,0.9478244781494141
00000_00000_00006_png.rf.9d1ea68507aff6973a1dbcdc6f4422a8.jpg,6,0.8723469972610474,0.08635672926902771,0.252804160118103,0.17109698057174683,0.013139053247869015
00000_00000_00006_png.rf.9d1ea68507aff6973a1dbcdc6f4422a8.jpg,6,0.862044095993042,0.05237414687871933,0.24884700775146484,0.10474829375743866,0.001794522162526846
00000_00000_00008_png.rf.ff305dcd6e9ceb9188937311a4a1b207.jpg,6,0.5148085951805115,0.5107637047767639,0.6431869864463806,0.6586116552352905,0.9405484795570374
00000_00000_00008_png.rf.ff305dcd6e9ceb9188937311a4a1b207.jpg,1,0.1418137550354004,0.040222786366939545,0.02018880844116211,0.08044557273387909,0.002179799135774374
00000_00000_00013_png.rf.9076cbfc7f7811fa22547539a7e7ac02.jpg,6,0.5389652252197266,0.49814242124557495,0.7061261534690857,0.7118557691574097,0.9509978294372559
00000_00000_00017_png.rf.6c2381a6a103a041f23159fbd44868ed.jpg,6,0.5324286222457886,0.526487410068512,0.7469201683998108,0.7310049533843994,0.9322746992111206
00000_00000_00017_png.rf.6c2381a6a103a041f23159fbd44868ed.jpg,1,0.11272775381803513,0.032082680612802505,0.03283859044313431,0.06416536122560501,0.0011991845676675439
00000_00000_00021_png.rf.0803f8eb5b4566c44100cfef9d0bfa8e.jpg,6,0.5285953879356384,0.5362942218780518,0.7894110083580017,0.809770941734314,0.9442510008811951
00000_00000_00021_png.rf.0803f8eb5b4566c44100cfef9d0bfa8e.jpg,1,0.0944349616765976,0.022212892770767212,0.018697967752814293,0.044425785541534424,0.0016012013657018542
00000_00000_00024_png.rf.8b21eb79678eed47df52a9ab4319bc08.jpg,6,0.5133914351463318,0.5074566602706909,0.8114287853240967,0.8182847499847412,0.9588868618011475
00000_00000_00024_png.rf.8b21eb79678eed47df52a9ab4319bc08.jpg,1,0.08854920417070389,0.9601035714149475,0.11017663031816483,0.045319557189941406,0.0015452272491529584
00000_00001_00008_png.rf.936b0185c3b9131c96d42d60a5da1abb.jpg,6,0.5318365693092346,0.5376428961753845,0.6036128401756287,0.6081891059875488,0.9245774745941162
00000_00001_00013_png.rf.c2367f9d1b377597b2cc3706b70fa818.jpg,6,0.522014856338501,0.5324000120162964,0.652239203453064,0.6673136353492737,0.942828357219696
00000_00001_00016_png.rf.2818a0160369aa9d2465007de479d6d3.jpg,6,0.5147702693939209,0.5136635303497314,0.6643186807632446,0.6666370034217834,0.9486684203147888
00000_00001_00016_png.rf.2818a0160369aa9d2465007de479d6d3.jpg,0,0.9204486012458801,0.4221718907356262,0.061728622764348984,0.03233964741230011,0.004235571715980768
00000_00001_00020_png.rf.4fc3ed0f124f480c5152a541fff2dbf7.jpg,6,0.5283222794532776,0.4993734359741211,0.6913630962371826,0.7049579620361328,0.947841227054596
00000_00001_00020_png.rf.af293e6651965d897c75935cf2084f7d.jpg,6,0.5283222794532776,0.4993734359741211,0.6913630962371826,0.7049579620361328,0.9478411078453064
00000_00001_00021_png.rf.beb4a4004ddd09e998abac6f77de0322.jpg,6,0.529180645942688,0.5072280168533325,0.7160141468048096,0.7338820099830627,0.9423156380653381
00000_00002_00012_png.rf.d345a307460a0fa32e159261cffa0e88.jpg,6,0.5144093632698059,0.5173577666282654,0.6079699993133545,0.6208417415618896,0.9436679482460022
00000_00002_00015_png.rf.9c6647dad127ad8ea26b08ef5e31f15f.jpg,6,0.529356062412262,0.519155740737915,0.672592043876648,0.666865885257721,0.9331559538841248
00000_00002_00026_png.rf.092c69361ef48fd43b479aa48fc829d9.jpg,6,0.5077710151672363,0.5041046738624573,0.7922067642211914,0.7862314581871033,0.9404423236846924
00000_00002_00026_png.rf.092c69361ef48fd43b479aa48fc829d9.jpg,0,0.47408390045166016,0.005793805234134197,0.023253440856933594,0.011184651404619217,0.01408359594643116
00000_00002_00026_png.rf.092c69361ef48fd43b479aa48fc829d9.jpg,1,0.4418417811393738,0.04535796493291855,0.015888214111328125,0.054969266057014465,0.0023888633586466312
00000_00002_00026_png.rf.092c69361ef48fd43b479aa48fc829d9.jpg,1,0.43789851665496826,0.046811461448669434,0.01569366455078125,0.0523117370903492,0.0011780328350141644
00000_00003_00003_png.rf.cb1242e3f504fdf75084201d1d568a93.jpg,6,0.5357261300086975,0.5639382004737854,0.5770107507705688,0.5616588592529297,0.919663667678833
00000_00003_00003_png.rf.cb1242e3f504fdf75084201d1d568a93.jpg,5,0.054530467838048935,0.4948793649673462,0.1079205647110939,0.9195556640625,0.0011004777625203133
00000_00003_00005_png.rf.91e4d86cd4241911356889c94ae3f5ee.jpg,6,0.5329768657684326,0.5357908606529236,0.5700296759605408,0.5812034010887146,0.9099864363670349
00000_00003_00005_png.rf.91e4d86cd4241911356889c94ae3f5ee.jpg,0,0.21710151433944702,0.03337500989437103,0.43420302867889404,0.06675001978874207,0.011292262934148312
00000_00003_00005_png.rf.91e4d86cd4241911356889c94ae3f5ee.jpg,5,0.05607648938894272,0.503238320350647,0.11111690104007721,0.958831787109375,0.004649481736123562
00000_00003_00011_png.rf.7d5f2a85458f70654be03f2a2cd47c06.jpg,6,0.5345636606216431,0.516512393951416,0.6174291968345642,0.6263745427131653,0.930895984172821
00000_00003_00011_png.rf.7d5f2a85458f70654be03f2a2cd47c06.jpg,0,0.15265266597270966,0.01858719438314438,0.3053053319454193,0.03717438876628876,0.1821102648973465
00000_00003_00011_png.rf.7d5f2a85458f70654be03f2a2cd47c06.jpg,1,0.13265655934810638,0.019144445657730103,0.26531311869621277,0.03793048858642578,0.009942049160599709
00000_00003_00011_png.rf.7d5f2a85458f70654be03f2a2cd47c06.jpg,0,0.18645700812339783,0.025124795734882355,0.37291401624679565,0.04960586875677109,0.007290506269782782
00000_00003_00011_png.rf.7d5f2a85458f70654be03f2a2cd47c06.jpg,0,0.8270693421363831,0.018449103459715843,0.3458612859249115,0.036898206919431686,0.004295710939913988
00000_00003_00011_png.rf.7d5f2a85458f70654be03f2a2cd47c06.jpg,0,0.37458279728889465,0.03493156656622887,0.46549028158187866,0.06986313313245773,0.001562960329465568
00000_00003_00011_png.rf.7d5f2a85458f70654be03f2a2cd47c06.jpg,1,0.15392178297042847,0.013428796082735062,0.20782120525836945,0.026051126420497894,0.0015017105033621192
00000_00003_00011_png.rf.7d5f2a85458f70654be03f2a2cd47c06.jpg,0,0.7454349994659424,0.01573215052485466,0.3779846429824829,0.03146430104970932,0.0014406945556402206
00000_00003_00011_png.rf.7d5f2a85458f70654be03f2a2cd47c06.jpg,0,0.8235692977905273,0.03166903182864189,0.3528614044189453,0.06239669770002365,0.001040295697748661
00000_00003_00015_png.rf.a18e8c7a509b0f5f98fe6221bac9aee4.jpg,6,0.5310396552085876,0.5337586998939514,0.6831191182136536,0.7014752626419067,0.9231328368186951
00000_00003_00015_png.rf.a18e8c7a509b0f5f98fe6221bac9aee4.jpg,0,0.82871013879776,0.02007652074098587,0.34257978200912476,0.04015304148197174,0.030658144503831863
00000_00003_00015_png.rf.a18e8c7a509b0f5f98fe6221bac9aee4.jpg,0,0.17917649447917938,0.019001077860593796,0.35835298895835876,0.03800215572118759,0.01731058768928051
00000_00003_00015_png.rf.a18e8c7a509b0f5f98fe6221bac9aee4.jpg,0,0.8808634877204895,0.025816122069954872,0.23737753927707672,0.05145132169127464,0.005788937211036682
00000_00003_00015_png.rf.a18e8c7a509b0f5f98fe6221bac9aee4.jpg,0,0.11442099511623383,0.01651306077837944,0.22884199023246765,0.032087452709674835,0.0034650301095098257
00000_00003_00015_png.rf.a18e8c7a509b0f5f98fe6221bac9aee4.jpg,1,0.07954727113246918,0.012352515943348408,0.15909454226493835,0.02344248630106449,0.0031026704236865044
00000_00003_00015_png.rf.a18e8c7a509b0f5f98fe6221bac9aee4.jpg,0,0.7389758229255676,0.01944812200963497,0.4427573084831238,0.03889624401926994,0.002521991729736328
00000_00003_00015_png.rf.a18e8c7a509b0f5f98fe6221bac9aee4.jpg,0,0.670514702796936,0.028103869408369064,0.4602842926979065,0.05620773881673813,0.0011168592609465122
00000_00003_00015_png.rf.a18e8c7a509b0f5f98fe6221bac9aee4.jpg,0,0.24067983031272888,0.02259930782020092,0.48135966062545776,0.04519861564040184,0.0010105810360983014
00000_00003_00017_png.rf.cb107aac6c3f74cfb122de76625c4abc.jpg,6,0.5034401416778564,0.5167849659919739,0.7296267747879028,0.701785147190094,0.9475288987159729
00000_00003_00017_png.rf.cb107aac6c3f74cfb122de76625c4abc.jpg,0,0.8315858840942383,0.01439383253455162,0.33682823181152344,0.02878766506910324,0.018722770735621452
00000_00003_00017_png.rf.cb107aac6c3f74cfb122de76625c4abc.jpg,0,0.7384068369865417,0.015117745846509933,0.4457385838031769,0.030235491693019867,0.00490680942311883
00000_00003_00017_png.rf.cb107aac6c3f74cfb122de76625c4abc.jpg,0,0.8889564275741577,0.016078835353255272,0.22017742693424225,0.03215748816728592,0.004030892625451088
00000_00003_00019_png.rf.d5f22619ed92e72b6d2ed7150b2db7c3.jpg,6,0.5203135013580322,0.5113855600357056,0.7267744541168213,0.7213097810745239,0.9430583715438843
00000_00003_00019_png.rf.d5f22619ed92e72b6d2ed7150b2db7c3.jpg,0,0.8313465118408203,0.014599816873669624,0.33730703592300415,0.02919963374733925,0.01923818141222
00000_00003_00019_png.rf.d5f22619ed92e72b6d2ed7150b2db7c3.jpg,0,0.7413644194602966,0.01478356309235096,0.4281226694583893,0.02956712618470192,0.004369902424514294
00000_00003_00019_png.rf.d5f22619ed92e72b6d2ed7150b2db7c3.jpg,0,0.887955904006958,0.015698304399847984,0.22171321511268616,0.03139660879969597,0.004024744499474764
00000_00003_00019_png.rf.d5f22619ed92e72b6d2ed7150b2db7c3.jpg,0,0.18042349815368652,0.0350516214966774,0.36084699630737305,0.06998670101165771,0.0025622535031288862
00000_00004_00027_png.rf.339c3f63582ed2785e9d0740821e561e.jpg,6,0.5238065719604492,0.5257266163825989,0.8142197132110596,0.8146687746047974,0.9506027102470398
00000_00005_00000_png.rf.4b0a9b1409c4ee2cc880aa6e173d5e0e.jpg,6,0.524100661277771,0.5230273008346558,0.550597608089447,0.5484243035316467,0.8964404463768005
00000_00005_00003_png.rf.df858754a637fecb106924e9bc47a832.jpg,6,0.5558909177780151,0.5323013663291931,0.5465235114097595,0.5870873332023621,0.922793984413147
00000_00005_00009_png.rf.318081408daa3bd6bd66422e94bd3dca.jpg,6,0.5342031121253967,0.5144821405410767,0.6064761877059937,0.6279528737068176,0.9318996071815491
00000_00005_00016_png.rf.80996367c51768326648d4c53f8a1e63.jpg,6,0.5237675905227661,0.4885632395744324,0.6575254797935486,0.6979109048843384,0.9359076023101807
00000_00005_00025_png.rf.f6c63209955abab1fc2ea39248553192.jpg,6,0.5177695751190186,0.5041109323501587,0.7811585664749146,0.8309478759765625,0.9532691240310669
00000_00005_00027_png.rf.397ea37e7f1f7c3029ef77da37b4d73a.jpg,6,0.5059532523155212,0.49923765659332275,0.8049163818359375,0.8093443512916565,0.95524662733078
00000_00006_00000_png.rf.89204de3eb332a0f1dfbdbfeed2c4f19.jpg,6,0.501506507396698,0.550501823425293,0.45598694682121277,0.5821273326873779,0.9092411398887634
00000_00006_00004_png.rf.f3eaa594302a3387574994936ac8af80.jpg,6,0.48747628927230835,0.5123967528343201,0.5618064999580383,0.6113848090171814,0.9430540204048157
00000_00006_00004_png.rf.f3eaa594302a3387574994936ac8af80.jpg,0,0.39559078216552734,0.016512637957930565,0.19905418157577515,0.03201909363269806,0.0013089895946905017
00000_00006_00009_png.rf.69ada07a494f34af78f9cbb977bb1fe7.jpg,6,0.5166164636611938,0.529815673828125,0.6736860275268555,0.6498126983642578,0.9360812902450562
00000_00006_00009_png.rf.69ada07a494f34af78f9cbb977bb1fe7.jpg,0,0.3932603597640991,0.017763588577508926,0.17711199820041656,0.03492217883467674,0.019142741337418556
00000_00006_00009_png.rf.69ada07a494f34af78f9cbb977bb1fe7.jpg,1,0.3892374634742737,0.017870457842946053,0.18140551447868347,0.03498920053243637,0.01500923465937376
00000_00006_00009_png.rf.69ada07a494f34af78f9cbb977bb1fe7.jpg,1,0.39265531301498413,0.024966444820165634,0.21436287462711334,0.04993288964033127,0.014433844946324825
00000_00006_00009_png.rf.abb45158e58a911f6eb8f4784f718205.jpg,6,0.5166165232658386,0.529815673828125,0.6736859679222107,0.6498126983642578,0.9360812902450562
00000_00006_00009_png.rf.abb45158e58a911f6eb8f4784f718205.jpg,0,0.3932603597640991,0.017763588577508926,0.17711199820041656,0.03492217883467674,0.019142741337418556
00000_00006_00009_png.rf.abb45158e58a911f6eb8f4784f718205.jpg,1,0.3892374634742737,0.017870457842946053,0.18140551447868347,0.03498920053243637,0.01500923465937376
00000_00006_00009_png.rf.abb45158e58a911f6eb8f4784f718205.jpg,1,0.39265531301498413,0.024966444820165634,0.21436287462711334,0.04993288964033127,0.014433844946324825
00000_00006_00014_png.rf.c18a9a99443ea933a462c18e7d9cc035.jpg,6,0.5071108937263489,0.49081599712371826,0.6917536854743958,0.6924926042556763,0.9404128789901733
00000_00006_00021_png.rf.ceba1690308218617be309fd8dd38971.jpg,6,0.5142933130264282,0.5168911814689636,0.7579333782196045,0.7361605763435364,0.9521540999412537
00000_00006_00021_png.rf.ceba1690308218617be309fd8dd38971.jpg,5,0.10896629840135574,0.8445358276367188,0.2172713279724121,0.3088691532611847,0.0012827391037717462
00000_00006_00022_png.rf.8a9524bcedd0aa85d431b5314bdaf179.jpg,6,0.5015159249305725,0.5132589936256409,0.7362731695175171,0.7377013564109802,0.9625281691551208
00000_00006_00022_png.rf.ac6d1330d86c61ae4067afdd3a258ab3.jpg,6,0.5015159249305725,0.5132589936256409,0.7362731695175171,0.7377013564109802,0.9625281691551208
000012_jpg.rf.a2e9009c1ca91c2272045589701123f0.jpg,9,0.48850342631340027,0.3266577124595642,0.7851460576057434,0.3552270233631134,0.9575979709625244
000012_jpg.rf.a2e9009c1ca91c2272045589701123f0.jpg,9,0.15219169855117798,0.9789568185806274,0.04598033428192139,0.039471037685871124,0.0023902966640889645
000012_jpg.rf.a2e9009c1ca91c2272045589701123f0.jpg,5,0.33751755952835083,0.981432318687439,0.0994979590177536,0.036419060081243515,0.0013733126688748598
000012_jpg.rf.a2e9009c1ca91c2272045589701123f0.jpg,5,0.8169360756874084,0.9794446229934692,0.09522899985313416,0.039589736610651016,0.0012562829069793224
000015_jpg.rf.1c60d15418d0291507def26c241ed27e.jpg,7,0.2566583752632141,0.3676217794418335,0.40110889077186584,0.46492645144462585,0.975548505783081
000015_jpg.rf.1c60d15418d0291507def26c241ed27e.jpg,1,0.6444518566131592,0.9067497253417969,0.021365899592638016,0.021360617130994797,0.017826968804001808
000015_jpg.rf.1c60d15418d0291507def26c241ed27e.jpg,0,0.05350906029343605,0.013536871410906315,0.043960295617580414,0.026267429813742638,0.010386383160948753
000015_jpg.rf.1c60d15418d0291507def26c241ed27e.jpg,1,0.2265455573797226,0.9587135314941406,0.07434388250112534,0.03831709176301956,0.004042423330247402
000015_jpg.rf.1c60d15418d0291507def26c241ed27e.jpg,0,0.031040191650390625,0.01775737851858139,0.0433974452316761,0.0342155322432518,0.0036859840620309114
000015_jpg.rf.1c60d15418d0291507def26c241ed27e.jpg,0,0.06310670077800751,0.01174349244683981,0.06944139301776886,0.023242460563778877,0.003572674235329032
000015_jpg.rf.1c60d15418d0291507def26c241ed27e.jpg,0,0.3492583632469177,0.0410541370511055,0.03374572843313217,0.082108274102211,0.0019617772195488214
000015_jpg.rf.1c60d15418d0291507def26c241ed27e.jpg,0,0.041703660041093826,0.015901781618595123,0.05078858137130737,0.03119003027677536,0.0018347742734476924
000015_jpg.rf.1c60d15418d0291507def26c241ed27e.jpg,0,0.6611140370368958,0.12793037295341492,0.049661047756671906,0.0267333984375,0.0016554120229557157
000015_jpg.rf.1c60d15418d0291507def26c241ed27e.jpg,1,0.3399905562400818,0.959313154220581,0.06621801108121872,0.04028584435582161,0.001397899817675352
000015_jpg.rf.1c60d15418d0291507def26c241ed27e.jpg,0,0.7852855324745178,0.006694965995848179,0.03419223055243492,0.013389931991696358,0.0013607963919639587
00001_00006_00004_png.rf.d10a2232f001894c293a3899de728cad.jpg,7,0.521849513053894,0.5256162285804749,0.7450762987136841,0.7555634379386902,0.9729032516479492
00001_00006_00026_png.rf.49d271a1ad59fd8fc3022b9d27fd55e2.jpg,7,0.5057951807975769,0.5016298890113831,0.7800120115280151,0.8088919520378113,0.9686274528503418
00001_00006_00026_png.rf.49d271a1ad59fd8fc3022b9d27fd55e2.jpg,0,0.38823145627975464,0.5149233937263489,0.048236846923828125,0.020065711811184883,0.018401170149445534
00001_00006_00026_png.rf.49d271a1ad59fd8fc3022b9d27fd55e2.jpg,0,0.4078463315963745,0.5156364440917969,0.08715614676475525,0.021985236555337906,0.009130118414759636
00001_00006_00026_png.rf.49d271a1ad59fd8fc3022b9d27fd55e2.jpg,1,0.15348228812217712,0.9729518890380859,0.05324525013566017,0.054096221923828125,0.008421928621828556
00001_00006_00026_png.rf.49d271a1ad59fd8fc3022b9d27fd55e2.jpg,0,0.4008205831050873,0.5096391439437866,0.07568638026714325,0.03102339245378971,0.0033423127606511116
00001_00006_00026_png.rf.49d271a1ad59fd8fc3022b9d27fd55e2.jpg,1,0.13287390768527985,0.9725577235221863,0.08714620769023895,0.054884545505046844,0.0020613560918718576
00001_00006_00026_png.rf.49d271a1ad59fd8fc3022b9d27fd55e2.jpg,1,0.15503843128681183,0.9730224609375,0.027603093534708023,0.05389976501464844,0.0018722179811447859
00001_00006_00026_png.rf.49d271a1ad59fd8fc3022b9d27fd55e2.jpg,0,0.38141658902168274,0.5089114904403687,0.0306063424795866,0.03164922446012497,0.0015470808139070868
00001_00010_00003_png.rf.7aafa0add84d32dae0f70c72f29be839.jpg,7,0.5291385650634766,0.5688795447349548,0.5117130279541016,0.5172606706619263,0.9661493301391602
00001_00010_00010_png.rf.0c717d1fcb47c63dc21133891c67058d.jpg,7,0.5447152853012085,0.5405398607254028,0.5886125564575195,0.616551399230957,0.96657794713974
00001_00010_00010_png.rf.0c717d1fcb47c63dc21133891c67058d.jpg,1,0.2632926404476166,0.019932229071855545,0.03334599360823631,0.03849272429943085,0.0044947597198188305
00001_00010_00010_png.rf.0c717d1fcb47c63dc21133891c67058d.jpg,6,0.9007217884063721,0.08902768790721893,0.1962442398071289,0.17778196930885315,0.002876614686101675
00001_00010_00010_png.rf.0c717d1fcb47c63dc21133891c67058d.jpg,1,0.29556071758270264,0.015688929706811905,0.020276308059692383,0.03023182600736618,0.002065716776996851
00001_00011_00006_png.rf.b3c9ed7b58e8b06312406f5fb6ecb9cd.jpg,7,0.5134435892105103,0.5266427397727966,0.6441132426261902,0.6285852193832397,0.9630751609802246
00001_00014_00020_png.rf.dae49e781829147dd4dfd5b4812d0068.jpg,7,0.5077426433563232,0.5191076993942261,0.794356107711792,0.8131948113441467,0.8425028324127197
00001_00019_00006_png.rf.ba8186909430430fb44e7eea3282a96b.jpg,7,0.5375994443893433,0.5104230642318726,0.5874639749526978,0.6034430861473083,0.9695706367492676
00001_00020_00001_png.rf.558285df18ab5e029ed28ae9b0442173.jpg,7,0.4869721531867981,0.528340756893158,0.6100457906723022,0.7451785206794739,0.7996588349342346
00001_00020_00009_png.rf.70d380dd904a8b782ac06daf41622bc8.jpg,7,0.5104529857635498,0.5093626379966736,0.7275822758674622,0.7770403623580933,0.9848490953445435
00001_00020_00009_png.rf.70d380dd904a8b782ac06daf41622bc8.jpg,7,0.7784898281097412,0.5023694038391113,0.4430203437805176,0.7857491970062256,0.43518757820129395
00001_00020_00009_png.rf.70d380dd904a8b782ac06daf41622bc8.jpg,7,0.9011359810829163,0.46165770292282104,0.1946401596069336,0.8789359331130981,0.009237933903932571
00001_00021_00006_png.rf.c24e2e36491660b540a9b81687c16bc3.jpg,12,0.528785765171051,0.5405199527740479,0.5613090991973877,0.5885956287384033,0.5404976606369019
00001_00021_00006_png.rf.c24e2e36491660b540a9b81687c16bc3.jpg,7,0.5290406346321106,0.5394411683082581,0.5618706941604614,0.5862694978713989,0.3354869484901428
00001_00021_00007_png.rf.7054b7fcb56980bcabcf57e0f1cb9182.jpg,12,0.5344143509864807,0.49938803911209106,0.5636211633682251,0.6201756000518799,0.46814480423927307
00001_00021_00007_png.rf.7054b7fcb56980bcabcf57e0f1cb9182.jpg,7,0.5363257527351379,0.49618297815322876,0.5671864748001099,0.622724175453186,0.3563152849674225
00001_00022_00001_png.rf.f68bab926df5c93b7a8baf9d168955d1.jpg,7,0.5249749422073364,0.5208092331886292,0.6071129441261292,0.5484477281570435,0.9635103344917297
00001_00023_00007_png.rf.f20610daefe32091399ce0ee1b9799f6.jpg,7,0.570848286151886,0.5651464462280273,0.5476127862930298,0.591162919998169,0.9728171229362488
00001_00025_00025_png.rf.9556a94e4da441bd05e548d86099c3c0.jpg,7,0.5111986398696899,0.508146345615387,0.7683519721031189,0.7836046814918518,0.9694967865943909
00001_00028_00017_png.rf.ff6c0bf1f57a58c63e706c5a59b9b55e.jpg,7,0.515751302242279,0.4773826599121094,0.6903327107429504,0.7816860675811768,0.9688905477523804
00001_00028_00017_png.rf.ff6c0bf1f57a58c63e706c5a59b9b55e.jpg,6,0.9707314968109131,0.47505441308021545,0.05811882019042969,0.7897982001304626,0.007499978877604008
00001_00028_00017_png.rf.ff6c0bf1f57a58c63e706c5a59b9b55e.jpg,14,0.9678264260292053,0.5035300254821777,0.06320036202669144,0.8725965023040771,0.004789240658283234
00001_00029_00011_png.rf.8778f18a5af227481b72a0bd897cb144.jpg,7,0.5350819230079651,0.5308398008346558,0.6567172408103943,0.6490655541419983,0.9838601350784302
00001_00030_00008_png.rf.f42a5ab100ba2300ff2ef3273198a629.jpg,7,0.5382964015007019,0.5303799510002136,0.5335553884506226,0.6681953072547913,0.9840496778488159
00001_00031_00011_png.rf.d92d0588e5bfd7f8ced37d558e0efd54.jpg,7,0.5408403277397156,0.49762189388275146,0.5674046277999878,0.6006379723548889,0.9601286053657532
00001_00031_00011_png.rf.d92d0588e5bfd7f8ced37d558e0efd54.jpg,0,0.2875603139400482,0.9631850719451904,0.028665725141763687,0.07362974435091019,0.0012240351643413305
00001_00032_00012_png.rf.e30cf3974f41a7316dff0477b7c4c589.jpg,7,0.5018789768218994,0.5372413396835327,0.6649879813194275,0.6810284852981567,0.9638357162475586
00001_00033_00010_png.rf.4b1b4602c3c04f4aa72ce1f952cce126.jpg,7,0.5168776512145996,0.5101732015609741,0.6221685409545898,0.6080551147460938,0.9774751663208008
00001_00033_00013_png.rf.7df949e59990e9dabfbc631176beada9.jpg,7,0.5562826991081238,0.5645911693572998,0.6298484802246094,0.6473733186721802,0.9683486819267273
00001_00035_00012_png.rf.ef688824fa8eae681376cbaa7708a2dd.jpg,7,0.5293943881988525,0.5414943695068359,0.6281028389930725,0.597395658493042,0.9745180010795593
00001_00035_00012_png.rf.ef688824fa8eae681376cbaa7708a2dd.jpg,0,0.6469905376434326,0.021922828629612923,0.3653642237186432,0.043845657259225845,0.0011496065417304635
00001_00038_00012_png.rf.769276765c04567a8afdd2300298c7cb.jpg,7,0.4914533793926239,0.4897867441177368,0.5803150534629822,0.5870185494422913,0.9615603089332581
00001_00038_00012_png.rf.769276765c04567a8afdd2300298c7cb.jpg,0,0.1488179713487625,0.019378794357180595,0.2027081549167633,0.03875758871436119,0.002149787964299321
00001_00038_00012_png.rf.769276765c04567a8afdd2300298c7cb.jpg,1,0.14907881617546082,0.023365668952465057,0.21775975823402405,0.046731337904930115,0.0017061000689864159
00001_00038_00013_png.rf.9bea2c6ade7591cafa7a3ee2d6447b63.jpg,7,0.5073627233505249,0.49492982029914856,0.5956806540489197,0.60842365026474,0.9779009222984314
00001_00038_00013_png.rf.9bea2c6ade7591cafa7a3ee2d6447b63.jpg,0,0.8353608250617981,0.026314251124858856,0.3292783498764038,0.05204096809029579,0.0020269250962883234
00001_00042_00000_png.rf.ac8cef49708d26776dd018e63c08ee29.jpg,7,0.5151563286781311,0.524326741695404,0.5452022552490234,0.5918601751327515,0.9017778635025024
00001_00059_00004_png.rf.74b0bb0dc2200bf50c665e4b2017a9cf.jpg,7,0.5350646376609802,0.51460862159729,0.6300528645515442,0.6475458741188049,0.9630457162857056
00001_00059_00004_png.rf.74b0bb0dc2200bf50c665e4b2017a9cf.jpg,1,0.8409539461135864,0.20577557384967804,0.316959023475647,0.4100894629955292,0.0016901618801057339
00001_00060_00007_png.rf.1bf10fd8b24b215fba58ab5975968559.jpg,7,0.5086442232131958,0.5389943718910217,0.681027352809906,0.6831053495407104,0.9785312414169312
00001_00063_00003_png.rf.e87ae69015487ca78a229870bc3ed27f.jpg,7,0.5699582099914551,0.5748412013053894,0.5870676040649414,0.6241557598114014,0.9007892608642578
00001_00063_00003_png.rf.e87ae69015487ca78a229870bc3ed27f.jpg,10,0.8419016599655151,0.8188025951385498,0.31603968143463135,0.35938724875450134,0.004959966521710157
00001_00064_00019_png.rf.135e30aa3fe9209e095eb3ff5e304ebb.jpg,7,0.5260160565376282,0.49362343549728394,0.6927977800369263,0.7191218137741089,0.9746495485305786
00001_00065_00006_png.rf.161dc86f1aaaf56ceadeedb9920c11ec.jpg,7,0.5607242584228516,0.5126709342002869,0.6184597015380859,0.6084909439086914,0.9801627397537231
00001_00066_00015_png.rf.e1adfeb91011dcf5d548147d1acc30eb.jpg,7,0.4908653795719147,0.5157575011253357,0.7321857213973999,0.754543662071228,0.9846618175506592
00001_00066_00015_png.rf.e1adfeb91011dcf5d548147d1acc30eb.jpg,6,0.9724166393280029,0.4964854419231415,0.05486370995640755,0.5847711563110352,0.058613371104002
00001_00066_00015_png.rf.e1adfeb91011dcf5d548147d1acc30eb.jpg,11,0.9743831157684326,0.4800940752029419,0.05123380571603775,0.45022106170654297,0.0025395196862518787
00001_00066_00015_png.rf.e1adfeb91011dcf5d548147d1acc30eb.jpg,14,0.9522756338119507,0.5017461180686951,0.09284929186105728,0.7067425847053528,0.0010530203580856323
00001_00068_00007_png.rf.4bb41a90249c981be7a87239ef7d4288.jpg,7,0.48134931921958923,0.5205954909324646,0.5842821598052979,0.5729448795318604,0.9696567058563232
00001_00068_00007_png.rf.4bb41a90249c981be7a87239ef7d4288.jpg,1,0.7981285452842712,0.211318239569664,0.013819694519042969,0.04507561773061752,0.0029339471366256475
00002_00000_00005_png.rf.6a3d73b59a12500d97c5ad071900f3e8.jpg,9,0.5286805033683777,0.5106971859931946,0.6272308826446533,0.7258254289627075,0.9897441267967224
00002_00000_00005_png.rf.6a3d73b59a12500d97c5ad071900f3e8.jpg,0,0.8479350805282593,0.5431620478630066,0.30274316668510437,0.9136759042739868,0.0013265565503388643
00002_00000_00008_png.rf.fef84220cd4e8886da3b88267904e21d.jpg,9,0.5309529304504395,0.5101970434188843,0.663217306137085,0.7607970833778381,0.9878907203674316
00002_00000_00016_png.rf.5c98b3aeaa1ebc1ebc1afb2b2e8d9750.jpg,9,0.5033283829689026,0.5172251462936401,0.70004802942276,0.7822924852371216,0.9859991669654846
00002_00000_00016_png.rf.5c98b3aeaa1ebc1ebc1afb2b2e8d9750.jpg,0,0.07741967588663101,0.5500373840332031,0.15422694385051727,0.8986022472381592,0.0016607873840257525
00002_00004_00025_png.rf.088e01a14aec1e026c95b0b5ab8b08ec.jpg,9,0.5192604660987854,0.5231671929359436,0.7939084768295288,0.7797002196311951,0.9940794706344604
00002_00006_00028_png.rf.70f98b1fc1d0c548e37ffe7968c81a40.jpg,9,0.4899144470691681,0.5228363275527954,0.7052894234657288,0.7917182445526123,0.9920167922973633
00002_00006_00028_png.rf.70f98b1fc1d0c548e37ffe7968c81a40.jpg,0,0.9795852303504944,0.97342449426651,0.037468321621418,0.05001867562532425,0.0025331745855510235
00002_00007_00012_png.rf.cda4cec2b68cd6819ec43a7799d667a5.jpg,9,0.5342117547988892,0.5185286998748779,0.630950391292572,0.6776673197746277,0.9400075078010559
00002_00007_00012_png.rf.cda4cec2b68cd6819ec43a7799d667a5.jpg,0,0.401523232460022,0.4480932652950287,0.03107815608382225,0.1389918327331543,0.005037905648350716
00002_00007_00012_png.rf.cda4cec2b68cd6819ec43a7799d667a5.jpg,1,0.40204283595085144,0.4492907226085663,0.030522823333740234,0.13192862272262573,0.002914668759331107
00002_00010_00029_png.rf.526a5527eafd2cdc74e872afe9fb8276.jpg,9,0.4838330149650574,0.5065118670463562,0.7683613300323486,0.813416600227356,0.996187150478363
00002_00010_00029_png.rf.526a5527eafd2cdc74e872afe9fb8276.jpg,0,0.8192635774612427,0.8985500335693359,0.016843795776367188,0.014098754152655602,0.0010327494237571955
00002_00011_00028_png.rf.4b4e80fab739c206b44c9d195a2f08e0.jpg,9,0.5042756795883179,0.4880339503288269,0.6936677098274231,0.7760435342788696,0.990348219871521
00002_00015_00017_png.rf.81a2cb9a7cc2d150109c3af756943d8e.jpg,9,0.5008783936500549,0.519340455532074,0.7280762195587158,0.7359520792961121,0.9885441660881042
00002_00016_00002_png.rf.c2bf6b0c65f3f2b845d281aef33328e0.jpg,9,0.5254161357879639,0.5308838486671448,0.5905194878578186,0.6268272399902344,0.9874562621116638
00002_00017_00020_png.rf.1a27fc5910f7ff6cd9e5ecad10609fe4.jpg,9,0.5129008293151855,0.5068047642707825,0.6997334957122803,0.705368161201477,0.9913384914398193
00002_00017_00026_png.rf.0e0c876d62e868e7b8bbea45c2854b90.jpg,9,0.494209885597229,0.5096525549888611,0.7563636302947998,0.7950156927108765,0.9916195869445801
00002_00028_00013_png.rf.4c1b88702f75ba47a05c979c6a1a24af.jpg,9,0.5245975255966187,0.5122280120849609,0.6534915566444397,0.6419139504432678,0.9886019825935364
00002_00029_00020_png.rf.92b3fdd9df0a753fcf7dd9e098f54ca5.jpg,9,0.4904082417488098,0.5154204368591309,0.7418454885482788,0.7455828189849854,0.9905669093132019
00002_00032_00021_png.rf.45636f29d1c772fb421d516a9741145a.jpg,9,0.4928644001483917,0.5435506105422974,0.6398696899414062,0.6821823120117188,0.9779932498931885
00002_00057_00023_png.rf.c8c4e00edf84e93fdca59e89ca4480e8.jpg,9,0.510606050491333,0.5192083120346069,0.7794974446296692,0.776268720626831,0.9861454963684082
00002_00063_00008_png.rf.42b7f6b82f752ce45b8a4128928bea6b.jpg,9,0.5274185538291931,0.5346505641937256,0.5657086968421936,0.5791565775871277,0.9738028049468994
00002_00065_00004_png.rf.dd58840a036850f03da5f6bbdd1940d2.jpg,9,0.5287116765975952,0.5447792410850525,0.6706715226173401,0.7327410578727722,0.9922125935554504
00002_00065_00004_png.rf.dd58840a036850f03da5f6bbdd1940d2.jpg,0,0.19254519045352936,0.021311014890670776,0.3850903809070587,0.04262202978134155,0.003025194862857461
00002_00065_00005_png.rf.f156b51c34d4fe59f4f1981ecab62ed0.jpg,9,0.5181039571762085,0.5266805291175842,0.6670762300491333,0.7169987559318542,0.9902965426445007
00003_00000_00008_png.rf.976bc2ecdc3e69167320fc22712ec43d.jpg,10,0.5220522284507751,0.4862596392631531,0.5920461416244507,0.5991446375846863,0.9411039352416992
00003_00002_00016_png.rf.f31757e4e66bdf3dd7c10888f14ba7c6.jpg,10,0.54899662733078,0.5045966506004333,0.6381062865257263,0.68477863073349,0.9537438154220581
00003_00002_00023_png.rf.4d47dbf061aedff7277a91be6a5bbc6b.jpg,10,0.5367942452430725,0.5298838019371033,0.7399982213973999,0.7446989417076111,0.9442436695098877
00003_00002_00023_png.rf.4d47dbf061aedff7277a91be6a5bbc6b.jpg,1,0.4685736298561096,0.01102530024945736,0.014007017947733402,0.021468225866556168,0.001292291795834899
00003_00010_00012_png.rf.992b5dc958856171d8218c027b672b12.jpg,10,0.4912944436073303,0.50016850233078,0.6051607131958008,0.6122108101844788,0.9610497355461121
00003_00010_00012_png.rf.992b5dc958856171d8218c027b672b12.jpg,0,0.4818282127380371,0.14290443062782288,0.014000892639160156,0.010926585644483566,0.0018839273834601045
00003_00014_00015_png.rf.4a4854b32d96279361db09f8b4d4bbcf.jpg,10,0.5505996942520142,0.5356308221817017,0.6007204055786133,0.6378593444824219,0.958920955657959
00003_00019_00004_png.rf.0e5e854d48614cdc5bef09b4b3085a03.jpg,10,0.5054317712783813,0.5063156485557556,0.5916601419448853,0.5732195973396301,0.8409806489944458
00003_00026_00011_png.rf.33d98e9ee599a39d6f2b819682707a5a.jpg,10,0.5337883234024048,0.5415306091308594,0.5600740909576416,0.5936027765274048,0.9469618797302246
00003_00026_00022_png.rf.f67190b7724f3871c19569e098d5cc02.jpg,10,0.5317054390907288,0.5101499557495117,0.6710532903671265,0.6984169483184814,0.9485337734222412
00003_00027_00025_png.rf.4c1fd45a0b5f0f724237f83b7d47c499.jpg,10,0.5321151614189148,0.5057027339935303,0.7432998418807983,0.7658176422119141,0.9453522562980652
00003_00034_00015_png.rf.16921ba926f31008a26ba58d2337527f.jpg,10,0.5051437020301819,0.5115633010864258,0.6501966118812561,0.6616213917732239,0.9393103718757629
00003_00035_00028_png.rf.ee8da916ee92d6dc7e62eedaf09a79e4.jpg,10,0.5020304918289185,0.4888841211795807,0.7586100697517395,0.7681992053985596,0.9581707715988159
00003_00035_00028_png.rf.ee8da916ee92d6dc7e62eedaf09a79e4.jpg,3,0.483396977186203,0.08797121793031693,0.02119845524430275,0.02127542905509472,0.0019559396896511316
00003_00036_00017_png.rf.8ac2d0085877d733785436132fdc938e.jpg,10,0.5231285691261292,0.5020432472229004,0.674358606338501,0.6419332027435303,0.9505696296691895
00003_00036_00017_png.rf.8ac2d0085877d733785436132fdc938e.jpg,11,0.7787118554115295,0.8159640431404114,0.4425763487815857,0.3680720031261444,0.015000741928815842
00003_00036_00017_png.rf.8ac2d0085877d733785436132fdc938e.jpg,10,0.7900142073631287,0.8200048208236694,0.41997164487838745,0.3577564060688019,0.013476159423589706
00003_00036_00017_png.rf.8ac2d0085877d733785436132fdc938e.jpg,12,0.5584993362426758,0.14641349017620087,0.006027038209140301,0.015185356140136719,0.0039567542262375355
00003_00036_00028_png.rf.b1c4322c721873c9caa6ed9fd25eeb07.jpg,10,0.5074223875999451,0.4974934756755829,0.7795501947402954,0.7944920659065247,0.9629254937171936
00003_00036_00028_png.rf.b1c4322c721873c9caa6ed9fd25eeb07.jpg,1,0.27835536003112793,0.16792598366737366,0.024162951856851578,0.02484748885035515,0.004009575583040714
00003_00036_00028_png.rf.b1c4322c721873c9caa6ed9fd25eeb07.jpg,9,0.4829276204109192,0.07515989243984222,0.013607978820800781,0.02895505167543888,0.0015262310625985265
00003_00036_00028_png.rf.b1c4322c721873c9caa6ed9fd25eeb07.jpg,13,0.9934971332550049,0.053778450936079025,0.012509932741522789,0.04308052361011505,0.0012790686450898647
00003_00036_00028_png.rf.b1c4322c721873c9caa6ed9fd25eeb07.jpg,9,0.48082366585731506,0.08167099207639694,0.018461044877767563,0.019930563867092133,0.0012743760598823428
00003_00036_00028_png.rf.b3b837a4ff3803383e94a13fe8fc748b.jpg,10,0.5074224472045898,0.4974934756755829,0.7795501351356506,0.7944920659065247,0.9629254937171936
00003_00036_00028_png.rf.b3b837a4ff3803383e94a13fe8fc748b.jpg,1,0.27835536003112793,0.16792598366737366,0.024162951856851578,0.02484748885035515,0.004009563941508532
00003_00036_00028_png.rf.b3b837a4ff3803383e94a13fe8fc748b.jpg,9,0.4829276204109192,0.07515989243984222,0.013607978820800781,0.02895505167543888,0.0015262310625985265
00003_00036_00028_png.rf.b3b837a4ff3803383e94a13fe8fc748b.jpg,13,0.9934971332550049,0.053778450936079025,0.012509932741522789,0.04308052361011505,0.0012790686450898647
00003_00036_00028_png.rf.b3b837a4ff3803383e94a13fe8fc748b.jpg,9,0.48082366585731506,0.08167099207639694,0.018461044877767563,0.019930563867092133,0.0012743760598823428
00003_00038_00015_png.rf.68af73eb3c3267953582146c619d7c25.jpg,10,0.5413597226142883,0.5023451447486877,0.6482547521591187,0.6595564484596252,0.952174961566925
00003_00038_00026_png.rf.a69d0576816db3c4d315d0dce5b99721.jpg,10,0.516286313533783,0.5083938837051392,0.7936545610427856,0.8179057240486145,0.9586168527603149
00003_00038_00026_png.rf.a69d0576816db3c4d315d0dce5b99721.jpg,1,0.17166925966739655,0.29778870940208435,0.012692781165242195,0.03682822361588478,0.001262031844817102
00003_00038_00026_png.rf.a69d0576816db3c4d315d0dce5b99721.jpg,0,0.14448317885398865,0.9709672927856445,0.01982131414115429,0.054108839482069016,0.0012136774603277445
00003_00040_00029_png.rf.7d37fc566ece4627cb04b2b8d32dc473.jpg,10,0.5217236280441284,0.5153064131736755,0.6587129235267639,0.6627479791641235,0.9609107971191406
00003_00042_00029_png.rf.d0d6dd339d2be42128efbae34d3f541a.jpg,10,0.4944259226322174,0.5073289275169373,0.717292070388794,0.7280019521713257,0.9553808569908142
00003_00044_00003_png.rf.2b73723d27b25434c3de6ca04adbe574.jpg,10,0.5434686541557312,0.5260600447654724,0.48083871603012085,0.47999680042266846,0.9391903877258301
00003_00044_00003_png.rf.2b73723d27b25434c3de6ca04adbe574.jpg,0,0.5128660798072815,0.30561330914497375,0.7961552739143372,0.6100991368293762,0.0013324496103450656
00003_00044_00011_png.rf.9f723b9e228efc8339bf51faa590a58e.jpg,10,0.5471004247665405,0.5483097434043884,0.5652777552604675,0.566858172416687,0.963443398475647
00003_00044_00011_png.rf.9f723b9e228efc8339bf51faa590a58e.jpg,1,0.07664109021425247,0.01550334133207798,0.026376059278845787,0.03100668266415596,0.0019207973964512348
00003_00044_00013_png.rf.24a211df9596dccf36b448483be5f663.jpg,10,0.5400634407997131,0.5183703899383545,0.6063748598098755,0.6054545640945435,0.9486513733863831
00003_00044_00013_png.rf.24a211df9596dccf36b448483be5f663.jpg,1,0.169186532497406,0.017584629356861115,0.06984914839267731,0.03410022705793381,0.001073632505722344
00003_00044_00020_png.rf.dc91d31ec81c700753fe335f3fc42cf8.jpg,10,0.5309687256813049,0.518252968788147,0.6994609832763672,0.6972453594207764,0.9576320648193359
00003_00044_00020_png.rf.dc91d31ec81c700753fe335f3fc42cf8.jpg,13,0.6433144211769104,0.13393273949623108,0.01118219830095768,0.019609956070780754,0.013748151250183582
00003_00044_00020_png.rf.dc91d31ec81c700753fe335f3fc42cf8.jpg,1,0.6919177770614624,0.03429890051484108,0.024751076474785805,0.06859780102968216,0.0012612825958058238
00003_00045_00010_png.rf.1eb0ead62274ff3e76b12140d0f4399b.jpg,10,0.5396226048469543,0.5353419184684753,0.6070830821990967,0.5929822325706482,0.9558512568473816
00003_00045_00019_png.rf.3120c19400c889f8dfd507e2f6f16995.jpg,10,0.5145527720451355,0.5179631114006042,0.7156429290771484,0.7151082754135132,0.9503632187843323
00003_00045_00019_png.rf.3120c19400c889f8dfd507e2f6f16995.jpg,13,0.5771484375,0.12372565269470215,0.010348906740546227,0.015900520607829094,0.0012923858594149351
00003_00046_00010_png.rf.891f75f30b9f3db0a566b63a5d08287f.jpg,10,0.5251427888870239,0.5094282031059265,0.6134892106056213,0.6208452582359314,0.9503353238105774
000041_jpg.rf.89c814e3db33e70112e3447d54bb42c6.jpg,7,0.5391024351119995,0.3116145431995392,0.26691964268684387,0.46577829122543335,0.9558329582214355
000041_jpg.rf.89c814e3db33e70112e3447d54bb42c6.jpg,0,0.7742373943328857,0.8180277943611145,0.29338008165359497,0.34577539563179016,0.24436187744140625
000041_jpg.rf.89c814e3db33e70112e3447d54bb42c6.jpg,0,0.7259898781776428,0.7943298816680908,0.1553562581539154,0.29938939213752747,0.10218681395053864
000041_jpg.rf.89c814e3db33e70112e3447d54bb42c6.jpg,0,0.9891049265861511,0.1864268183708191,0.02088942937552929,0.08595144748687744,0.03031754307448864
000041_jpg.rf.89c814e3db33e70112e3447d54bb42c6.jpg,0,0.9898198843002319,0.14719559252262115,0.018810272216796875,0.1237485483288765,0.01773349940776825
000041_jpg.rf.89c814e3db33e70112e3447d54bb42c6.jpg,0,0.9766395092010498,0.18720008432865143,0.04470370337367058,0.08828306198120117,0.010380689054727554
000041_jpg.rf.89c814e3db33e70112e3447d54bb42c6.jpg,0,0.9874554872512817,0.17684811353683472,0.025088896974921227,0.13373032212257385,0.006385724525898695
000041_jpg.rf.89c814e3db33e70112e3447d54bb42c6.jpg,1,0.7645832300186157,0.836816668510437,0.3180544674396515,0.3263667821884155,0.0054662227630615234
000041_jpg.rf.89c814e3db33e70112e3447d54bb42c6.jpg,0,0.8547173738479614,0.8090111613273621,0.07587660104036331,0.05571446195244789,0.003998424392193556
000041_jpg.rf.89c814e3db33e70112e3447d54bb42c6.jpg,0,0.9718700051307678,0.02346654050052166,0.05429788678884506,0.04656399041414261,0.003814791329205036
000041_jpg.rf.89c814e3db33e70112e3447d54bb42c6.jpg,0,0.9832847118377686,0.15598246455192566,0.031078338623046875,0.10563609004020691,0.003564251121133566
000041_jpg.rf.89c814e3db33e70112e3447d54bb42c6.jpg,0,0.7532621622085571,0.6887588500976562,0.38384324312210083,0.5565429925918579,0.0025834781117737293
000041_jpg.rf.89c814e3db33e70112e3447d54bb42c6.jpg,1,0.44029802083969116,0.8457400798797607,0.05615120753645897,0.03217851370573044,0.0025149802677333355
000041_jpg.rf.89c814e3db33e70112e3447d54bb42c6.jpg,0,0.9626315832138062,0.17881925404071808,0.0747368186712265,0.0541122704744339,0.0022195924539119005
000041_jpg.rf.89c814e3db33e70112e3447d54bb42c6.jpg,0,0.8402416706085205,0.7295064330101013,0.13333562016487122,0.2637923061847687,0.001513006049208343
000041_jpg.rf.89c814e3db33e70112e3447d54bb42c6.jpg,0,0.9130684733390808,0.20950977504253387,0.09504523873329163,0.03948152810335159,0.0014909328892827034
000041_jpg.rf.89c814e3db33e70112e3447d54bb42c6.jpg,0,0.9316333532333374,0.21172285079956055,0.05691220238804817,0.040677621960639954,0.0010649210307747126
00004_00002_00014_png.rf.66ae4730024327a8ff79210c980a4667.jpg,11,0.5137452483177185,0.5143527388572693,0.679004967212677,0.6739528179168701,0.9611056447029114
00004_00003_00014_png.rf.fbd79a43c27ae3464c7be84d785ed5e2.jpg,11,0.5457985401153564,0.5133100152015686,0.622288167476654,0.6062631011009216,0.9695470333099365
00004_00004_00006_png.rf.779cd44893dd231e6e05b680dc9bef9a.jpg,11,0.5050332546234131,0.5073463916778564,0.6631787419319153,0.6882761716842651,0.9612855315208435
00004_00004_00009_png.rf.fc4e5787fbeb0511656710884dc88284.jpg,11,0.535965085029602,0.5186958909034729,0.6609196066856384,0.693541944026947,0.9591044783592224
00004_00004_00009_png.rf.fc4e5787fbeb0511656710884dc88284.jpg,0,0.17288395762443542,0.23835033178329468,0.07219232618808746,0.027956191450357437,0.013942219316959381
00004_00004_00009_png.rf.fc4e5787fbeb0511656710884dc88284.jpg,7,0.31374746561050415,0.5074421167373657,0.6236211061477661,0.8069871664047241,0.005323545541614294
00004_00006_00002_png.rf.e126eb56f28cf1c98809239babe89334.jpg,11,0.5196959972381592,0.5376549959182739,0.5680980086326599,0.5656494498252869,0.9621469378471375
00004_00006_00002_png.rf.e126eb56f28cf1c98809239babe89334.jpg,9,0.888934850692749,0.07835987210273743,0.219512939453125,0.15552426874637604,0.002909740898758173
00004_00006_00002_png.rf.e126eb56f28cf1c98809239babe89334.jpg,1,0.25713300704956055,0.022830378264188766,0.04503459110856056,0.04566075652837753,0.0020247483626008034
00004_00009_00021_png.rf.0f8628e061118cfeaad9228b32489e7c.jpg,11,0.4897952377796173,0.5421561002731323,0.6647812724113464,0.6596122980117798,0.9553232192993164
00004_00010_00020_png.rf.8985cbdd62ef877bd3b91429c517b515.jpg,11,0.5284273028373718,0.5107918977737427,0.6902945041656494,0.6818878650665283,0.9583932161331177
00004_00010_00020_png.rf.8985cbdd62ef877bd3b91429c517b515.jpg,1,0.429951548576355,0.03481918200850487,0.020189212635159492,0.06963836401700974,0.004368452355265617
00004_00010_00020_png.rf.8985cbdd62ef877bd3b91429c517b515.jpg,1,0.6390803456306458,0.394705593585968,0.11434482038021088,0.035396281629800797,0.002386484993621707
00004_00022_00020_png.rf.56c34e7fb6ec15747810e3706fb11e4a.jpg,11,0.5223365426063538,0.5141706466674805,0.6095595955848694,0.6113040447235107,0.9645779132843018
00004_00030_00003_png.rf.31ed58359e92300b61de2440b5f38d1a.jpg,11,0.5379503965377808,0.5374419093132019,0.5429092049598694,0.5216068625450134,0.972396969795227
00004_00030_00010_png.rf.c35b9a70b784be1bcd6b28d9ac1e12f5.jpg,11,0.5381854772567749,0.4963020086288452,0.590000331401825,0.5845571756362915,0.9670639634132385
00004_00032_00009_png.rf.ea892d563594cad9d6d9ae8e8c9e9780.jpg,11,0.5146392583847046,0.49771037697792053,0.5950489044189453,0.5859436392784119,0.9694869518280029
00004_00035_00005_png.rf.b222e7d3ff032a58afdfb10ad73d6911.jpg,11,0.5245213508605957,0.5166578888893127,0.5495805740356445,0.5426127314567566,0.9735112190246582
00004_00035_00005_png.rf.b222e7d3ff032a58afdfb10ad73d6911.jpg,0,0.8485430479049683,0.48346930742263794,0.3011699914932251,0.9602662324905396,0.0019884032662957907
00004_00036_00014_png.rf.de499ca97d9e6307ab9f8e859dd43336.jpg,11,0.5206602811813354,0.5215527415275574,0.6691519021987915,0.6906071901321411,0.9707627892494202
00004_00036_00014_png.rf.de499ca97d9e6307ab9f8e859dd43336.jpg,1,0.34815818071365356,0.015729237347841263,0.06000962480902672,0.031458474695682526,0.0017308638198301196
00004_00036_00014_png.rf.de499ca97d9e6307ab9f8e859dd43336.jpg,0,0.9860172271728516,0.5420764088630676,0.027965545654296875,0.1979619860649109,0.0010593432234600186
00004_00036_00029_png.rf.f55502d5bebf262101364b930e187143.jpg,11,0.50586998462677,0.5053430795669556,0.7992672324180603,0.7988856434822083,0.9727619886398315
00004_00037_00007_png.rf.223e842f5027e61ac59e32979ca930d6.jpg,11,0.5310469269752502,0.5140705108642578,0.5644675493240356,0.5549243092536926,0.9699952602386475
00004_00038_00011_png.rf.e8a8cb47ee1d09d447e63dd630056862.jpg,11,0.504900336265564,0.4901474118232727,0.5338630676269531,0.5567302107810974,0.9646495580673218
00004_00038_00016_png.rf.91ed21fee2978def3dd315ee735fc1c0.jpg,11,0.5232357978820801,0.48994365334510803,0.5906063318252563,0.6291935443878174,0.9599013924598694
00004_00038_00023_png.rf.d7f850098ec568f71506f85f920d6eb3.jpg,11,0.49381017684936523,0.5133889317512512,0.6797211766242981,0.6972869038581848,0.9635586738586426
00004_00039_00028_png.rf.b088fe4f42e92367b13ca2fe401844ac.jpg,11,0.5171502232551575,0.4933089017868042,0.7682339549064636,0.758807897567749,0.9593191742897034
00004_00044_00016_png.rf.21f8e05be871f651648f89b58c3f20c7.jpg,11,0.5248734354972839,0.5113319754600525,0.6755530834197998,0.6677603125572205,0.9637764692306519
00004_00046_00013_png.rf.6c04ac5c1dc478a3d929f9f1446d90b0.jpg,11,0.5177289247512817,0.5137123465538025,0.6632813811302185,0.6331282258033752,0.9591068029403687
00004_00049_00008_png.rf.92e7b20cb3ae99c683fc6a1a09ce836b.jpg,11,0.5391205549240112,0.5100557804107666,0.5631141662597656,0.5474266409873962,0.9766653776168823
00004_00050_00020_png.rf.5b1bab0bf6b9284c2c1cffcbe35b12ed.jpg,11,0.5030664205551147,0.5273748636245728,0.6239997148513794,0.6234197616577148,0.9644257426261902
00004_00052_00006_png.rf.17e668414f18071d605e3327513528de.jpg,11,0.5511351227760315,0.5508198142051697,0.5517741441726685,0.5211859345436096,0.9741554856300354
00004_00052_00006_png.rf.17e668414f18071d605e3327513528de.jpg,0,0.6461946964263916,0.16002212464809418,0.6810769438743591,0.31999319791793823,0.0012159066973254085
00004_00052_00016_png.rf.bfe7cf72a069a7a4347a21a300041156.jpg,11,0.5359697937965393,0.5011461973190308,0.6041117310523987,0.6010779142379761,0.9637492299079895
00004_00059_00010_png.rf.501920c3ea0f3537120f7b2835fcdc82.jpg,11,0.5012146234512329,0.5181294083595276,0.6139418482780457,0.6303844451904297,0.9743636846542358
00004_00060_00021_png.rf.eb99d667b724b14132452c88d3674738.jpg,11,0.5163466930389404,0.5283699631690979,0.671683669090271,0.6947892904281616,0.9710201621055603
00005_00000_00019_png.rf.fb70e266857ce9ceea9b772edb452ab4.jpg,12,0.5237916707992554,0.5277475714683533,0.6634438037872314,0.6736563444137573,0.986647367477417
00005_00001_00016_png.rf.da02434245fde3214475aa75e6d4e2b6.jpg,12,0.511502742767334,0.5582703351974487,0.5755492448806763,0.6175196170806885,0.9735899567604065
00005_00003_00012_png.rf.77d9df57d17122641644da65c80d2f0e.jpg,12,0.5264942049980164,0.5438032150268555,0.6280986070632935,0.649061918258667,0.9593811631202698
00005_00004_00005_png.rf.53f4cde1da9ac0094d8c0d9fd968beb1.jpg,12,0.5540875792503357,0.538680911064148,0.6223412156105042,0.6084193587303162,0.9696515798568726
00005_00012_00025_png.rf.f8b1c97fbb9d575b38ad20cb4fc6e3b3.jpg,12,0.5133898258209229,0.509763777256012,0.768458366394043,0.7674567103385925,0.9939701557159424
00005_00014_00005_png.rf.0e24dd3583d580dadb9d69e73a08e78c.jpg,12,0.483203262090683,0.5061774253845215,0.5604468584060669,0.5940110683441162,0.9806041717529297
00005_00014_00005_png.rf.0e24dd3583d580dadb9d69e73a08e78c.jpg,10,0.4927918016910553,0.9435986876487732,0.5228172540664673,0.11060604453086853,0.006450932007282972
00005_00014_00005_png.rf.0e24dd3583d580dadb9d69e73a08e78c.jpg,11,0.4959079623222351,0.940476655960083,0.5114244818687439,0.11756669729948044,0.001418781466782093
00005_00014_00017_png.rf.ed92831e745be7167ec08c3f6d416b7d.jpg,12,0.5151928067207336,0.49042096734046936,0.6600567102432251,0.686561644077301,0.9888421297073364
00005_00016_00001_png.rf.fabe47d765e1b050e861dbb93b32167e.jpg,12,0.5376854538917542,0.5360997319221497,0.5599357485771179,0.5644398331642151,0.982510507106781
00005_00044_00001_png.rf.b18c5a51d57be6cfa719c741ecba5d63.jpg,12,0.524831235408783,0.5232357382774353,0.5782966017723083,0.6385420560836792,0.9850886464118958
00005_00056_00008_png.rf.ce009bd4c68dbecc1d8f76f80550034d.jpg,12,0.523005485534668,0.537822961807251,0.6148109436035156,0.6258510947227478,0.9752468466758728
00005_00056_00012_png.rf.1125a7436050023f0b75206acb088f2a.jpg,12,0.49763375520706177,0.5241946578025818,0.6022974848747253,0.6197274327278137,0.9683038592338562
000069_jpg.rf.24da8297fff40a7760a8751ac763b821.jpg,7,0.4400912821292877,0.45375993847846985,0.32390353083610535,0.5029348731040955,0.9435778260231018
000069_jpg.rf.24da8297fff40a7760a8751ac763b821.jpg,9,0.5038205981254578,0.14535237848758698,0.023041725158691406,0.06673841178417206,0.013141526840627193
000069_jpg.rf.24da8297fff40a7760a8751ac763b821.jpg,5,0.4973105192184448,0.1456451565027237,0.02008819580078125,0.0708264410495758,0.004725850187242031
000069_jpg.rf.24da8297fff40a7760a8751ac763b821.jpg,4,0.6289783120155334,0.3839718699455261,0.7353728413581848,0.7679437398910522,0.004454448819160461
000069_jpg.rf.24da8297fff40a7760a8751ac763b821.jpg,9,0.4976608157157898,0.1455315798521042,0.01993274688720703,0.06661676615476608,0.00374157028272748
000076_jpg.rf.0066537c077a3d460d354c5de1fef980.jpg,7,0.6046350002288818,0.43604570627212524,0.1462351679801941,0.2011939138174057,0.9499685764312744
000076_jpg.rf.0066537c077a3d460d354c5de1fef980.jpg,8,0.3892245292663574,0.47142159938812256,0.02894049510359764,0.04456175118684769,0.007325871381908655
000076_jpg.rf.0066537c077a3d460d354c5de1fef980.jpg,1,0.23232632875442505,0.9555197954177856,0.0899864137172699,0.04019737243652344,0.0011463353876024485
000076_jpg.rf.0066537c077a3d460d354c5de1fef980.jpg,9,0.39096349477767944,0.4732693135738373,0.025665465742349625,0.04828959330916405,0.0011462457478046417
000076_jpg.rf.0066537c077a3d460d354c5de1fef980.jpg,1,0.33392107486724854,0.9570316076278687,0.07214755564928055,0.04311943054199219,0.0010077020851895213
000079_jpg.rf.4f001472f7893131e04b4bc151a1bbe6.jpg,7,0.4823274314403534,0.42666101455688477,0.4409925639629364,0.6190475225448608,0.9568302035331726
00007_00002_00021_png.rf.3e8282102bcbc3465886670d060ce78f.jpg,3,0.5171841382980347,0.5219625234603882,0.7621065378189087,0.7696932554244995,0.9879790544509888
00007_00016_00010_png.rf.06129e0dcd04b8601e57009dce36f893.jpg,3,0.5289591550827026,0.5062566995620728,0.6416826844215393,0.6415411829948425,0.9872457981109619
00007_00024_00027_png.rf.566faa37c8dd33d7cd4145572d744276.jpg,3,0.5051197409629822,0.5158705115318298,0.7404444813728333,0.7397692799568176,0.9734848737716675
00007_00027_00020_png.rf.1c1be801a97cd5152cb9bcceaf08f5cd.jpg,3,0.5101805925369263,0.5101673603057861,0.7236664295196533,0.7091309428215027,0.9880195260047913
00007_00028_00022_png.rf.6c2e0f03a47cf5fa2fabb3ecec47124a.jpg,3,0.5376916527748108,0.5312110185623169,0.7082169055938721,0.7570798397064209,0.9873671531677246
00007_00029_00014_png.rf.cc543e257165aa17476435f594aa76d1.jpg,3,0.5316183567047119,0.5104496479034424,0.6630232930183411,0.6678298115730286,0.9831094145774841
00007_00033_00014_png.rf.73a43aaa12af693eff052e2fb710db31.jpg,3,0.5623264908790588,0.5206409096717834,0.6237145066261292,0.652859628200531,0.9790874719619751
00007_00040_00020_png.rf.845babcc2b4638d89980330cf6c5bcb2.jpg,3,0.5152212381362915,0.5070320963859558,0.6412592530250549,0.6521694660186768,0.9852567315101624
00007_00040_00027_png.rf.8479c71333ccd871fbed5311de8ceaf8.jpg,3,0.5299133658409119,0.5160020589828491,0.6808731555938721,0.6837203502655029,0.9826447367668152
00007_00040_00027_png.rf.8479c71333ccd871fbed5311de8ceaf8.jpg,1,0.36293986439704895,0.022264007478952408,0.19739553332328796,0.044528014957904816,0.0061029396019876
00007_00040_00027_png.rf.8479c71333ccd871fbed5311de8ceaf8.jpg,1,0.3633468449115753,0.014045361429452896,0.17883029580116272,0.027052514255046844,0.00252980412915349
00007_00040_00027_png.rf.8479c71333ccd871fbed5311de8ceaf8.jpg,0,0.37159937620162964,0.012811989523470402,0.1897713541984558,0.024691959843039513,0.0015352637274190784
00007_00041_00000_png.rf.45f1f53954863a0d12d1cd00c092939b.jpg,3,0.5518383383750916,0.5409342050552368,0.552187442779541,0.5624549984931946,0.9355037808418274
00007_00041_00002_png.rf.02df629489fd7c902fdbd6c1dd2f78ae.jpg,3,0.5440290570259094,0.5247604846954346,0.5477540493011475,0.5519015789031982,0.9406530857086182
00007_00042_00000_png.rf.b6fa9ef6ce63f92b01992d4ea8d63f5a.jpg,3,0.5051868557929993,0.5205471515655518,0.5879520177841187,0.5725276470184326,0.9484124779701233
00007_00043_00010_png.rf.b292148f880510d6254fec1a3d3bed44.jpg,3,0.5130255818367004,0.5194631814956665,0.606296181678772,0.6018769145011902,0.9828866124153137
00007_00043_00010_png.rf.b292148f880510d6254fec1a3d3bed44.jpg,0,0.9004312753677368,0.49900054931640625,0.19913753867149353,0.7825809121131897,0.0012483246391639113
000080_jpg.rf.254656b428b79e343e536f6ee51a24fc.jpg,7,0.7330208420753479,0.3719031512737274,0.343749076128006,0.482052206993103,0.9665298461914062
000086_jpg.rf.b654137b1cae075367f483dd2b5bac85.jpg,7,0.31959068775177,0.484653502702713,0.434916615486145,0.5950704216957092,0.9545834064483643
00008_00003_00002_png.rf.70816dfa48b29ed84d1abcb9bb09bf70.jpg,5,0.5669934749603271,0.5386154055595398,0.5280622839927673,0.5231693983078003,0.8390672206878662
00008_00003_00002_png.rf.70816dfa48b29ed84d1abcb9bb09bf70.jpg,10,0.5562343001365662,0.9386586546897888,0.5228782892227173,0.12068139761686325,0.02278008870780468
00008_00003_00002_png.rf.70816dfa48b29ed84d1abcb9bb09bf70.jpg,11,0.5709831714630127,0.9336116313934326,0.5452412962913513,0.132096067070961,0.010125621221959591
00008_00003_00002_png.rf.70816dfa48b29ed84d1abcb9bb09bf70.jpg,1,0.5892015099525452,0.31710925698280334,0.41237351298332214,0.10192462056875229,0.006993608549237251
00008_00003_00002_png.rf.70816dfa48b29ed84d1abcb9bb09bf70.jpg,0,0.5840719938278198,0.3008430600166321,0.43394309282302856,0.0768778845667839,0.002179609378799796
00008_00004_00016_png.rf.3ba26e964ab9827715594ec40609937e.jpg,5,0.5182689428329468,0.5232206583023071,0.644149124622345,0.6967604756355286,0.9541664719581604
00008_00005_00014_png.rf.31eccab502c0a10e9e32f0718618105e.jpg,5,0.5209313035011292,0.5084392428398132,0.6714578866958618,0.6604942083358765,0.9631837606430054
00008_00006_00026_png.rf.cb433297defc6e2a91fd89685c39f39f.jpg,5,0.5188595056533813,0.5411491990089417,0.6966394186019897,0.7158785462379456,0.9562903046607971
00008_00007_00009_png.rf.8289199643586993b107ff888e950eab.jpg,5,0.5925449132919312,0.52097487449646,0.5835407972335815,0.5879853367805481,0.9378875494003296
00008_00007_00009_png.rf.8289199643586993b107ff888e950eab.jpg,10,0.5837368965148926,0.9402332901954651,0.5817034244537354,0.1174989864230156,0.005142503418028355
00008_00007_00009_png.rf.8289199643586993b107ff888e950eab.jpg,3,0.5989412665367126,0.9354638457298279,0.5499147176742554,0.12738323211669922,0.0028130782302469015
00008_00007_00010_png.rf.d2dc382f864442f6d8551cc9f41e0bc7.jpg,5,0.5675015449523926,0.5180339813232422,0.5876061916351318,0.5923538208007812,0.9447780847549438
00008_00007_00010_png.rf.d2dc382f864442f6d8551cc9f41e0bc7.jpg,10,0.5649951696395874,0.9450900554656982,0.5938854217529297,0.10732577741146088,0.005018599331378937
00008_00009_00012_png.rf.fa47f1ade7b6ffafc8c23e106e4ec0a9.jpg,5,0.5167455673217773,0.5159390568733215,0.5850294828414917,0.596388578414917,0.9533507823944092
00008_00009_00012_png.rf.fa47f1ade7b6ffafc8c23e106e4ec0a9.jpg,10,0.5256720185279846,0.9369760751724243,0.5647361278533936,0.12455669045448303,0.1837780624628067
00008_00009_00012_png.rf.fa47f1ade7b6ffafc8c23e106e4ec0a9.jpg,10,0.5377264618873596,0.866332471370697,0.5946375131607056,0.2627969980239868,0.0021075988188385963
00008_00011_00006_png.rf.416887ff8fd6e24fc585ce1838c632a4.jpg,5,0.5022090077400208,0.5382446050643921,0.5432050228118896,0.5554110407829285,0.9660467505455017
00008_00011_00006_png.rf.416887ff8fd6e24fc585ce1838c632a4.jpg,10,0.502242386341095,0.9428189992904663,0.5253517627716064,0.11268850415945053,0.018960272893309593
00008_00012_00022_png.rf.a76810c64a1c1a3def5cc808bb562890.jpg,5,0.51629638671875,0.5149763822555542,0.7189706563949585,0.7256500720977783,0.9700598120689392
00008_00014_00012_png.rf.a62ba5f792b061df92e0177a04931c7b.jpg,5,0.5099088549613953,0.5244792699813843,0.6521033644676208,0.6135927438735962,0.9120284914970398
00008_00019_00004_png.rf.b716b893116e783e1bd33e79d972b5ae.jpg,5,0.5369246602058411,0.5437781810760498,0.5757821798324585,0.5957939028739929,0.9599434733390808
00008_00020_00007_png.rf.956ee64b06ed8ea4354a07ebb0c979a1.jpg,5,0.5351738929748535,0.533004641532898,0.56078040599823,0.5775588154792786,0.9583635330200195
00008_00020_00015_png.rf.1815b3c75c86dd9d26141470c0c8542b.jpg,5,0.5177189111709595,0.518073320388794,0.5238953232765198,0.5360843539237976,0.9605686068534851
00008_00034_00008_png.rf.811d6bdaab24c4e03281dd023835def5.jpg,5,0.5322186350822449,0.5002183318138123,0.5934966802597046,0.5798481106758118,0.9561768174171448
00008_00034_00008_png.rf.811d6bdaab24c4e03281dd023835def5.jpg,10,0.5409374833106995,0.9190192818641663,0.5767587423324585,0.1619614064693451,0.16250748932361603
00008_00034_00008_png.rf.811d6bdaab24c4e03281dd023835def5.jpg,10,0.5183184146881104,0.8679511547088623,0.5974614024162292,0.264097660779953,0.04766329005360603
00008_00034_00008_png.rf.811d6bdaab24c4e03281dd023835def5.jpg,11,0.5476429462432861,0.9177767038345337,0.593659520149231,0.1639690399169922,0.0030268258415162563
00008_00043_00018_png.rf.cb403d912587a88325e095df6ab3f1df.jpg,5,0.5267409086227417,0.5489540696144104,0.6394098997116089,0.6949182152748108,0.9737555384635925
00008_00043_00018_png.rf.cb403d912587a88325e095df6ab3f1df.jpg,11,0.5403554439544678,0.9694538712501526,0.47832542657852173,0.054187774658203125,0.0025061997584998608
00008_00045_00006_png.rf.04585cc625839dc38c94a4357ec9d19c.jpg,5,0.523395299911499,0.5158910155296326,0.6136223673820496,0.6408169865608215,0.9513878226280212
00008_00046_00015_png.rf.fca28beca2d7c7a733ca865755be6dbc.jpg,5,0.5334659814834595,0.5143260955810547,0.6587381958961487,0.6691719889640808,0.972027063369751
00008_00046_00015_png.rf.fca28beca2d7c7a733ca865755be6dbc.jpg,0,0.7073293924331665,0.5173404216766357,0.03523525968194008,0.16762715578079224,0.0028202838730067015
000091_jpg.rf.9762d3529d876b77e9d99aa8027e449c.jpg,7,0.4723103642463684,0.49475425481796265,0.5354522466659546,0.7927977442741394,0.9695846438407898
000091_jpg.rf.9762d3529d876b77e9d99aa8027e449c.jpg,1,0.4433744251728058,0.8699284791946411,0.11177293956279755,0.08843517303466797,0.0021997487638145685
000099_jpg.rf.cc64c31e94947e188ec07796f1f590a2.jpg,7,0.653775155544281,0.40050745010375977,0.43299511075019836,0.7823750972747803,0.9721036553382874
000100_jpg.rf.8948ed8c132dae637b8dde18d0c5be7b.jpg,9,0.7230383157730103,0.2256888747215271,0.16141949594020844,0.21046723425388336,0.9829680323600769
000100_jpg.rf.8948ed8c132dae637b8dde18d0c5be7b.jpg,1,0.5959568619728088,0.021744821220636368,0.05068463459610939,0.04132121801376343,0.0021202596835792065
000117_jpg.rf.c63f6b715b912a6e219500db2c4dd6fc.jpg,9,0.3950289189815521,0.45011407136917114,0.29286301136016846,0.19228877127170563,0.985889196395874
000121_jpg.rf.c26ea4c0be18ece889414f12976c49f2.jpg,9,0.502560555934906,0.2529694736003876,0.23992754518985748,0.3494548797607422,0.993347704410553
000129_jpg.rf.549b104a7fd5f8171f046d77ca7ddae7.jpg,9,0.6501289010047913,0.5305153727531433,0.5371618270874023,0.5568751096725464,0.9837782382965088
000130_jpg.rf.21da097324e3450bb8ab634399961e84.jpg,9,0.4928398132324219,0.368618905544281,0.24084718525409698,0.15880106389522552,0.9606285095214844
000130_jpg.rf.21da097324e3450bb8ab634399961e84.jpg,8,0.43525826930999756,0.007585803046822548,0.061659812927246094,0.014846567995846272,0.0023840770591050386
000130_jpg.rf.21da097324e3450bb8ab634399961e84.jpg,1,0.2805931270122528,0.0076229749247431755,0.14940546452999115,0.015220995992422104,0.0013619939563795924
000132_jpg.rf.6da2ad3a8754fb97cfa5a54b1fa794dd.jpg,9,0.35687094926834106,0.3013087809085846,0.2215530276298523,0.19121810793876648,0.9839336276054382
000145_jpg.rf.e37be0ff8c6d10e897956e8599346f71.jpg,9,0.49560898542404175,0.38557401299476624,0.7918511629104614,0.49956753849983215,0.9900494813919067
000147_jpg.rf.bca55a14814a6d3a2554145932eb5490.jpg,9,0.5150313973426819,0.15712040662765503,0.3631860017776489,0.14685294032096863,0.9320421814918518
000147_jpg.rf.bca55a14814a6d3a2554145932eb5490.jpg,14,0.3912034034729004,0.15872089564800262,0.14329081773757935,0.13544781506061554,0.0015195284504443407
00014_00001_00006_png.rf.98b02c00237d76518ece14a1bdc194e9.jpg,14,0.5115147829055786,0.5166517496109009,0.6401367783546448,0.6496423482894897,0.932252049446106
00014_00001_00009_png.rf.e13fd9f6dce4c523d54929047f528a21.jpg,14,0.5151081681251526,0.5193527936935425,0.675654947757721,0.6879961490631104,0.927072286605835
00014_00001_00009_png.rf.e13fd9f6dce4c523d54929047f528a21.jpg,1,0.5558401346206665,0.0403415784239769,0.018811997026205063,0.0806831568479538,0.0010171361500397325
00014_00001_00011_png.rf.3484d601f5012f5329eece492b0e69fa.jpg,14,0.5277818441390991,0.5263928771018982,0.6973717212677002,0.7397693395614624,0.928712010383606
00014_00001_00019_png.rf.b23da2fc3bd75fcd44441c5f1e724952.jpg,14,0.5210583209991455,0.5118001699447632,0.7998712062835693,0.8113919496536255,0.9231005311012268
00014_00001_00019_png.rf.b23da2fc3bd75fcd44441c5f1e724952.jpg,6,0.272291898727417,0.7531903982162476,0.28994137048721313,0.4219914972782135,0.0012487854110077024
00014_00002_00029_png.rf.39fe8d27d845bd7b01172c8fe6e4f766.jpg,14,0.5122917890548706,0.5050943493843079,0.7666788697242737,0.7961288690567017,0.9331983923912048
00014_00003_00001_png.rf.54c82cd619fe6dfe68ff0e9d0de201bd.jpg,14,0.53385990858078,0.523077130317688,0.6842168569564819,0.7005297541618347,0.9386371970176697
00014_00003_00007_png.rf.4a4b5bfabfe079ec34b2bf1142a0461b.jpg,14,0.5170983076095581,0.4929681122303009,0.7452785968780518,0.7647244334220886,0.9301853775978088
00014_00003_00009_png.rf.1e49e9f368c48bc8051b5d9f131171c3.jpg,14,0.5331188440322876,0.5131754279136658,0.7434941530227661,0.7788832783699036,0.9315197467803955
00014_00003_00009_png.rf.1e49e9f368c48bc8051b5d9f131171c3.jpg,1,0.8247610330581665,0.026020102202892303,0.21430301666259766,0.05204020440578461,0.0029484268743544817
00014_00003_00009_png.rf.1e49e9f368c48bc8051b5d9f131171c3.jpg,0,0.8252171874046326,0.016869820654392242,0.17069530487060547,0.03271946310997009,0.0010408840607851744
00014_00004_00010_png.rf.d35020e5fb797eed8b025b0dca4fe434.jpg,14,0.5145395994186401,0.5364277958869934,0.7412286400794983,0.7186280488967896,0.927264928817749
00014_00004_00020_png.rf.e3b35f3ca153fde99af4db4a67d2a564.jpg,14,0.5158418416976929,0.5171270966529846,0.7923222780227661,0.7824130654335022,0.9336733818054199
00014_00005_00004_png.rf.a5fc79eb6e949f3b096df8ccc70d188f.jpg,14,0.5196497440338135,0.5244134664535522,0.7608537673950195,0.7762588858604431,0.9393786191940308
00014_00005_00025_png.rf.297d8a9543fcea575965086bb06f4890.jpg,14,0.5110442638397217,0.5158286690711975,0.8090893626213074,0.8148304224014282,0.9447917938232422
00014_00005_00025_png.rf.297d8a9543fcea575965086bb06f4890.jpg,0,0.1462809443473816,0.9650703072547913,0.030360708013176918,0.06985935568809509,0.0010960595682263374
00014_00006_00015_png.rf.5cb649de18ff690e33a86445aca080dd.jpg,14,0.5335572957992554,0.525432288646698,0.7111434936523438,0.7310503721237183,0.9303474426269531
00014_00007_00002_png.rf.280a89db2cae24714734ae7f443731ba.jpg,14,0.5108551979064941,0.5113149881362915,0.6095564365386963,0.6165689826011658,0.9234514236450195
00014_00007_00006_png.rf.d3261be1ac6d7605e46470fb8e4940f4.jpg,14,0.5143834352493286,0.51250159740448,0.6439962983131409,0.6551875472068787,0.9272136092185974
00014_00007_00013_png.rf.bd8b36832e03b17e904c7a1a33f8937e.jpg,14,0.5238340497016907,0.5202475190162659,0.7336879968643188,0.754257321357727,0.9359998106956482
00014_00007_00013_png.rf.bd8b36832e03b17e904c7a1a33f8937e.jpg,1,0.19305747747421265,0.024434391409158707,0.018489690497517586,0.04886878281831741,0.0012930483790114522
00014_00008_00004_png.rf.ce893afcdfcca67343de52c60d510a98.jpg,14,0.5386248230934143,0.5407211780548096,0.6171359419822693,0.6703469753265381,0.9389594197273254
00014_00008_00013_png.rf.a9f7b30283b689f1a5808560a69c0f7c.jpg,14,0.5059070587158203,0.5215175151824951,0.6803869009017944,0.7109165191650391,0.9394029378890991
00014_00008_00028_png.rf.41dc94b1892472b66d391791d753bb84.jpg,14,0.5087334513664246,0.5079766511917114,0.817227303981781,0.7877118587493896,0.9300129413604736
00014_00009_00009_png.rf.b4d1b6a8d582e147ba85747dd85cc451.jpg,14,0.5349177718162537,0.5208591818809509,0.6426827311515808,0.6412347555160522,0.9365665316581726
00014_00009_00009_png.rf.b4d1b6a8d582e147ba85747dd85cc451.jpg,1,0.3335609436035156,0.01870984211564064,0.16489484906196594,0.037227336317300797,0.0029655301477760077
00014_00009_00009_png.rf.b4d1b6a8d582e147ba85747dd85cc451.jpg,1,0.3506086766719818,0.014208456501364708,0.13733842968940735,0.02692839317023754,0.0017825509421527386
00014_00009_00014_png.rf.5998ff1f31bd52e787eaa23bb04f06d2.jpg,14,0.512625515460968,0.5146177411079407,0.7466186285018921,0.7453852891921997,0.9398259520530701
00014_00009_00022_png.rf.c59286af8197704e8e88c3efdbf7b9d5.jpg,14,0.5271690487861633,0.506071150302887,0.81955885887146,0.8314744234085083,0.9305362105369568
00014_00009_00022_png.rf.c59286af8197704e8e88c3efdbf7b9d5.jpg,14,0.06712337583303452,0.5070414543151855,0.13230054080486298,0.8546891808509827,0.011922653764486313
00014_00009_00022_png.rf.c59286af8197704e8e88c3efdbf7b9d5.jpg,0,0.06748808920383453,0.4917636513710022,0.13497525453567505,0.895816445350647,0.002347348490729928
00014_00010_00014_png.rf.3f9712dbd32c574c45bf9dbb8517dd9f.jpg,14,0.5192159414291382,0.5349970459938049,0.7887485027313232,0.7882855534553528,0.9347231984138489
00014_00010_00017_png.rf.10f5ad5e297030721e4521481f8ca702.jpg,14,0.5082135796546936,0.5220429301261902,0.7818089723587036,0.7699986696243286,0.938799262046814
00014_00011_00027_png.rf.c81a4600612fc1eb5cc21661de7ef62b.jpg,14,0.5020323991775513,0.5005136132240295,0.7900986075401306,0.7867454290390015,0.9336970448493958
00014_00012_00028_png.rf.7e4a7979b1766d76ca5628991607b48c.jpg,14,0.5227198600769043,0.5229955911636353,0.7829328179359436,0.7903576493263245,0.9365988969802856
00014_00013_00000_png.rf.230606f2f715a2bde5a237acafa3604b.jpg,14,0.5009561777114868,0.574512779712677,0.647216796875,0.4812055826187134,0.8923885822296143
00014_00013_00000_png.rf.230606f2f715a2bde5a237acafa3604b.jpg,1,0.49669361114501953,0.5724942088127136,0.6812641620635986,0.48546311259269714,0.0021829584147781134
00014_00013_00001_png.rf.e01f34bee93788d71a9ca127de49b201.jpg,14,0.5161107778549194,0.5132592916488647,0.5620467066764832,0.5389227867126465,0.9337674379348755
00014_00013_00001_png.rf.e01f34bee93788d71a9ca127de49b201.jpg,0,0.5646639466285706,0.023441020399332047,0.44381406903266907,0.04688204079866409,0.008902047760784626
00014_00013_00003_png.rf.774d46f2b5700aec9e78f1959fd3030f.jpg,14,0.5108137130737305,0.534656286239624,0.6150619983673096,0.6031594276428223,0.945206880569458
00014_00013_00003_png.rf.774d46f2b5700aec9e78f1959fd3030f.jpg,0,0.7244564890861511,0.018018478527665138,0.3301141858100891,0.03553522750735283,0.022149525582790375
00014_00013_00003_png.rf.774d46f2b5700aec9e78f1959fd3030f.jpg,1,0.7031450867652893,0.019505314528942108,0.28580549359321594,0.038566555827856064,0.00794235896319151
00014_00013_00003_png.rf.774d46f2b5700aec9e78f1959fd3030f.jpg,1,0.650945246219635,0.02591097541153431,0.19240206480026245,0.05182195082306862,0.001614213571883738
00014_00022_00002_png.rf.067f3be88afec79842f718b26732c307.jpg,14,0.5267022252082825,0.49356669187545776,0.6433840394020081,0.6490488052368164,0.9290622472763062
00014_00023_00018_png.rf.7f4df748842e9a2b90d343c5612ff812.jpg,14,0.518013060092926,0.5123326778411865,0.7538772821426392,0.7548359632492065,0.9389577507972717
00014_00024_00018_png.rf.1b7a484113cbc1f29d56a8f50156948a.jpg,14,0.5204567313194275,0.528998851776123,0.7547515630722046,0.7393178939819336,0.9340770840644836
000163_jpg.rf.55c9537881a01c071eb6c3b46008b884.jpg,9,0.1874963343143463,0.1450098156929016,0.33632373809814453,0.2816369831562042,0.9923744797706604
000163_jpg.rf.55c9537881a01c071eb6c3b46008b884.jpg,1,0.83481365442276,0.03658207505941391,0.07663954049348831,0.0402129627764225,0.004239835310727358
000163_jpg.rf.55c9537881a01c071eb6c3b46008b884.jpg,0,0.4979153275489807,0.014602167531847954,0.22735357284545898,0.02897460386157036,0.002510768361389637
000163_jpg.rf.55c9537881a01c071eb6c3b46008b884.jpg,0,0.6676797866821289,0.27359166741371155,0.6480720043182373,0.5459515452384949,0.001098156557418406
000163_jpg.rf.55c9537881a01c071eb6c3b46008b884.jpg,0,0.8352905511856079,0.00881673488765955,0.10177876055240631,0.0176334697753191,0.00101049046497792
000166_jpg.rf.f37d1c743a28243f0e0f2482f2a67290.jpg,9,0.5039623975753784,0.47724929451942444,0.36912801861763,0.625228762626648,0.9867728352546692
000174_jpg.rf.4f68fb9dc24d6b51af78e847b1e30c10.jpg,9,0.6044191122055054,0.3964956998825073,0.28063327074050903,0.41607820987701416,0.9858288764953613
000174_jpg.rf.4f68fb9dc24d6b51af78e847b1e30c10.jpg,1,0.23339170217514038,0.9560493230819702,0.0868557021021843,0.04144243150949478,0.0027351181488484144
000174_jpg.rf.4f68fb9dc24d6b51af78e847b1e30c10.jpg,1,0.34078532457351685,0.9573956727981567,0.0868009626865387,0.043689362704753876,0.0013146763667464256
000175_jpg.rf.3690880bd7e62c2260306322a3762cc7.jpg,9,0.6048163175582886,0.4030281901359558,0.27987879514694214,0.42174088954925537,0.9848968982696533
000178_jpg.rf.0b4d8766b1bfcd897098e2f8b9bbe5d1.jpg,9,0.4758092761039734,0.5053710341453552,0.7643009424209595,0.5434090495109558,0.9828273057937622
000191_jpg.rf.055356915ad47ae7e1c0ded839d6c748.jpg,9,0.6877270936965942,0.4187822937965393,0.35740774869918823,0.5165784358978271,0.990912675857544
000193_jpg.rf.334b364417849eb38db4d2275dc85838.jpg,9,0.4962286949157715,0.34938162565231323,0.65450119972229,0.43335628509521484,0.9901120066642761
000193_jpg.rf.334b364417849eb38db4d2275dc85838.jpg,0,0.641700029373169,0.9823106527328491,0.015343739651143551,0.02011886052787304,0.004124297760426998
000198_jpg.rf.9f156753fda46dd6fe9848a1440afd1b.jpg,9,0.40758058428764343,0.45950719714164734,0.24822798371315002,0.38507187366485596,0.9926207065582275
000198_jpg.rf.9f156753fda46dd6fe9848a1440afd1b.jpg,0,0.05826839059591293,0.014688676223158836,0.03718903288245201,0.028795478865504265,0.013517814688384533
000198_jpg.rf.9f156753fda46dd6fe9848a1440afd1b.jpg,0,0.04760551080107689,0.013669166713953018,0.04445547237992287,0.026268264278769493,0.012948622927069664
000198_jpg.rf.9f156753fda46dd6fe9848a1440afd1b.jpg,0,0.6582731604576111,0.9828773140907288,0.01941959746181965,0.03144550323486328,0.0035689487121999264
000198_jpg.rf.9f156753fda46dd6fe9848a1440afd1b.jpg,0,0.8455015420913696,0.9780579209327698,0.010515579953789711,0.02918008714914322,0.0027406029403209686
000198_jpg.rf.9f156753fda46dd6fe9848a1440afd1b.jpg,0,0.7689234018325806,0.4204489588737488,0.07301682978868484,0.03128359839320183,0.0025419851299375296
000198_jpg.rf.9f156753fda46dd6fe9848a1440afd1b.jpg,0,0.5266717672348022,0.9831626415252686,0.10532474517822266,0.032550446689128876,0.002015025820583105
000198_jpg.rf.9f156753fda46dd6fe9848a1440afd1b.jpg,0,0.7844024300575256,0.41477999091148376,0.03898319974541664,0.043921176344156265,0.0014790587592869997
000198_jpg.rf.9f156753fda46dd6fe9848a1440afd1b.jpg,0,0.7928375005722046,0.9841879606246948,0.020265432074666023,0.02845492772758007,0.0012358810054138303
000198_jpg.rf.9f156753fda46dd6fe9848a1440afd1b.jpg,0,0.06325817108154297,0.1508684754371643,0.011996663175523281,0.03488464653491974,0.0011116056703031063
000198_jpg.rf.9f156753fda46dd6fe9848a1440afd1b.jpg,0,0.5101683139801025,0.011609766632318497,0.03727351874113083,0.022789765149354935,0.0010956512996926904
000202_jpg.rf.7b9c03e897bab9b7a170deae87d31266.jpg,8,0.4511210024356842,0.23485949635505676,0.3379876911640167,0.19718509912490845,0.9754565358161926
000202_jpg.rf.7b9c03e897bab9b7a170deae87d31266.jpg,1,0.3506909906864166,0.9692278504371643,0.05814827233552933,0.036248207092285156,0.0012562331976369023
000204_jpg.rf.0ea9da72e384254681f268a305a35eb6.jpg,8,0.44994163513183594,0.5011916160583496,0.4560508728027344,0.5572656989097595,0.9051148295402527
000204_jpg.rf.0ea9da72e384254681f268a305a35eb6.jpg,1,0.3424060642719269,0.748550295829773,0.11974701285362244,0.15402904152870178,0.005297106225043535
000204_jpg.rf.0ea9da72e384254681f268a305a35eb6.jpg,1,0.3641201853752136,0.8227901458740234,0.1737995147705078,0.328579306602478,0.0034897595178335905
000204_jpg.rf.0ea9da72e384254681f268a305a35eb6.jpg,1,0.3236905634403229,0.729408323764801,0.10556892305612564,0.16561757028102875,0.002974123228341341
000204_jpg.rf.0ea9da72e384254681f268a305a35eb6.jpg,1,0.406789630651474,0.838677167892456,0.08378832042217255,0.3149649500846863,0.0012693722965195775
000216_jpg.rf.ba4ecb747ec69d54c3a1690dcf5f5b3a.jpg,8,0.46505752205848694,0.2773998975753784,0.38727569580078125,0.22847959399223328,0.980934202671051
000216_jpg.rf.ba4ecb747ec69d54c3a1690dcf5f5b3a.jpg,1,0.35167619585990906,0.969676673412323,0.05549955368041992,0.03742753714323044,0.0027928862255066633
000216_jpg.rf.ba4ecb747ec69d54c3a1690dcf5f5b3a.jpg,1,0.33504894375801086,0.9735541939735413,0.10064923018217087,0.046673040837049484,0.0010371068492531776
000220_jpg.rf.07bc310baa1bbe3fe3ba7117b874ff64.jpg,8,0.5167054533958435,0.36784255504608154,0.3938148617744446,0.25477907061576843,0.9827767610549927
000220_jpg.rf.07bc310baa1bbe3fe3ba7117b874ff64.jpg,0,0.8101133704185486,0.8706993460655212,0.37977319955825806,0.2415713518857956,0.0010125677799805999
000223_jpg.rf.dbc866e5b7c69cf418e6bcca0e66e50b.jpg,8,0.6458902955055237,0.4418186545372009,0.5875426530838013,0.759975790977478,0.9796675443649292
000223_jpg.rf.dbc866e5b7c69cf418e6bcca0e66e50b.jpg,5,0.1812160313129425,0.5020383596420288,0.358450710773468,0.9959233403205872,0.012786340899765491
000231_jpg.rf.71b28020e16b2c6b5aa86d24726609c8.jpg,8,0.5023329257965088,0.7824729681015015,0.21745872497558594,0.13955555856227875,0.9544137716293335
000238_jpg.rf.dd14162743767963400cffffaea73ac9.jpg,8,0.6386317610740662,0.49744611978530884,0.5904073119163513,0.9591604471206665,0.9876411557197571
000239_jpg.rf.9c2470be6d2e5443f4db1ababb992587.jpg,8,0.5191116333007812,0.3461105227470398,0.5707061290740967,0.4245256185531616,0.9904119372367859
000257_jpg.rf.6f63b8fd63b0d875247ba0e3d776bd4f.jpg,8,0.26394525170326233,0.21579791605472565,0.42742061614990234,0.27352374792099,0.9773788452148438
000261_jpg.rf.7c97ab6d968e742c9cc124edd2630e3c.jpg,8,0.5002692937850952,0.25757983326911926,0.44392460584640503,0.29272758960723877,0.9771705865859985
000267_jpg.rf.45d318ba9ef48ae9327bb408eb24438e.jpg,8,0.6639019250869751,0.4943912625312805,0.2853541970252991,0.18524551391601562,0.914865255355835
000267_jpg.rf.45d318ba9ef48ae9327bb408eb24438e.jpg,0,0.21915119886398315,0.16525530815124512,0.03745880350470543,0.039221618324518204,0.0011343726655468345
000282_jpg.rf.26ad0708d13674c6d8cfce6f6bd40cdb.jpg,8,0.49383002519607544,0.48031431436538696,0.8617408275604248,0.5538684725761414,0.9829347729682922
000286_jpg.rf.48a1be45c5db5656f2bacf687164c529.jpg,9,0.38117578625679016,0.48383527994155884,0.4582263231277466,0.8700529336929321,0.9154586791992188
000287_jpg.rf.a4143ed52df9779f0f27104daf6a8762.jpg,8,0.7611889243125916,0.3539779484272003,0.27557241916656494,0.33569061756134033,0.9584428668022156
000287_jpg.rf.a4143ed52df9779f0f27104daf6a8762.jpg,14,0.3415362238883972,0.46643513441085815,0.41220247745513916,0.5341403484344482,0.9405004978179932
000287_jpg.rf.a4143ed52df9779f0f27104daf6a8762.jpg,1,0.2303507924079895,0.955946683883667,0.08777722716331482,0.04109881445765495,0.0019047174137085676
000287_jpg.rf.a4143ed52df9779f0f27104daf6a8762.jpg,1,0.3403462767601013,0.9569976329803467,0.0850997343659401,0.042903535068035126,0.0010813294211402535
000288_jpg.rf.2764018cfc726e02916e1739c8f35b5e.jpg,8,0.4826616644859314,0.6601458191871643,0.4516153335571289,0.2837892174720764,0.9823275804519653
000289_jpg.rf.5bcff3507297a43a567fd64d593fd533.jpg,8,0.4942866563796997,0.2789677083492279,0.48475682735443115,0.3154226541519165,0.9806010127067566
000295_jpg.rf.3940d624bf6e15926480dad000dd8fa4.jpg,8,0.5343798398971558,0.713646650314331,0.5028759837150574,0.3458206057548523,0.9853715300559998
000300_jpg.rf.5013849426466f43fb71333c9d7e208b.jpg,10,0.29149073362350464,0.6774268746376038,0.24111661314964294,0.38058391213417053,0.9310961961746216
000300_jpg.rf.5013849426466f43fb71333c9d7e208b.jpg,13,0.9959315061569214,0.8135565519332886,0.007805824279785156,0.03128866106271744,0.061930060386657715
000300_jpg.rf.5013849426466f43fb71333c9d7e208b.jpg,0,0.2443360984325409,0.2638532519340515,0.03358662873506546,0.15971650183200836,0.030062250792980194
000300_jpg.rf.5013849426466f43fb71333c9d7e208b.jpg,1,0.07532358914613724,0.9727489948272705,0.020601363852620125,0.05120548978447914,0.010068069212138653
000300_jpg.rf.5013849426466f43fb71333c9d7e208b.jpg,1,0.6437657475471497,0.19401869177818298,0.030518898740410805,0.054069869220256805,0.005075377877801657
000300_jpg.rf.5013849426466f43fb71333c9d7e208b.jpg,1,0.2434229552745819,0.26933151483535767,0.03130823001265526,0.13311126828193665,0.0036022765561938286
000300_jpg.rf.5013849426466f43fb71333c9d7e208b.jpg,1,0.6619223356246948,0.19352787733078003,0.06768622994422913,0.05409449711441994,0.003343308810144663
000300_jpg.rf.5013849426466f43fb71333c9d7e208b.jpg,1,0.48365768790245056,0.8913367390632629,0.06316500157117844,0.05547904968261719,0.0018324004486203194
000300_jpg.rf.5013849426466f43fb71333c9d7e208b.jpg,8,0.5629612803459167,0.42421358823776245,0.029105186462402344,0.037842970341444016,0.0017204873729497194
000336_jpg.rf.be0bfe39579236b8f1710a54065f106c.jpg,5,0.845332682132721,0.27363821864128113,0.18239997327327728,0.2741188406944275,0.8321186304092407
000338_jpg.rf.69f491edc3091d390af673d2da54e080.jpg,10,0.2379985749721527,0.16174866259098053,0.07179487496614456,0.1349276453256607,0.8997583389282227
000338_jpg.rf.69f491edc3091d390af673d2da54e080.jpg,9,0.23757460713386536,0.1591762751340866,0.07217856496572495,0.13941960036754608,0.120880626142025
000338_jpg.rf.69f491edc3091d390af673d2da54e080.jpg,8,0.2374613881111145,0.16227088868618011,0.0697532594203949,0.12766265869140625,0.10433604568243027
000338_jpg.rf.69f491edc3091d390af673d2da54e080.jpg,4,0.24022099375724792,0.16103407740592957,0.0707155168056488,0.14405013620853424,0.09682989120483398
000338_jpg.rf.69f491edc3091d390af673d2da54e080.jpg,13,0.034111250191926956,0.29191073775291443,0.06696389615535736,0.4665542244911194,0.01947496458888054
000338_jpg.rf.69f491edc3091d390af673d2da54e080.jpg,5,0.02501203864812851,0.3545289635658264,0.048385005444288254,0.3469599187374115,0.00919428002089262
000338_jpg.rf.69f491edc3091d390af673d2da54e080.jpg,10,0.204183429479599,0.16281694173812866,0.13695038855075836,0.13314847648143768,0.008723849430680275
000338_jpg.rf.69f491edc3091d390af673d2da54e080.jpg,13,0.03719490393996239,0.41893336176872253,0.07359533756971359,0.7091557383537292,0.0017515394138172269
000344_jpg.rf.86a946abb84be97bc833636b8b47b779.jpg,10,0.22149021923542023,0.4404786229133606,0.24237357079982758,0.3487361669540405,0.9473429322242737
000359_jpg.rf.767bed64e2ff0d34ec7b1db1d0e6c398.jpg,10,0.660812497138977,0.4167877733707428,0.32559168338775635,0.48753541707992554,0.920242428779602
000361_jpg.rf.373518288e417cc551b309d3533c6d0f.jpg,10,0.6692021489143372,0.4450567364692688,0.3571329414844513,0.5015944838523865,0.9448386430740356
000380_jpg.rf.7216ac7b95b9137ab398250ae08e026c.jpg,10,0.5514675378799438,0.44433218240737915,0.171430766582489,0.27072668075561523,0.8840775489807129
000380_jpg.rf.7216ac7b95b9137ab398250ae08e026c.jpg,10,0.03988061100244522,0.5799116492271423,0.05568663775920868,0.040046874433755875,0.007763176690787077
000380_jpg.rf.7216ac7b95b9137ab398250ae08e026c.jpg,14,0.04097339138388634,0.5788546204566956,0.05609527975320816,0.04105989634990692,0.0032266071066260338
000380_jpg.rf.7216ac7b95b9137ab398250ae08e026c.jpg,1,0.03367086872458458,0.5781017541885376,0.04285820946097374,0.04870139807462692,0.0015479191206395626
000380_jpg.rf.7216ac7b95b9137ab398250ae08e026c.jpg,9,0.0413188599050045,0.5798280239105225,0.055091820657253265,0.03978901728987694,0.0013505058595910668
000383_jpg.rf.070efbd57b6f1e61ece84acca33ec797.jpg,7,0.5989073514938354,0.43319812417030334,0.15754853188991547,0.22727148234844208,0.5604022145271301
000383_jpg.rf.070efbd57b6f1e61ece84acca33ec797.jpg,10,0.5985742211341858,0.43462902307510376,0.15869052708148956,0.22794613242149353,0.002732530701905489
000383_jpg.rf.070efbd57b6f1e61ece84acca33ec797.jpg,0,0.7412903308868408,0.5900605320930481,0.009349603205919266,0.025022689253091812,0.0012392074568197131
000384_jpg.rf.0bd20cbc913cf806be9769b408f6e5d6.jpg,10,0.37576961517333984,0.3482764661312103,0.09616664797067642,0.12252741307020187,0.5799727439880371
000384_jpg.rf.0bd20cbc913cf806be9769b408f6e5d6.jpg,9,0.3740577697753906,0.34877461194992065,0.09692899882793427,0.12220834195613861,0.262643426656723
000384_jpg.rf.0bd20cbc913cf806be9769b408f6e5d6.jpg,12,0.37502846121788025,0.34812939167022705,0.09939032047986984,0.12295383960008621,0.17066487669944763
000384_jpg.rf.0bd20cbc913cf806be9769b408f6e5d6.jpg,8,0.3743215799331665,0.35045844316482544,0.09639530628919601,0.12839099764823914,0.16527685523033142
000384_jpg.rf.0bd20cbc913cf806be9769b408f6e5d6.jpg,11,0.3736558258533478,0.35008642077445984,0.09458179026842117,0.12252967059612274,0.08606667071580887
000384_jpg.rf.0bd20cbc913cf806be9769b408f6e5d6.jpg,1,0.24735760688781738,0.9575612545013428,0.03649931773543358,0.03322674706578255,0.016215242445468903
000384_jpg.rf.0bd20cbc913cf806be9769b408f6e5d6.jpg,1,0.25644999742507935,0.9579845070838928,0.040013257414102554,0.030707212164998055,0.0060567413456737995
000384_jpg.rf.0bd20cbc913cf806be9769b408f6e5d6.jpg,1,0.23990729451179504,0.9567397832870483,0.07291098684072495,0.03284380957484245,0.004853161983191967
000384_jpg.rf.0bd20cbc913cf806be9769b408f6e5d6.jpg,1,0.2400778979063034,0.9558511972427368,0.03215804323554039,0.0370306596159935,0.00453312648460269
000384_jpg.rf.0bd20cbc913cf806be9769b408f6e5d6.jpg,1,0.263123482465744,0.9575515389442444,0.024753479287028313,0.02823910303413868,0.0026879741344600916
000384_jpg.rf.0bd20cbc913cf806be9769b408f6e5d6.jpg,1,0.3332030177116394,0.9609348773956299,0.0184450875967741,0.03590855374932289,0.0014481014804914594
000384_jpg.rf.0bd20cbc913cf806be9769b408f6e5d6.jpg,1,0.06418105959892273,0.3397253155708313,0.07608076930046082,0.03515625,0.0010511621367186308
000384_jpg.rf.0bd20cbc913cf806be9769b408f6e5d6.jpg,1,0.05971594899892807,0.33469998836517334,0.05832428112626076,0.03450177237391472,0.0010114633478224277
000412_jpg.rf.4201db338b39b5c120994db37fbf058f.jpg,7,0.6395512223243713,0.42022278904914856,0.4901201128959656,0.6488924622535706,0.9704393744468689
000443_jpg.rf.a212d740b71445278e52aec90cdd3e47.jpg,7,0.6130251288414001,0.31087926030158997,0.25437623262405396,0.38399791717529297,0.9513182044029236
000446_jpg.rf.6c9f95ad6ab51802829691fd907953e2.jpg,7,0.6427687406539917,0.48779791593551636,0.4374169707298279,0.6338852643966675,0.9679192900657654
000446_jpg.rf.6c9f95ad6ab51802829691fd907953e2.jpg,0,0.40052855014801025,0.007418113294988871,0.050816647708415985,0.014836226589977741,0.02725234627723694
000446_jpg.rf.6c9f95ad6ab51802829691fd907953e2.jpg,0,0.35410258173942566,0.011370665393769741,0.06764107197523117,0.021284593269228935,0.002303190529346466
000446_jpg.rf.6c9f95ad6ab51802829691fd907953e2.jpg,0,0.3779878616333008,0.00998872984200716,0.12192234396934509,0.01997745968401432,0.0020317418966442347
000446_jpg.rf.6c9f95ad6ab51802829691fd907953e2.jpg,1,0.09424750506877899,0.027124516665935516,0.06018241494894028,0.04902965575456619,0.0020157508552074432
000446_jpg.rf.6c9f95ad6ab51802829691fd907953e2.jpg,0,0.01735648699104786,0.38114961981773376,0.03264133632183075,0.04847915470600128,0.001593189314007759
000446_jpg.rf.6c9f95ad6ab51802829691fd907953e2.jpg,0,0.2999470829963684,0.014103314839303493,0.12009645998477936,0.026969023048877716,0.0014850927982479334
000446_jpg.rf.6c9f95ad6ab51802829691fd907953e2.jpg,0,0.035850487649440765,0.8405107855796814,0.06574369221925735,0.03812658041715622,0.0014119718689471483
000446_jpg.rf.6c9f95ad6ab51802829691fd907953e2.jpg,0,0.2136455625295639,0.2890424132347107,0.067786306142807,0.0394425205886364,0.0014010765589773655
000446_jpg.rf.6c9f95ad6ab51802829691fd907953e2.jpg,0,0.2787628471851349,0.022623222321271896,0.13902023434638977,0.04524644464254379,0.0011279623722657561
000446_jpg.rf.6c9f95ad6ab51802829691fd907953e2.jpg,1,0.10787393152713776,0.6298754811286926,0.030993524938821793,0.02461022511124611,0.0011145708849653602
000464_jpg.rf.e5b8f6d9c318c1ad7e34ee049bd64988.jpg,11,0.31907331943511963,0.28495538234710693,0.2882002592086792,0.5359208583831787,0.9425451755523682
000464_jpg.rf.e5b8f6d9c318c1ad7e34ee049bd64988.jpg,0,0.2730032801628113,0.32266008853912354,0.029549984261393547,0.1798650622367859,0.003045170335099101
000466_jpg.rf.f609fd155d77826a456bb83ec2fba973.jpg,11,0.5067364573478699,0.44596773386001587,0.3255041837692261,0.2033342570066452,0.9415688514709473
000475_jpg.rf.b44fe1a1d53315f7ff81d3bea0277189.jpg,11,0.5873660445213318,0.21080002188682556,0.2913272976875305,0.3493782877922058,0.9411258697509766
000478_jpg.rf.ea1348c002d93944315cd4db7cccc0ed.jpg,11,0.6791679859161377,0.3527504801750183,0.19239594042301178,0.2970142662525177,0.9209670424461365
000478_jpg.rf.ea1348c002d93944315cd4db7cccc0ed.jpg,0,0.23090927302837372,0.41161802411079407,0.023829789832234383,0.015212609432637691,0.008903974667191505
000478_jpg.rf.ea1348c002d93944315cd4db7cccc0ed.jpg,0,0.5236129760742188,0.7330146431922913,0.01606999896466732,0.00962807610630989,0.0018849417101591825
000485_jpg.rf.af7e94cba40a41c54db6ce2495de5789.jpg,11,0.5235470533370972,0.6431891918182373,0.16073952615261078,0.21494486927986145,0.9686907529830933
000485_jpg.rf.af7e94cba40a41c54db6ce2495de5789.jpg,0,0.9926372170448303,0.08670803159475327,0.013543715700507164,0.09949564933776855,0.0036251372657716274
000485_jpg.rf.af7e94cba40a41c54db6ce2495de5789.jpg,0,0.9907056093215942,0.10977102071046829,0.01809156872332096,0.08446241915225983,0.0016739028505980968
000485_jpg.rf.af7e94cba40a41c54db6ce2495de5789.jpg,0,0.9954326152801514,0.16624043881893158,0.008106231689453125,0.02419114112854004,0.0014497580705210567
000488_jpg.rf.39fb3e780926eca95137e27b755f19af.jpg,11,0.6881628036499023,0.6429941654205322,0.35710808634757996,0.23213650286197662,0.9638932943344116
000495_jpg.rf.62cc333852734fdf12c38fb00d5a8273.jpg,11,0.2274775505065918,0.512599527835846,0.2669561207294464,0.43666312098503113,0.9483908414840698
000495_jpg.rf.62cc333852734fdf12c38fb00d5a8273.jpg,1,0.7292404174804688,0.939552903175354,0.05078579857945442,0.030545087531208992,0.0012251531006768346
000500_jpg.rf.b742528d52c611a0eb6f2d0453a3c81a.jpg,11,0.8218295574188232,0.4394850730895996,0.09445689618587494,0.129388228058815,0.9092602729797363
000500_jpg.rf.b742528d52c611a0eb6f2d0453a3c81a.jpg,8,0.8221595287322998,0.439085453748703,0.09148979187011719,0.13389018177986145,0.06780841946601868
000500_jpg.rf.b742528d52c611a0eb6f2d0453a3c81a.jpg,1,0.08644406497478485,0.5292936563491821,0.08437616378068924,0.054026126861572266,0.003386144759133458
000500_jpg.rf.b742528d52c611a0eb6f2d0453a3c81a.jpg,1,0.07266025245189667,0.5362764596939087,0.12860320508480072,0.0646246001124382,0.0014091575285419822
000500_jpg.rf.b742528d52c611a0eb6f2d0453a3c81a.jpg,0,0.5338252782821655,0.4611437916755676,0.32515355944633484,0.1385098546743393,0.00129590870346874
000507_jpg.rf.cef3041f8b255c4cea0070fe8e2c04e4.jpg,11,0.6737366318702698,0.34800344705581665,0.35021308064460754,0.27338707447052,0.9263111352920532
000512_jpg.rf.e2e180ced9b44c98c59556fef04838bd.jpg,11,0.8305110931396484,0.19947941601276398,0.20066393911838531,0.24755188822746277,0.9570884108543396
000512_jpg.rf.e2e180ced9b44c98c59556fef04838bd.jpg,11,0.38034024834632874,0.4702604413032532,0.5721784234046936,0.7170498967170715,0.9496078491210938
000514_jpg.rf.b0d6f6a9a9a1c36ac223b9185a3cfed6.jpg,11,0.7154322266578674,0.2626393735408783,0.0794314593076706,0.11128471791744232,0.45069360733032227
000514_jpg.rf.b0d6f6a9a9a1c36ac223b9185a3cfed6.jpg,4,0.7135937809944153,0.261600524187088,0.07927776873111725,0.10944938659667969,0.304656058549881
000514_jpg.rf.b0d6f6a9a9a1c36ac223b9185a3cfed6.jpg,0,0.8024975061416626,0.021798033267259598,0.32977044582366943,0.04302078112959862,0.03158584609627724
000514_jpg.rf.b0d6f6a9a9a1c36ac223b9185a3cfed6.jpg,10,0.7145137786865234,0.2618812024593353,0.08360180258750916,0.10940828919410706,0.0183675866574049
000514_jpg.rf.b0d6f6a9a9a1c36ac223b9185a3cfed6.jpg,0,0.6239537596702576,0.022703615948557854,0.3215988874435425,0.0450681634247303,0.009128293953835964
000514_jpg.rf.b0d6f6a9a9a1c36ac223b9185a3cfed6.jpg,1,0.16375960409641266,0.4080144762992859,0.05813479423522949,0.036632537841796875,0.004476745147258043
000514_jpg.rf.b0d6f6a9a9a1c36ac223b9185a3cfed6.jpg,9,0.6152436137199402,0.22363093495368958,0.02991749718785286,0.12540408968925476,0.0023961858823895454
000514_jpg.rf.b0d6f6a9a9a1c36ac223b9185a3cfed6.jpg,0,0.7112451791763306,0.020672282204031944,0.4432915449142456,0.04134456440806389,0.0018195074517279863
000534_jpg.rf.fc7a9c184c96044637a59a8abbc842d2.jpg,11,0.8082466721534729,0.4624287486076355,0.1368642896413803,0.1754741370677948,0.9624606966972351
000534_jpg.rf.fc7a9c184c96044637a59a8abbc842d2.jpg,1,0.2351478934288025,0.9559341073036194,0.09287896752357483,0.041497375816106796,0.004431856796145439
000534_jpg.rf.fc7a9c184c96044637a59a8abbc842d2.jpg,0,0.20299199223518372,0.006200145464390516,0.05623951181769371,0.012400290928781033,0.002646632492542267
000534_jpg.rf.fc7a9c184c96044637a59a8abbc842d2.jpg,1,0.34119850397109985,0.9572709798812866,0.08654388785362244,0.04265667870640755,0.0022568453568965197
000558_jpg.rf.40c69cee11121c32100bc0ec9dc29849.jpg,12,0.7931854724884033,0.3562367558479309,0.32166460156440735,0.38836684823036194,0.9893350005149841
000566_jpg.rf.85d938d7ad9b91799d8732111b98cc79.jpg,12,0.3983386754989624,0.2241966873407364,0.17587202787399292,0.28575751185417175,0.9844473600387573
000566_jpg.rf.85d938d7ad9b91799d8732111b98cc79.jpg,0,0.5790199041366577,0.6617580652236938,0.023451877757906914,0.07044410705566406,0.06270645558834076
000592_jpg.rf.7264e25a590f878fcb39467d550219de.jpg,12,0.7136444449424744,0.38084399700164795,0.48607873916625977,0.7612271904945374,0.9949066042900085
000595_jpg.rf.5b549a5e1f209899e21445383698e00d.jpg,12,0.7007977962493896,0.6880202889442444,0.3952450752258301,0.6019519567489624,0.9206505417823792
000595_jpg.rf.5b549a5e1f209899e21445383698e00d.jpg,0,0.010007278062403202,0.5912714004516602,0.017541438341140747,0.02300948277115822,0.002448748331516981
000595_jpg.rf.5b549a5e1f209899e21445383698e00d.jpg,0,0.30766788125038147,0.10055717825889587,0.018919559195637703,0.047203779220581055,0.0010494351154193282
000596_jpg.rf.eb635457db0d42d1d585000296f83145.jpg,12,0.7829892635345459,0.3920519948005676,0.3852003812789917,0.7030525207519531,0.9862920045852661
000596_jpg.rf.eb635457db0d42d1d585000296f83145.jpg,0,0.12999922037124634,0.5007461309432983,0.2519819736480713,0.5296432971954346,0.1435009092092514
000596_jpg.rf.eb635457db0d42d1d585000296f83145.jpg,0,0.14765354990959167,0.6352059245109558,0.19725078344345093,0.26951658725738525,0.00687449611723423
000596_jpg.rf.eb635457db0d42d1d585000296f83145.jpg,1,0.11759631335735321,0.4107656478881836,0.19329851865768433,0.30251407623291016,0.005799600388854742
000596_jpg.rf.eb635457db0d42d1d585000296f83145.jpg,1,0.12280716001987457,0.48833781480789185,0.2400672733783722,0.5681616067886353,0.0022567228879779577
000596_jpg.rf.eb635457db0d42d1d585000296f83145.jpg,0,0.12361117452383041,0.410830020904541,0.18229587376117706,0.31049326062202454,0.001080696121789515
000599_jpg.rf.87f4886233a457df94743a34ee410218.jpg,12,0.8107179403305054,0.2442886084318161,0.31004804372787476,0.4723321199417114,0.9892222881317139
000599_jpg.rf.87f4886233a457df94743a34ee410218.jpg,1,0.4515134394168854,0.7714264392852783,0.06979520618915558,0.0266872551292181,0.0011534722289070487
000626_jpg.rf.844a2fbefbe88499e977a640a50441c8.jpg,12,0.5093533992767334,0.2512569725513458,0.19581468403339386,0.3812297284603119,0.991407036781311
000626_jpg.rf.844a2fbefbe88499e977a640a50441c8.jpg,6,0.8954758048057556,0.2929639220237732,0.20742034912109375,0.5859278440475464,0.0015356234507635236
000629_jpg.rf.7fc79b6ca0f85116dc5588dd6869900c.jpg,12,0.4474329948425293,0.34080931544303894,0.45156458020210266,0.3076838254928589,0.9905949831008911
000635_jpg.rf.add3c9544fc93e8ad88fcb67fbb714cb.jpg,12,0.4910476505756378,0.16403695940971375,0.1005629375576973,0.13956157863140106,0.8734443187713623
000635_jpg.rf.add3c9544fc93e8ad88fcb67fbb714cb.jpg,13,0.49143362045288086,0.1638488471508026,0.10702896118164062,0.14279437065124512,0.6865535378456116
000635_jpg.rf.add3c9544fc93e8ad88fcb67fbb714cb.jpg,5,0.49260690808296204,0.16894802451133728,0.10500896722078323,0.1374886929988861,0.0042886133305728436
000635_jpg.rf.add3c9544fc93e8ad88fcb67fbb714cb.jpg,10,0.4912823438644409,0.16439932584762573,0.10748422890901566,0.1446509212255478,0.0014838961651548743
000644_jpg.rf.e150fedf356c73b528bb6943f267e094.jpg,10,0.37098756432533264,0.2116285115480423,0.33269280195236206,0.20459836721420288,0.9351756572723389
000644_jpg.rf.e150fedf356c73b528bb6943f267e094.jpg,1,0.2596076428890228,0.9735575914382935,0.08267468959093094,0.03875541687011719,0.004350719042122364
000649_jpg.rf.f86b7d2974091d1956dedec6e79cbf61.jpg,12,0.2773183584213257,0.16742031276226044,0.11876814067363739,0.15890201926231384,0.974854588508606
000649_jpg.rf.f86b7d2974091d1956dedec6e79cbf61.jpg,10,0.27749717235565186,0.16480764746665955,0.11663904786109924,0.1647002100944519,0.1473313570022583
000649_jpg.rf.f86b7d2974091d1956dedec6e79cbf61.jpg,12,0.16545264422893524,0.13200120627880096,0.296830952167511,0.2536605894565582,0.008223802782595158
000649_jpg.rf.f86b7d2974091d1956dedec6e79cbf61.jpg,8,0.4026894271373749,0.7192927002906799,0.020355114713311195,0.03495766595005989,0.004917099140584469
000649_jpg.rf.f86b7d2974091d1956dedec6e79cbf61.jpg,11,0.27748751640319824,0.1771458089351654,0.11753159016370773,0.14218249917030334,0.0019050781847909093
000649_jpg.rf.f86b7d2974091d1956dedec6e79cbf61.jpg,1,0.27657249569892883,0.16753575205802917,0.11943204700946808,0.16431990265846252,0.00151718407869339
000652_jpg.rf.2d13be3464e928dde8d4e3a7ed638236.jpg,12,0.6370468735694885,0.5334092974662781,0.07766514271497726,0.11806488037109375,0.7066083550453186
000652_jpg.rf.2d13be3464e928dde8d4e3a7ed638236.jpg,13,0.6367158889770508,0.5335732102394104,0.07765098661184311,0.11888162791728973,0.3698672652244568
000652_jpg.rf.2d13be3464e928dde8d4e3a7ed638236.jpg,7,0.6375824213027954,0.5311861634254456,0.0775110200047493,0.12260360270738602,0.13334055244922638
000652_jpg.rf.2d13be3464e928dde8d4e3a7ed638236.jpg,5,0.6376146078109741,0.5320097804069519,0.08017642796039581,0.12106668204069138,0.03907221555709839
000652_jpg.rf.2d13be3464e928dde8d4e3a7ed638236.jpg,10,0.6366649270057678,0.5324801206588745,0.07830847054719925,0.1181093379855156,0.008455191738903522
000652_jpg.rf.2d13be3464e928dde8d4e3a7ed638236.jpg,9,0.6373679637908936,0.5318751931190491,0.07563821971416473,0.1172647476196289,0.001292124972678721
000654_jpg.rf.d267c50f2def671a3af6c7816a990548.jpg,12,0.4547404646873474,0.37216466665267944,0.1834014356136322,0.2845368981361389,0.988020122051239
000656_jpg.rf.2bfcb3a401a6cd59986f442316903cca.jpg,12,0.8480771780014038,0.34521469473838806,0.22451840341091156,0.2291746437549591,0.9900769591331482
000656_jpg.rf.2bfcb3a401a6cd59986f442316903cca.jpg,0,0.37570303678512573,0.4778674244880676,0.7514060735702515,0.922429621219635,0.0070894337259233
000656_jpg.rf.2bfcb3a401a6cd59986f442316903cca.jpg,0,0.6165924668312073,0.9638599753379822,0.01521051861345768,0.01129414513707161,0.001628772122785449
000658_jpg.rf.305458475fd66b31a8b2796cceb9f511.jpg,12,0.5639442205429077,0.45095616579055786,0.1298746019601822,0.1856231689453125,0.7671791911125183
000658_jpg.rf.305458475fd66b31a8b2796cceb9f511.jpg,13,0.5648664832115173,0.4523678421974182,0.13074049353599548,0.18563421070575714,0.003912984859198332
000664_jpg.rf.882fdd90b90c7f1af1fc37a7467443cf.jpg,9,0.23721572756767273,0.3324728310108185,0.2394702285528183,0.3163022994995117,0.9932534098625183
000664_jpg.rf.882fdd90b90c7f1af1fc37a7467443cf.jpg,12,0.23210877180099487,0.7257512807846069,0.2400589883327484,0.3069444000720978,0.9924134612083435
000664_jpg.rf.882fdd90b90c7f1af1fc37a7467443cf.jpg,0,0.7153661251068115,0.39486056566238403,0.03252088278532028,0.020770732313394547,0.0022085641976445913
000670_jpg.rf.9b82f265d8e858e1ac239f550bb09315.jpg,12,0.7900707721710205,0.2566901445388794,0.2544361352920532,0.35857370495796204,0.9739769101142883
000680_jpg.rf.10f9a8b0c68fd4c3a3f991673e8be240.jpg,12,0.7909389138221741,0.32290080189704895,0.3131701350212097,0.40636366605758667,0.9968913197517395
000684_jpg.rf.da8d58e5754b48f640c2521ce190912e.jpg,12,0.8306875228881836,0.19048534333705902,0.20437005162239075,0.2551409900188446,0.99569171667099
000684_jpg.rf.da8d58e5754b48f640c2521ce190912e.jpg,12,0.3717956840991974,0.4545610249042511,0.5732470750808716,0.7235279083251953,0.9889562726020813
000689_jpg.rf.e7eb671b04e54cabccbc491dc3087e13.jpg,12,0.498985230922699,0.4914137125015259,0.32472652196884155,0.5880147814750671,0.9724985361099243
000695_jpg.rf.5433ef9bdff69bb898a98f69af622064.jpg,12,0.22338533401489258,0.3230818212032318,0.20321024954319,0.2902819514274597,0.9917925596237183
000695_jpg.rf.5433ef9bdff69bb898a98f69af622064.jpg,1,0.21632932126522064,0.18906180560588837,0.12560687959194183,0.030845055356621742,0.03084760531783104
000700_jpg.rf.4abc8faa3c8f0970d53095fa9218cf8a.jpg,13,0.9096701741218567,0.5481079816818237,0.07750356942415237,0.12085151672363281,0.7342983484268188
000700_jpg.rf.4abc8faa3c8f0970d53095fa9218cf8a.jpg,7,0.9101585149765015,0.5498244166374207,0.07574154436588287,0.11538006365299225,0.057383276522159576
000700_jpg.rf.4abc8faa3c8f0970d53095fa9218cf8a.jpg,10,0.9093617796897888,0.5465894341468811,0.07612558454275131,0.12231738865375519,0.044578514993190765
000700_jpg.rf.4abc8faa3c8f0970d53095fa9218cf8a.jpg,12,0.9092522263526917,0.5296758413314819,0.0784391239285469,0.0879485085606575,0.005443901754915714
000700_jpg.rf.4abc8faa3c8f0970d53095fa9218cf8a.jpg,1,0.41173893213272095,0.49173057079315186,0.028872709721326828,0.05776500701904297,0.0033948631025850773
000700_jpg.rf.4abc8faa3c8f0970d53095fa9218cf8a.jpg,9,0.4112594425678253,0.4912698566913605,0.026678195223212242,0.05883147194981575,0.001184107968583703
000700_jpg.rf.4abc8faa3c8f0970d53095fa9218cf8a.jpg,11,0.4095417261123657,0.49033647775650024,0.024958427995443344,0.057035043835639954,0.0011684056371450424
000700_jpg.rf.4abc8faa3c8f0970d53095fa9218cf8a.jpg,1,0.40372517704963684,0.5576982498168945,0.09195918589830399,0.24547991156578064,0.0010685052257031202
000703_jpg.rf.2999e1a86a880c30b97644b227648d36.jpg,13,0.4946567416191101,0.3755642771720886,0.49316486716270447,0.5675134062767029,0.9620649814605713
000711_jpg.rf.0a584e00809f5da1be911472ba1f8e7b.jpg,5,0.07888852804899216,0.5529431700706482,0.04183897003531456,0.07188587635755539,0.5806978344917297
000711_jpg.rf.0a584e00809f5da1be911472ba1f8e7b.jpg,13,0.9188054800033569,0.5951964855194092,0.0660720244050026,0.11033765971660614,0.3335927724838257
000711_jpg.rf.0a584e00809f5da1be911472ba1f8e7b.jpg,7,0.9185108542442322,0.595687210559845,0.06407869607210159,0.1142243966460228,0.19887274503707886
000711_jpg.rf.0a584e00809f5da1be911472ba1f8e7b.jpg,5,0.91873699426651,0.5960326790809631,0.0670231282711029,0.113506980240345,0.1653563380241394
000711_jpg.rf.0a584e00809f5da1be911472ba1f8e7b.jpg,9,0.9189538359642029,0.5962775349617004,0.06456030160188675,0.11388778686523438,0.10128828883171082
000711_jpg.rf.0a584e00809f5da1be911472ba1f8e7b.jpg,1,0.2354869842529297,0.1463005691766739,0.04096287861466408,0.06015223637223244,0.021855268627405167
000711_jpg.rf.0a584e00809f5da1be911472ba1f8e7b.jpg,1,0.23932677507400513,0.13397251069545746,0.04415389150381088,0.0331699401140213,0.01854710653424263
000711_jpg.rf.0a584e00809f5da1be911472ba1f8e7b.jpg,11,0.919398844242096,0.5980468988418579,0.06585773825645447,0.10935001820325851,0.014515320770442486
000711_jpg.rf.0a584e00809f5da1be911472ba1f8e7b.jpg,3,0.07895413041114807,0.5525495409965515,0.040872786194086075,0.07105137407779694,0.01414691936224699
000711_jpg.rf.0a584e00809f5da1be911472ba1f8e7b.jpg,3,0.9927034974098206,0.3171696364879608,0.014593050815165043,0.11458452045917511,0.004136127885431051
000711_jpg.rf.0a584e00809f5da1be911472ba1f8e7b.jpg,1,0.21513773500919342,0.7971627116203308,0.024935282766819,0.09101977944374084,0.003728149924427271
000711_jpg.rf.0a584e00809f5da1be911472ba1f8e7b.jpg,1,0.2528535723686218,0.1320676952600479,0.06343511492013931,0.028832197189331055,0.003443807130679488
000711_jpg.rf.0a584e00809f5da1be911472ba1f8e7b.jpg,1,0.09706979244947433,0.8535862565040588,0.08258245885372162,0.057015638798475266,0.0033263855148106813
000711_jpg.rf.0a584e00809f5da1be911472ba1f8e7b.jpg,12,0.9189895987510681,0.5958331227302551,0.06513713300228119,0.1142875999212265,0.002606085268780589
000711_jpg.rf.0a584e00809f5da1be911472ba1f8e7b.jpg,10,0.6343717575073242,0.25966590642929077,0.014476923272013664,0.035030364990234375,0.002536161569878459
000711_jpg.rf.0a584e00809f5da1be911472ba1f8e7b.jpg,1,0.7622020244598389,0.28199413418769836,0.049170419573783875,0.13053464889526367,0.002017413964495063
000711_jpg.rf.0a584e00809f5da1be911472ba1f8e7b.jpg,9,0.07889890670776367,0.5517619252204895,0.04523586481809616,0.07684726268053055,0.0017587224720045924
000711_jpg.rf.0a584e00809f5da1be911472ba1f8e7b.jpg,14,0.07914022356271744,0.5528579950332642,0.03934331610798836,0.07078094035387039,0.0012975686695426702
000711_jpg.rf.0a584e00809f5da1be911472ba1f8e7b.jpg,8,0.37881237268447876,0.31152471899986267,0.02980533055961132,0.060375578701496124,0.0012487800559028983
000711_jpg.rf.0a584e00809f5da1be911472ba1f8e7b.jpg,1,0.378980815410614,0.3122517168521881,0.029397010803222656,0.0609971359372139,0.0011360581265762448
000711_jpg.rf.0a584e00809f5da1be911472ba1f8e7b.jpg,5,0.09618242084980011,0.8515682220458984,0.08377036452293396,0.057278044521808624,0.0011194273829460144
000711_jpg.rf.0a584e00809f5da1be911472ba1f8e7b.jpg,1,0.21715937554836273,0.7746569514274597,0.030766431242227554,0.04662895202636719,0.0010061042848974466
000713_jpg.rf.ea540b12ec46dd3f2dad786ab321c3a3.jpg,7,0.5279102325439453,0.4575357735157013,0.323709636926651,0.24084319174289703,0.9418871402740479
000722_jpg.rf.9bee48a5dc22112fb5a705192fd54d45.jpg,8,0.5009213089942932,0.6273959875106812,0.1628214716911316,0.19490663707256317,0.9547643065452576
000722_jpg.rf.9bee48a5dc22112fb5a705192fd54d45.jpg,11,0.5048679113388062,0.324872761964798,0.16019783914089203,0.23320776224136353,0.05385249853134155
000722_jpg.rf.9bee48a5dc22112fb5a705192fd54d45.jpg,8,0.6606487035751343,0.8711753487586975,0.021353354677557945,0.02801242284476757,0.002248926553875208
000722_jpg.rf.9bee48a5dc22112fb5a705192fd54d45.jpg,0,0.33094164729118347,0.9831397533416748,0.039449434727430344,0.030901102349162102,0.001929482095874846
000722_jpg.rf.9bee48a5dc22112fb5a705192fd54d45.jpg,0,0.1581992357969284,0.15058815479278564,0.020316123962402344,0.022648058831691742,0.0012864235322922468
000722_jpg.rf.9bee48a5dc22112fb5a705192fd54d45.jpg,0,0.9676047563552856,0.08061205595731735,0.014673233032226562,0.017661355435848236,0.0011351369321346283
000722_jpg.rf.9bee48a5dc22112fb5a705192fd54d45.jpg,0,0.15863312780857086,0.14194059371948242,0.01739184744656086,0.03728792443871498,0.0010277054971083999
000729_jpg.rf.7b1a28094ac79f94f38e0ca9d4037037.jpg,12,0.8621195554733276,0.24236418306827545,0.26150593161582947,0.4226498305797577,0.9960334897041321
000735_jpg.rf.8927d1a7914f3b404d59d7afb8238ce4.jpg,13,0.5428661704063416,0.2855294644832611,0.20702600479125977,0.3660300374031067,0.9963775277137756
000735_jpg.rf.8927d1a7914f3b404d59d7afb8238ce4.jpg,8,0.8625576496124268,0.7806825041770935,0.018843650817871094,0.03139026463031769,0.02272544987499714
000735_jpg.rf.8927d1a7914f3b404d59d7afb8238ce4.jpg,9,0.8624985218048096,0.7800473570823669,0.01905800774693489,0.03006208874285221,0.009872445836663246
000736_jpg.rf.228d17ea85d8e4b2f1fd5a1fec7582d9.jpg,13,0.446452796459198,0.2543286383152008,0.25253742933273315,0.15847349166870117,0.9913293123245239
000736_jpg.rf.228d17ea85d8e4b2f1fd5a1fec7582d9.jpg,11,0.44986775517463684,0.42170092463493347,0.25177907943725586,0.1498136818408966,0.559553861618042
000736_jpg.rf.228d17ea85d8e4b2f1fd5a1fec7582d9.jpg,1,0.03511637821793556,0.9346539378166199,0.07023275643587112,0.13069210946559906,0.007382579613476992
000736_jpg.rf.228d17ea85d8e4b2f1fd5a1fec7582d9.jpg,1,0.11562001705169678,0.9058272838592529,0.17220623791217804,0.08241726458072662,0.005293740425258875
000736_jpg.rf.228d17ea85d8e4b2f1fd5a1fec7582d9.jpg,1,0.027321795001626015,0.9222641587257385,0.05464359000325203,0.10115550458431244,0.002630682662129402
000736_jpg.rf.228d17ea85d8e4b2f1fd5a1fec7582d9.jpg,1,0.024134257808327675,0.9449206590652466,0.04826851561665535,0.11015862971544266,0.0010354270925745368
000741_jpg.rf.48077831b42aa2a01691cd30be5da048.jpg,13,0.678303599357605,0.33582040667533875,0.3912670910358429,0.6716408133506775,0.972722053527832
000741_jpg.rf.48077831b42aa2a01691cd30be5da048.jpg,1,0.3877369463443756,0.7841524481773376,0.029575714841485023,0.0142669677734375,0.006867266725748777
000753_jpg.rf.23d05489386c3399c5d26ac779015d26.jpg,13,0.647057294845581,0.7369722127914429,0.11012913286685944,0.15507690608501434,0.9813416004180908
000753_jpg.rf.23d05489386c3399c5d26ac779015d26.jpg,3,0.6467481851577759,0.7380589842796326,0.1092333048582077,0.15752609074115753,0.015469498932361603
000753_jpg.rf.23d05489386c3399c5d26ac779015d26.jpg,8,0.561017632484436,0.3139066696166992,0.02276461012661457,0.03361142426729202,0.0036375420168042183
000753_jpg.rf.23d05489386c3399c5d26ac779015d26.jpg,5,0.6470574140548706,0.7394624948501587,0.1059919148683548,0.1539059430360794,0.0017314463621005416
000753_jpg.rf.23d05489386c3399c5d26ac779015d26.jpg,9,0.5612257719039917,0.31409868597984314,0.020953837782144547,0.03344746679067612,0.0010508637642487884
000762_jpg.rf.ea6102293c9b38d9f90158f1a4cc33f7.jpg,13,0.6801699995994568,0.4080561101436615,0.21490012109279633,0.2637102007865906,0.9916485548019409
000762_jpg.rf.ea6102293c9b38d9f90158f1a4cc33f7.jpg,1,0.9098653793334961,0.027561258524656296,0.12235714495182037,0.05512251704931259,0.028894634917378426
000762_jpg.rf.ea6102293c9b38d9f90158f1a4cc33f7.jpg,0,0.9139670133590698,0.0281857717782259,0.11721515655517578,0.0562775582075119,0.0013482999056577682
000763_jpg.rf.6018d10dd3889ec0579a386c052fb6ff.jpg,13,0.45976972579956055,0.3195251226425171,0.08426570892333984,0.15221357345581055,0.8903033137321472
000763_jpg.rf.6018d10dd3889ec0579a386c052fb6ff.jpg,5,0.4614250063896179,0.3203977346420288,0.08442724496126175,0.14778825640678406,0.005920852534472942
000763_jpg.rf.6018d10dd3889ec0579a386c052fb6ff.jpg,1,0.8675588965415955,0.28400856256484985,0.04835774376988411,0.04096154123544693,0.0023358003236353397
000763_jpg.rf.6018d10dd3889ec0579a386c052fb6ff.jpg,13,0.45047569274902344,0.2542194128036499,0.09510458260774612,0.2813487946987152,0.0014341124333441257
000769_jpg.rf.1df4a76b3e7055f19fd63f71a3d4ab3f.jpg,13,0.7887033224105835,0.49519267678260803,0.27821820974349976,0.21359865367412567,0.986311137676239
000769_jpg.rf.1df4a76b3e7055f19fd63f71a3d4ab3f.jpg,0,0.7932974100112915,0.11379093676805496,0.027972588315606117,0.018832894042134285,0.002013331977650523
000783_jpg.rf.0f12070feb6f7bc91c48aa93a65d2e93.jpg,13,0.6479359269142151,0.2641604542732239,0.24732248485088348,0.4529450833797455,0.9921011328697205
000783_jpg.rf.0f12070feb6f7bc91c48aa93a65d2e93.jpg,1,0.1789804846048355,0.3084694445133209,0.10870134085416794,0.05707023665308952,0.027092641219496727
000783_jpg.rf.0f12070feb6f7bc91c48aa93a65d2e93.jpg,0,0.18148678541183472,0.31011736392974854,0.11335040628910065,0.0569695308804512,0.008953389711678028
000786_jpg.rf.60798d12643d9be450731115c76bd86c.jpg,7,0.7864291667938232,0.09965409338474274,0.1338227391242981,0.13788384199142456,0.9077525734901428
000786_jpg.rf.60798d12643d9be450731115c76bd86c.jpg,12,0.7877229452133179,0.10122724622488022,0.13635341823101044,0.1370730698108673,0.07098014652729034
000786_jpg.rf.60798d12643d9be450731115c76bd86c.jpg,9,0.7863692045211792,0.10168254375457764,0.13616326451301575,0.13559944927692413,0.02495771273970604
000786_jpg.rf.60798d12643d9be450731115c76bd86c.jpg,1,0.3717341721057892,0.5077461004257202,0.032474812120199203,0.02225971221923828,0.0030684813391417265
000786_jpg.rf.60798d12643d9be450731115c76bd86c.jpg,1,0.062206167727708817,0.5472090840339661,0.014126337133347988,0.011595726013183594,0.002571077086031437
000790_jpg.rf.ddb1d679830f7cafbcbec2013a6ff2fc.jpg,13,0.7659199833869934,0.0914498046040535,0.232110396027565,0.1717408001422882,0.9742377400398254
000792_jpg.rf.3899b0ef3229b4f18a7954698cc40c92.jpg,1,0.34177854657173157,0.23767542839050293,0.017732473090291023,0.07115430384874344,0.6781504154205322
000792_jpg.rf.3899b0ef3229b4f18a7954698cc40c92.jpg,1,0.2133249193429947,0.5348867774009705,0.027362767606973648,0.0773441269993782,0.6408916711807251
000792_jpg.rf.3899b0ef3229b4f18a7954698cc40c92.jpg,0,0.3673499822616577,0.2360629290342331,0.017602553591132164,0.06681302934885025,0.6370266079902649
000792_jpg.rf.3899b0ef3229b4f18a7954698cc40c92.jpg,1,0.319160133600235,0.5036382079124451,0.01811174303293228,0.05227547511458397,0.5915813446044922
000792_jpg.rf.3899b0ef3229b4f18a7954698cc40c92.jpg,1,0.013845046982169151,0.530270516872406,0.02348807267844677,0.07588749378919601,0.4992673397064209
000792_jpg.rf.3899b0ef3229b4f18a7954698cc40c92.jpg,0,0.6007710695266724,0.25967198610305786,0.01374692190438509,0.05522594228386879,0.18830372393131256
000792_jpg.rf.3899b0ef3229b4f18a7954698cc40c92.jpg,1,0.6526505351066589,0.46277663111686707,0.016429901123046875,0.01592903956770897,0.15171732008457184
000792_jpg.rf.3899b0ef3229b4f18a7954698cc40c92.jpg,0,0.5971606969833374,0.26024943590164185,0.01602202281355858,0.05504503473639488,0.037317994982004166
000792_jpg.rf.3899b0ef3229b4f18a7954698cc40c92.jpg,1,0.5841127038002014,0.2581462562084198,0.011391639709472656,0.051030728965997696,0.02538503333926201
000792_jpg.rf.3899b0ef3229b4f18a7954698cc40c92.jpg,1,0.317414790391922,0.509199857711792,0.024402232840657234,0.06570585072040558,0.012009511701762676
000792_jpg.rf.3899b0ef3229b4f18a7954698cc40c92.jpg,0,0.3610439598560333,0.2356584370136261,0.024224281311035156,0.06976890563964844,0.010158848948776722
000792_jpg.rf.3899b0ef3229b4f18a7954698cc40c92.jpg,1,0.3237188160419464,0.511539101600647,0.02811696007847786,0.07047803699970245,0.006823800038546324
000792_jpg.rf.3899b0ef3229b4f18a7954698cc40c92.jpg,8,0.39495328068733215,0.24131819605827332,0.01667565479874611,0.04391063004732132,0.006205657497048378
000792_jpg.rf.3899b0ef3229b4f18a7954698cc40c92.jpg,1,0.6515137553215027,0.48881059885025024,0.019545335322618484,0.0733615830540657,0.005689607001841068
000792_jpg.rf.3899b0ef3229b4f18a7954698cc40c92.jpg,1,0.19742034375667572,0.529916524887085,0.01145293191075325,0.060648806393146515,0.0039348541758954525
000792_jpg.rf.3899b0ef3229b4f18a7954698cc40c92.jpg,8,0.6225922107696533,0.26144808530807495,0.0193477775901556,0.031741801649332047,0.00252830539830029
000792_jpg.rf.3899b0ef3229b4f18a7954698cc40c92.jpg,0,0.3952012360095978,0.24226368963718414,0.015904022380709648,0.045259274542331696,0.0025170589797198772
000792_jpg.rf.3899b0ef3229b4f18a7954698cc40c92.jpg,1,0.20120222866535187,0.521767795085907,0.017810050398111343,0.047715552151203156,0.0024957091081887484
000792_jpg.rf.3899b0ef3229b4f18a7954698cc40c92.jpg,1,0.6655522584915161,0.4593580961227417,0.018840422853827477,0.017001518979668617,0.002012514043599367
000792_jpg.rf.3899b0ef3229b4f18a7954698cc40c92.jpg,1,0.36250317096710205,0.23726437985897064,0.025809435173869133,0.0720614492893219,0.0019541997462511063
000792_jpg.rf.3899b0ef3229b4f18a7954698cc40c92.jpg,0,0.2664560079574585,0.15008513629436493,0.029674291610717773,0.017202330753207207,0.0017092216294258833
000792_jpg.rf.3899b0ef3229b4f18a7954698cc40c92.jpg,1,0.3126915395259857,0.5196412205696106,0.018337726593017578,0.08533763885498047,0.0016948565607890487
000792_jpg.rf.3899b0ef3229b4f18a7954698cc40c92.jpg,1,0.2009342610836029,0.535750687122345,0.018369197845458984,0.06763000041246414,0.0014008197467774153
000797_jpg.rf.3d78d9d11140e03357ddde30e7e7e98e.jpg,7,0.5260733366012573,0.4587012827396393,0.3337697982788086,0.5935214161872864,0.940310537815094
000808_jpg.rf.8007590175a593bc5b4408a31ade3f3a.jpg,0,0.5438497066497803,0.23584049940109253,0.014328369870781898,0.06169014796614647,0.6618298292160034
000808_jpg.rf.8007590175a593bc5b4408a31ade3f3a.jpg,0,0.36394912004470825,0.24931277334690094,0.01547861099243164,0.06136125698685646,0.12862762808799744
000808_jpg.rf.8007590175a593bc5b4408a31ade3f3a.jpg,1,0.5777701139450073,0.5316197872161865,0.026333441957831383,0.04018251597881317,0.09454426169395447
000808_jpg.rf.8007590175a593bc5b4408a31ade3f3a.jpg,1,0.3640817105770111,0.2505173087120056,0.014796990901231766,0.05937748774886131,0.09010124206542969
000808_jpg.rf.8007590175a593bc5b4408a31ade3f3a.jpg,1,0.3296736180782318,0.5628535747528076,0.029094915837049484,0.12097274512052536,0.03255718946456909
000808_jpg.rf.8007590175a593bc5b4408a31ade3f3a.jpg,1,0.5777608752250671,0.5529916286468506,0.027620095759630203,0.08455877751111984,0.015423617325723171
000808_jpg.rf.8007590175a593bc5b4408a31ade3f3a.jpg,1,0.34480661153793335,0.562181830406189,0.05715799331665039,0.12188016623258591,0.013839535415172577
000808_jpg.rf.8007590175a593bc5b4408a31ade3f3a.jpg,1,0.36187824606895447,0.2676220238208771,0.013539901003241539,0.029125414788722992,0.003891800995916128
000808_jpg.rf.8007590175a593bc5b4408a31ade3f3a.jpg,0,0.15703894197940826,0.010927917435765266,0.01844710484147072,0.021855834871530533,0.002745036268606782
000808_jpg.rf.8007590175a593bc5b4408a31ade3f3a.jpg,0,0.5394203066825867,0.23433923721313477,0.017398614436388016,0.05204563960433006,0.0024735922925174236
000808_jpg.rf.8007590175a593bc5b4408a31ade3f3a.jpg,0,0.5489515662193298,0.23624974489212036,0.01513030007481575,0.054650213569402695,0.002463275333866477
000808_jpg.rf.8007590175a593bc5b4408a31ade3f3a.jpg,8,0.568196713924408,0.23577624559402466,0.013299171812832355,0.017901988700032234,0.0024008764885365963
000808_jpg.rf.8007590175a593bc5b4408a31ade3f3a.jpg,1,0.5769569277763367,0.5613102316856384,0.027146706357598305,0.14032667875289917,0.0022782713640481234
000808_jpg.rf.8007590175a593bc5b4408a31ade3f3a.jpg,1,0.6044577360153198,0.2887997031211853,0.021854950115084648,0.06203508377075195,0.002175399800762534
000808_jpg.rf.8007590175a593bc5b4408a31ade3f3a.jpg,1,0.41891294717788696,0.5977663397789001,0.2092188000679016,0.21137864887714386,0.0014688036171719432
000809_jpg.rf.dcd99922c592f3b634ddb443bf40dce1.jpg,1,0.33876147866249084,0.15349534153938293,0.024124108254909515,0.09226478636264801,0.6907457113265991
000809_jpg.rf.dcd99922c592f3b634ddb443bf40dce1.jpg,1,0.5510018467903137,0.12918607890605927,0.01898956298828125,0.09075446426868439,0.6298405528068542
000809_jpg.rf.dcd99922c592f3b634ddb443bf40dce1.jpg,1,0.8338603973388672,0.27925267815589905,0.0188594963401556,0.06452701985836029,0.6151941418647766
000809_jpg.rf.dcd99922c592f3b634ddb443bf40dce1.jpg,1,0.8279403448104858,0.15186259150505066,0.02614344097673893,0.08457794785499573,0.31939440965652466
000809_jpg.rf.dcd99922c592f3b634ddb443bf40dce1.jpg,0,0.8267924785614014,0.15060746669769287,0.025470733642578125,0.08623608946800232,0.2808210849761963
000809_jpg.rf.dcd99922c592f3b634ddb443bf40dce1.jpg,9,0.6295220255851746,0.2999018430709839,0.023529712110757828,0.04361695423722267,0.15658038854599
000809_jpg.rf.dcd99922c592f3b634ddb443bf40dce1.jpg,1,0.3269093632698059,0.3175799548625946,0.026707831770181656,0.02638077735900879,0.08732014894485474
000809_jpg.rf.dcd99922c592f3b634ddb443bf40dce1.jpg,1,0.8219445943832397,0.03739100322127342,0.02737162634730339,0.07428144663572311,0.06996895372867584
000809_jpg.rf.dcd99922c592f3b634ddb443bf40dce1.jpg,9,0.5767355561256409,0.1358172595500946,0.023847030475735664,0.05585159733891487,0.043900564312934875
000809_jpg.rf.dcd99922c592f3b634ddb443bf40dce1.jpg,1,0.8281126022338867,0.2778424024581909,0.0276641845703125,0.06056633219122887,0.03090985119342804
000809_jpg.rf.dcd99922c592f3b634ddb443bf40dce1.jpg,8,0.6290194988250732,0.3009980320930481,0.02641024999320507,0.04139142856001854,0.018875250592827797
000809_jpg.rf.dcd99922c592f3b634ddb443bf40dce1.jpg,0,0.8229978084564209,0.040216200053691864,0.03415988013148308,0.07948633283376694,0.010541905649006367
000809_jpg.rf.dcd99922c592f3b634ddb443bf40dce1.jpg,0,0.5861406922340393,0.5119749903678894,0.015719890594482422,0.05007677897810936,0.010236628353595734
000809_jpg.rf.dcd99922c592f3b634ddb443bf40dce1.jpg,8,0.57649165391922,0.13371466100215912,0.026977356523275375,0.061508700251579285,0.008884983137249947
000809_jpg.rf.dcd99922c592f3b634ddb443bf40dce1.jpg,1,0.5775930285453796,0.27634066343307495,0.01374031975865364,0.04278149828314781,0.007277513854205608
000809_jpg.rf.dcd99922c592f3b634ddb443bf40dce1.jpg,1,0.5868040323257446,0.5168598890304565,0.013816430233418941,0.04088783264160156,0.00567288463935256
000809_jpg.rf.dcd99922c592f3b634ddb443bf40dce1.jpg,0,0.6287888884544373,0.30557695031166077,0.026889251545071602,0.03343706950545311,0.002698699478060007
000809_jpg.rf.dcd99922c592f3b634ddb443bf40dce1.jpg,1,0.5265888571739197,0.13299372792243958,0.01689988002181053,0.08219161629676819,0.0017981423297896981
000811_jpg.rf.142d78a345147dc179446aa8ec1191ce.jpg,1,0.5023218989372253,0.28484565019607544,0.018388967961072922,0.0559409037232399,0.6399335861206055
000811_jpg.rf.142d78a345147dc179446aa8ec1191ce.jpg,1,0.3059748411178589,0.28462275862693787,0.012640237808227539,0.04926193505525589,0.6136785745620728
000811_jpg.rf.142d78a345147dc179446aa8ec1191ce.jpg,1,0.5483776926994324,0.145512193441391,0.020808586850762367,0.05571478232741356,0.18907977640628815
000811_jpg.rf.142d78a345147dc179446aa8ec1191ce.jpg,0,0.5500818490982056,0.14389170706272125,0.01931135542690754,0.05877694860100746,0.03889830783009529
000811_jpg.rf.142d78a345147dc179446aa8ec1191ce.jpg,8,0.47627705335617065,0.2875562608242035,0.022376060485839844,0.0369599424302578,0.03590831905603409
000811_jpg.rf.142d78a345147dc179446aa8ec1191ce.jpg,0,0.28443267941474915,0.13891249895095825,0.010030746459960938,0.04379194602370262,0.03583720698952675
000811_jpg.rf.142d78a345147dc179446aa8ec1191ce.jpg,0,0.5604842901229858,0.14397208392620087,0.012184913270175457,0.059354882687330246,0.03447086736559868
000811_jpg.rf.142d78a345147dc179446aa8ec1191ce.jpg,1,0.6873982548713684,0.26317086815834045,0.018785476684570312,0.0958777368068695,0.013354319147765636
000811_jpg.rf.142d78a345147dc179446aa8ec1191ce.jpg,1,0.6874591112136841,0.2788909077644348,0.01631663367152214,0.06375733017921448,0.012729693204164505
000811_jpg.rf.142d78a345147dc179446aa8ec1191ce.jpg,1,0.3056965470314026,0.30881068110466003,0.01521550677716732,0.023663245141506195,0.007842205464839935
000811_jpg.rf.142d78a345147dc179446aa8ec1191ce.jpg,1,0.6860564351081848,0.2427309900522232,0.016880108043551445,0.05465575307607651,0.004595540929585695
000811_jpg.rf.142d78a345147dc179446aa8ec1191ce.jpg,9,0.7596743702888489,0.3767208755016327,0.019141491502523422,0.08564842492341995,0.004521478898823261
000811_jpg.rf.142d78a345147dc179446aa8ec1191ce.jpg,1,0.7585139870643616,0.3540189564228058,0.019169000908732414,0.04481355845928192,0.004395552910864353
000811_jpg.rf.142d78a345147dc179446aa8ec1191ce.jpg,8,0.4735094904899597,0.29420146346092224,0.019220571964979172,0.020322762429714203,0.004322374705225229
000811_jpg.rf.142d78a345147dc179446aa8ec1191ce.jpg,1,0.3002556562423706,0.28675007820129395,0.014189334586262703,0.05086660385131836,0.004311403259634972
000811_jpg.rf.142d78a345147dc179446aa8ec1191ce.jpg,1,0.762650728225708,0.37678971886634827,0.023344406858086586,0.08903283625841141,0.003935747314244509
000811_jpg.rf.142d78a345147dc179446aa8ec1191ce.jpg,1,0.503166675567627,0.298990935087204,0.025498390197753906,0.09440354257822037,0.0028311791829764843
000811_jpg.rf.142d78a345147dc179446aa8ec1191ce.jpg,1,0.5175936818122864,0.2822505831718445,0.009767715819180012,0.04686373844742775,0.002188177779316902
000811_jpg.rf.142d78a345147dc179446aa8ec1191ce.jpg,8,0.11785590648651123,0.5394651889801025,0.06364697962999344,0.07832372933626175,0.0017043313710018992
000811_jpg.rf.142d78a345147dc179446aa8ec1191ce.jpg,1,0.7269404530525208,0.36355674266815186,0.017683763056993484,0.059980981051921844,0.001451952033676207
000811_jpg.rf.142d78a345147dc179446aa8ec1191ce.jpg,0,0.5644763708114624,0.1201491504907608,0.011102749966084957,0.012533142231404781,0.001437723753042519
000811_jpg.rf.142d78a345147dc179446aa8ec1191ce.jpg,9,0.07993409037590027,0.23710371553897858,0.014243433251976967,0.06266645342111588,0.0013245726004242897
000811_jpg.rf.142d78a345147dc179446aa8ec1191ce.jpg,10,0.39677077531814575,0.4461331367492676,0.015073115937411785,0.012755760923027992,0.0012861228315159678
000811_jpg.rf.142d78a345147dc179446aa8ec1191ce.jpg,9,0.4807254374027252,0.454975962638855,0.010422706604003906,0.03276216238737106,0.001157265272922814
000811_jpg.rf.142d78a345147dc179446aa8ec1191ce.jpg,1,0.4749355912208557,0.29278311133384705,0.015830039978027344,0.031079493463039398,0.0010898795444518328
000811_jpg.rf.142d78a345147dc179446aa8ec1191ce.jpg,1,0.501046359539032,0.3152521550655365,0.023092856630682945,0.051255520433187485,0.0010694151278585196
000815_jpg.rf.29afabe5f464c19bf77856ba5a90bd1e.jpg,8,0.6419777274131775,0.57642662525177,0.2179172933101654,0.31287720799446106,0.9491288065910339
000815_jpg.rf.29afabe5f464c19bf77856ba5a90bd1e.jpg,1,0.1839698851108551,0.41455942392349243,0.0794512927532196,0.05398988723754883,0.038447123020887375
000815_jpg.rf.29afabe5f464c19bf77856ba5a90bd1e.jpg,8,0.527847945690155,0.31183895468711853,0.22612230479717255,0.19592538475990295,0.03221907094120979
000815_jpg.rf.29afabe5f464c19bf77856ba5a90bd1e.jpg,1,0.2643224596977234,0.33644646406173706,0.013790221884846687,0.03847188130021095,0.024549594148993492
000815_jpg.rf.29afabe5f464c19bf77856ba5a90bd1e.jpg,1,0.24942532181739807,0.40622976422309875,0.03340721130371094,0.07408945262432098,0.010553501546382904
000815_jpg.rf.29afabe5f464c19bf77856ba5a90bd1e.jpg,0,0.621029257774353,0.008025621995329857,0.07911282032728195,0.016051243990659714,0.005766686983406544
000815_jpg.rf.29afabe5f464c19bf77856ba5a90bd1e.jpg,8,0.6683070659637451,0.3101579248905182,0.5106372237205505,0.19212175905704498,0.005075021646916866
000815_jpg.rf.29afabe5f464c19bf77856ba5a90bd1e.jpg,0,0.2910282015800476,0.9873936176300049,0.03361626714468002,0.02263678051531315,0.004842763766646385
000815_jpg.rf.29afabe5f464c19bf77856ba5a90bd1e.jpg,1,0.1717611849308014,0.4054519534111023,0.05849204584956169,0.06852413713932037,0.004211390390992165
000815_jpg.rf.29afabe5f464c19bf77856ba5a90bd1e.jpg,0,0.30222588777542114,0.9871227741241455,0.057558443397283554,0.02533435821533203,0.002644477179273963
000815_jpg.rf.29afabe5f464c19bf77856ba5a90bd1e.jpg,0,0.7322307229042053,0.987045168876648,0.018067212775349617,0.02323378063738346,0.002308024326339364
000815_jpg.rf.29afabe5f464c19bf77856ba5a90bd1e.jpg,1,0.18635548651218414,0.37395936250686646,0.014639322645962238,0.04963970184326172,0.0020133014768362045
000815_jpg.rf.29afabe5f464c19bf77856ba5a90bd1e.jpg,1,0.1630743443965912,0.40316104888916016,0.03222203254699707,0.06492717564105988,0.0014260989846661687
000815_jpg.rf.29afabe5f464c19bf77856ba5a90bd1e.jpg,0,0.29731085896492004,0.8806298971176147,0.016298679634928703,0.0419921875,0.0014029270969331264
000822_jpg.rf.63b8e6ec737487b4e7e9e2ed48754226.jpg,13,0.6469554901123047,0.737157940864563,0.11046633124351501,0.15561141073703766,0.9895350337028503
000822_jpg.rf.63b8e6ec737487b4e7e9e2ed48754226.jpg,3,0.6463112235069275,0.7386040091514587,0.10991276055574417,0.15875515341758728,0.01668214611709118
000822_jpg.rf.63b8e6ec737487b4e7e9e2ed48754226.jpg,8,0.561320424079895,0.3127313256263733,0.026376724243164062,0.035360757261514664,0.003257045755162835
000822_jpg.rf.63b8e6ec737487b4e7e9e2ed48754226.jpg,1,0.6418628692626953,0.17520412802696228,0.017043480649590492,0.0160684771835804,0.0015704430406913161
000825_jpg.rf.dd850d3ac847bd61179c2191ebc02b37.jpg,1,0.3101896047592163,0.2655438184738159,0.012824077159166336,0.04915771260857582,0.7032474875450134
000825_jpg.rf.dd850d3ac847bd61179c2191ebc02b37.jpg,1,0.6195310354232788,0.24333661794662476,0.01737220399081707,0.019243422895669937,0.5129040479660034
000825_jpg.rf.dd850d3ac847bd61179c2191ebc02b37.jpg,1,0.2843055725097656,0.26552632451057434,0.010703985579311848,0.051048003137111664,0.503646731376648
000825_jpg.rf.dd850d3ac847bd61179c2191ebc02b37.jpg,1,0.535435676574707,0.4723300337791443,0.014027228578925133,0.049178894609212875,0.423456072807312
000825_jpg.rf.dd850d3ac847bd61179c2191ebc02b37.jpg,1,0.647843062877655,0.24218299984931946,0.05423795431852341,0.023758558556437492,0.4054805040359497
000825_jpg.rf.dd850d3ac847bd61179c2191ebc02b37.jpg,0,0.6518692374229431,0.2425273358821869,0.050309181213378906,0.025111565366387367,0.20869916677474976
000825_jpg.rf.dd850d3ac847bd61179c2191ebc02b37.jpg,1,0.4525941014289856,0.4730793237686157,0.014108841307461262,0.03874151408672333,0.1571226418018341
000825_jpg.rf.dd850d3ac847bd61179c2191ebc02b37.jpg,1,0.6352622509002686,0.44909578561782837,0.014624595642089844,0.02938193455338478,0.15093788504600525
000825_jpg.rf.dd850d3ac847bd61179c2191ebc02b37.jpg,1,0.6344677805900574,0.4453657567501068,0.015327894128859043,0.018315132707357407,0.14062218368053436
000825_jpg.rf.dd850d3ac847bd61179c2191ebc02b37.jpg,1,0.6186846494674683,0.2474270761013031,0.014217009767889977,0.029164019972085953,0.1076950952410698
000825_jpg.rf.dd850d3ac847bd61179c2191ebc02b37.jpg,1,0.6347941160202026,0.47532016038894653,0.01783767156302929,0.08311576396226883,0.09567788988351822
000825_jpg.rf.dd850d3ac847bd61179c2191ebc02b37.jpg,1,0.488446980714798,0.3925115466117859,0.03386743366718292,0.01382196880877018,0.08787038177251816
000825_jpg.rf.dd850d3ac847bd61179c2191ebc02b37.jpg,1,0.693364143371582,0.4618762135505676,0.020951490849256516,0.01884310133755207,0.07025311142206192
000825_jpg.rf.dd850d3ac847bd61179c2191ebc02b37.jpg,1,0.294129878282547,0.26640138030052185,0.016301246359944344,0.05438929423689842,0.047419849783182144
000825_jpg.rf.dd850d3ac847bd61179c2191ebc02b37.jpg,1,0.8317670226097107,0.5168691873550415,0.05826517194509506,0.03475809097290039,0.042829565703868866
000825_jpg.rf.dd850d3ac847bd61179c2191ebc02b37.jpg,1,0.30818140506744385,0.27134960889816284,0.01750597544014454,0.060975734144449234,0.03934432566165924
000825_jpg.rf.dd850d3ac847bd61179c2191ebc02b37.jpg,1,0.6179502010345459,0.25710952281951904,0.012491189874708652,0.04702525958418846,0.031127067282795906
000825_jpg.rf.dd850d3ac847bd61179c2191ebc02b37.jpg,1,0.9129550457000732,0.05450514331459999,0.029539842158555984,0.10446681082248688,0.020596971735358238
000825_jpg.rf.dd850d3ac847bd61179c2191ebc02b37.jpg,1,0.28708159923553467,0.2620781362056732,0.015190692618489265,0.04478418081998825,0.01847710832953453
000825_jpg.rf.dd850d3ac847bd61179c2191ebc02b37.jpg,1,0.4312169849872589,0.46844175457954407,0.01770375296473503,0.042679015547037125,0.017632417380809784
000825_jpg.rf.dd850d3ac847bd61179c2191ebc02b37.jpg,1,0.29050835967063904,0.2646147608757019,0.01077640987932682,0.04680261388421059,0.017115620896220207
000825_jpg.rf.dd850d3ac847bd61179c2191ebc02b37.jpg,1,0.6918336153030396,0.4802900552749634,0.01944505237042904,0.05791623890399933,0.016639232635498047
000825_jpg.rf.dd850d3ac847bd61179c2191ebc02b37.jpg,14,0.832351803779602,0.5180923342704773,0.05845069885253906,0.033883094787597656,0.013039769604802132
000825_jpg.rf.dd850d3ac847bd61179c2191ebc02b37.jpg,1,0.6898676156997681,0.4592439532279968,0.030302342027425766,0.02339942567050457,0.012007435783743858
000825_jpg.rf.dd850d3ac847bd61179c2191ebc02b37.jpg,1,0.4493805170059204,0.4711001515388489,0.018447471782565117,0.04719121754169464,0.010704332031309605
000825_jpg.rf.dd850d3ac847bd61179c2191ebc02b37.jpg,1,0.635826826095581,0.2455701231956482,0.04858148843050003,0.02878192812204361,0.006840245798230171
000825_jpg.rf.dd850d3ac847bd61179c2191ebc02b37.jpg,1,0.622705340385437,0.24196219444274902,0.02562178112566471,0.023842187598347664,0.006420031189918518
000825_jpg.rf.dd850d3ac847bd61179c2191ebc02b37.jpg,1,0.2827704846858978,0.2774500250816345,0.016134444624185562,0.05942326411604881,0.004624504595994949
000825_jpg.rf.dd850d3ac847bd61179c2191ebc02b37.jpg,1,0.48868101835250854,0.38775336742401123,0.03080727532505989,0.021414097398519516,0.0036781684029847383
000825_jpg.rf.dd850d3ac847bd61179c2191ebc02b37.jpg,1,0.5371099710464478,0.5094744563102722,0.020359588786959648,0.10649776458740234,0.0027628291863948107
000825_jpg.rf.dd850d3ac847bd61179c2191ebc02b37.jpg,1,0.6693519949913025,0.45637640357017517,0.019654421135783195,0.02349376678466797,0.0027007998432964087
000825_jpg.rf.dd850d3ac847bd61179c2191ebc02b37.jpg,0,0.9750909805297852,0.13624054193496704,0.04642794653773308,0.028209971264004707,0.002530324039980769
000825_jpg.rf.dd850d3ac847bd61179c2191ebc02b37.jpg,0,0.9133227467536926,0.05506633222103119,0.03199555352330208,0.11013266444206238,0.002464549383148551
000825_jpg.rf.dd850d3ac847bd61179c2191ebc02b37.jpg,0,0.4198797047138214,0.34394028782844543,0.025828178972005844,0.02577972412109375,0.002408647211268544
000825_jpg.rf.dd850d3ac847bd61179c2191ebc02b37.jpg,1,0.3131521940231323,0.2716463506221771,0.014586539939045906,0.05627907067537308,0.0016545886173844337
000825_jpg.rf.dd850d3ac847bd61179c2191ebc02b37.jpg,1,0.6602909564971924,0.4535577595233917,0.017535796388983727,0.022820215672254562,0.0013585446868091822
000825_jpg.rf.dd850d3ac847bd61179c2191ebc02b37.jpg,1,0.6607685089111328,0.46623724699020386,0.013484368100762367,0.01738739013671875,0.0013106201076880097
000825_jpg.rf.dd850d3ac847bd61179c2191ebc02b37.jpg,0,0.7372519373893738,0.20398633182048798,0.08590830117464066,0.05290079116821289,0.0010865662479773164
000825_jpg.rf.dd850d3ac847bd61179c2191ebc02b37.jpg,1,0.5714648365974426,0.4662235677242279,0.022313667461276054,0.03997098654508591,0.0010665536392480135
000825_jpg.rf.dd850d3ac847bd61179c2191ebc02b37.jpg,1,0.5596511363983154,0.46616876125335693,0.014689628966152668,0.03234613686800003,0.001050013117492199
000825_jpg.rf.dd850d3ac847bd61179c2191ebc02b37.jpg,0,0.37843865156173706,0.3847476840019226,0.013774247840046883,0.04298723489046097,0.0010215566726401448
000831_jpg.rf.09392428bf69f0de8c937caec3590319.jpg,9,0.5059384107589722,0.1664041131734848,0.08017253875732422,0.16466838121414185,0.9048675298690796
000831_jpg.rf.09392428bf69f0de8c937caec3590319.jpg,12,0.5068785548210144,0.38774988055229187,0.08273278921842575,0.1713515818119049,0.7269696593284607
000831_jpg.rf.09392428bf69f0de8c937caec3590319.jpg,13,0.5051957964897156,0.3871001899242401,0.08307552337646484,0.1694394052028656,0.7239173054695129
000831_jpg.rf.09392428bf69f0de8c937caec3590319.jpg,11,0.5066284537315369,0.16236771643161774,0.07818929851055145,0.17161907255649567,0.34002625942230225
000831_jpg.rf.09392428bf69f0de8c937caec3590319.jpg,10,0.5056117177009583,0.38683003187179565,0.0852271243929863,0.15555861592292786,0.04968807473778725
000831_jpg.rf.09392428bf69f0de8c937caec3590319.jpg,11,0.5040597915649414,0.3899102210998535,0.08572233468294144,0.16835419833660126,0.020022431388497353
000831_jpg.rf.09392428bf69f0de8c937caec3590319.jpg,10,0.1970706731081009,0.6037693619728088,0.012700741179287434,0.033677175641059875,0.012011939659714699
000831_jpg.rf.09392428bf69f0de8c937caec3590319.jpg,1,0.19309666752815247,0.006008799187839031,0.09761237353086472,0.012017598375678062,0.00954141654074192
000831_jpg.rf.09392428bf69f0de8c937caec3590319.jpg,10,0.5078328847885132,0.1641748547554016,0.08118505030870438,0.1677500605583191,0.0032256317790597677
000831_jpg.rf.09392428bf69f0de8c937caec3590319.jpg,1,0.16796061396598816,0.005369149148464203,0.04681139811873436,0.010738298296928406,0.00174078403506428
000831_jpg.rf.09392428bf69f0de8c937caec3590319.jpg,1,0.5618480443954468,0.29175040125846863,0.18708552420139313,0.49667689204216003,0.0015066993655636907
000831_jpg.rf.09392428bf69f0de8c937caec3590319.jpg,4,0.5063915848731995,0.3855651021003723,0.08419154584407806,0.14457273483276367,0.0010125648695975542
000833_jpg.rf.a774fb7c4620c050e43d66a0062137af.jpg,5,0.7382748126983643,0.4453018009662628,0.07330821454524994,0.1555832028388977,0.5531217455863953
000833_jpg.rf.a774fb7c4620c050e43d66a0062137af.jpg,11,0.7387536764144897,0.44529005885124207,0.07571396231651306,0.15578413009643555,0.537170946598053
000833_jpg.rf.a774fb7c4620c050e43d66a0062137af.jpg,4,0.7386038899421692,0.4447801411151886,0.07397974282503128,0.15374429523944855,0.41362905502319336
000833_jpg.rf.a774fb7c4620c050e43d66a0062137af.jpg,0,0.7284637093544006,0.559441328048706,0.025613270699977875,0.017259780317544937,0.001017507747747004
000836_jpg.rf.c262dc2f875c2d27c5358091bec7f23c.jpg,13,0.8797080516815186,0.13285835087299347,0.1399357169866562,0.2565082013607025,0.9878732562065125
000836_jpg.rf.c262dc2f875c2d27c5358091bec7f23c.jpg,1,0.21953919529914856,0.2275843620300293,0.30273914337158203,0.07967934012413025,0.5698943138122559
000836_jpg.rf.c262dc2f875c2d27c5358091bec7f23c.jpg,1,0.30449870228767395,0.23116937279701233,0.322323739528656,0.08440331369638443,0.24870598316192627
000836_jpg.rf.c262dc2f875c2d27c5358091bec7f23c.jpg,1,0.3060574531555176,0.2254612296819687,0.08634961396455765,0.06200546398758888,0.22151674330234528
000836_jpg.rf.c262dc2f875c2d27c5358091bec7f23c.jpg,9,0.4221099019050598,0.773507833480835,0.03715907782316208,0.06536073237657547,0.1823025941848755
000836_jpg.rf.c262dc2f875c2d27c5358091bec7f23c.jpg,8,0.4222326874732971,0.7728613615036011,0.03707122802734375,0.064826600253582,0.12707050144672394
000836_jpg.rf.c262dc2f875c2d27c5358091bec7f23c.jpg,1,0.12648403644561768,0.09294889867305756,0.25296807289123535,0.08171112835407257,0.1009601354598999
000836_jpg.rf.c262dc2f875c2d27c5358091bec7f23c.jpg,1,0.11138813942670822,0.0893431231379509,0.04996943473815918,0.059514567255973816,0.09933482855558395
000836_jpg.rf.c262dc2f875c2d27c5358091bec7f23c.jpg,10,0.42204850912094116,0.773870050907135,0.037491027265787125,0.06632636487483978,0.08202187716960907
000836_jpg.rf.c262dc2f875c2d27c5358091bec7f23c.jpg,1,0.10057442635297775,0.08820732682943344,0.02533268928527832,0.05811188369989395,0.07972689718008041
000836_jpg.rf.c262dc2f875c2d27c5358091bec7f23c.jpg,1,0.32202401757240295,0.508119523525238,0.6386159062385559,0.9431117177009583,0.07244949042797089
000836_jpg.rf.c262dc2f875c2d27c5358091bec7f23c.jpg,1,0.14624586701393127,0.22915686666965485,0.1707838624715805,0.06934252381324768,0.05693238601088524
000836_jpg.rf.c262dc2f875c2d27c5358091bec7f23c.jpg,1,0.5130597949028015,0.08618240803480148,0.025330176576972008,0.05935981497168541,0.04661344364285469
000836_jpg.rf.c262dc2f875c2d27c5358091bec7f23c.jpg,1,0.12480428814888,0.08954518288373947,0.05864563211798668,0.06142577901482582,0.030991313979029655
000836_jpg.rf.c262dc2f875c2d27c5358091bec7f23c.jpg,1,0.5121962428092957,0.08796770870685577,0.13118435442447662,0.06381098181009293,0.02883492410182953
000836_jpg.rf.c262dc2f875c2d27c5358091bec7f23c.jpg,1,0.13040250539779663,0.08882690966129303,0.03448710963129997,0.05980375036597252,0.027062956243753433
000836_jpg.rf.c262dc2f875c2d27c5358091bec7f23c.jpg,1,0.06848865747451782,0.09191936999559402,0.02595643885433674,0.06317462027072906,0.02216831035912037
000836_jpg.rf.c262dc2f875c2d27c5358091bec7f23c.jpg,1,0.4456305205821991,0.2211025506258011,0.014767463319003582,0.055294182151556015,0.019930101931095123
000836_jpg.rf.c262dc2f875c2d27c5358091bec7f23c.jpg,1,0.2315092831850052,0.2253986895084381,0.066072478890419,0.05914946645498276,0.014456967823207378
000836_jpg.rf.c262dc2f875c2d27c5358091bec7f23c.jpg,1,0.32698696851730347,0.2225821614265442,0.030815307050943375,0.05560183525085449,0.014289615675807
000836_jpg.rf.c262dc2f875c2d27c5358091bec7f23c.jpg,1,0.5383260250091553,0.08766326308250427,0.03949110209941864,0.05805408954620361,0.013144353404641151
000836_jpg.rf.c262dc2f875c2d27c5358091bec7f23c.jpg,1,0.4550209045410156,0.2262842059135437,0.08691006153821945,0.06310930848121643,0.012583260424435139
000836_jpg.rf.c262dc2f875c2d27c5358091bec7f23c.jpg,1,0.47137945890426636,0.2244277000427246,0.046115510165691376,0.0602349117398262,0.011484252288937569
000836_jpg.rf.c262dc2f875c2d27c5358091bec7f23c.jpg,1,0.29587090015411377,0.22466641664505005,0.03595453128218651,0.06121959909796715,0.010325905866920948
000836_jpg.rf.c262dc2f875c2d27c5358091bec7f23c.jpg,1,0.42689424753189087,0.8269418478012085,0.2162693440914154,0.3461162745952606,0.008809172548353672
000836_jpg.rf.c262dc2f875c2d27c5358091bec7f23c.jpg,1,0.45901042222976685,0.2231549173593521,0.019050780683755875,0.05716204643249512,0.00831659696996212
000836_jpg.rf.c262dc2f875c2d27c5358091bec7f23c.jpg,1,0.07970818877220154,0.08838973939418793,0.045386768877506256,0.05725669488310814,0.00801780540496111
000836_jpg.rf.c262dc2f875c2d27c5358091bec7f23c.jpg,1,0.21963080763816833,0.22521106898784637,0.03605806082487106,0.05606511980295181,0.007833494804799557
000836_jpg.rf.c262dc2f875c2d27c5358091bec7f23c.jpg,1,0.28361976146698,0.22896218299865723,0.16199296712875366,0.06822527199983597,0.007090537343174219
000836_jpg.rf.c262dc2f875c2d27c5358091bec7f23c.jpg,1,0.07493821531534195,0.0859815925359726,0.020043808966875076,0.052757736295461655,0.0067170849069952965
000836_jpg.rf.c262dc2f875c2d27c5358091bec7f23c.jpg,11,0.3147294819355011,0.04428909346461296,0.011085620149970055,0.018860936164855957,0.005844139959663153
000836_jpg.rf.c262dc2f875c2d27c5358091bec7f23c.jpg,1,0.1154109537601471,0.09277457743883133,0.09360837936401367,0.07531074434518814,0.005291351117193699
000836_jpg.rf.c262dc2f875c2d27c5358091bec7f23c.jpg,1,0.297993540763855,0.23656870424747467,0.5936053991317749,0.3613155782222748,0.004949974361807108
000836_jpg.rf.c262dc2f875c2d27c5358091bec7f23c.jpg,1,0.4737699329853058,0.09716334939002991,0.24760936200618744,0.08228813856840134,0.0034762495197355747
000836_jpg.rf.c262dc2f875c2d27c5358091bec7f23c.jpg,1,0.2438027262687683,0.04341091215610504,0.011154266074299812,0.015373672358691692,0.0026967853773385286
000836_jpg.rf.c262dc2f875c2d27c5358091bec7f23c.jpg,1,0.10961176455020905,0.1043296679854393,0.2192235291004181,0.12880833446979523,0.0026249727234244347
000836_jpg.rf.c262dc2f875c2d27c5358091bec7f23c.jpg,1,0.18345023691654205,0.22597958147525787,0.044948760420084,0.05884280428290367,0.0023451463785022497
000836_jpg.rf.c262dc2f875c2d27c5358091bec7f23c.jpg,1,0.309427410364151,0.22202284634113312,0.057316504418849945,0.056249286979436874,0.002110016066581011
000836_jpg.rf.c262dc2f875c2d27c5358091bec7f23c.jpg,1,0.2449921816587448,0.22648507356643677,0.12182041257619858,0.06285977363586426,0.0020522947888821363
000836_jpg.rf.c262dc2f875c2d27c5358091bec7f23c.jpg,1,0.15625016391277313,0.21309468150138855,0.021273089572787285,0.0839846134185791,0.0018135046120733023
000836_jpg.rf.c262dc2f875c2d27c5358091bec7f23c.jpg,1,0.12114477157592773,0.20076125860214233,0.24228954315185547,0.3148137927055359,0.0016323934542015195
000836_jpg.rf.c262dc2f875c2d27c5358091bec7f23c.jpg,1,0.4902188181877136,0.08532817661762238,0.01768721081316471,0.06019037216901779,0.0015277126803994179
000836_jpg.rf.c262dc2f875c2d27c5358091bec7f23c.jpg,1,0.18354734778404236,0.22393132746219635,0.02467126026749611,0.05614650994539261,0.0014008537400513887
000836_jpg.rf.c262dc2f875c2d27c5358091bec7f23c.jpg,1,0.44679591059684753,0.1972242146730423,0.013562312349677086,0.02304762974381447,0.001394125516526401
000836_jpg.rf.c262dc2f875c2d27c5358091bec7f23c.jpg,1,0.42266765236854553,0.22163131833076477,0.024685969576239586,0.054782684892416,0.001321475370787084
000836_jpg.rf.c262dc2f875c2d27c5358091bec7f23c.jpg,1,0.13425609469413757,0.2904401123523712,0.26783648133277893,0.5164624452590942,0.0010826833313331008
000836_jpg.rf.c262dc2f875c2d27c5358091bec7f23c.jpg,1,0.3836548924446106,0.2317911982536316,0.24721482396125793,0.1022477000951767,0.0010456836316734552
000841_jpg.rf.82ac37a263cc3771094f878f75519d3c.jpg,7,0.714442253112793,0.6147581338882446,0.28421860933303833,0.4259626269340515,0.9476980566978455
000854_JPG_jpg.rf.c2dbb2abedf6e49d74effc7a8945ed99.jpg,0,0.032491445541381836,0.4181218445301056,0.06498289108276367,0.037952497601509094,0.6602221131324768
000854_JPG_jpg.rf.c2dbb2abedf6e49d74effc7a8945ed99.jpg,0,0.8373860716819763,0.3074285089969635,0.08213197439908981,0.04320124536752701,0.6345213651657104
000854_JPG_jpg.rf.c2dbb2abedf6e49d74effc7a8945ed99.jpg,0,0.5556284785270691,0.5692149996757507,0.02169513702392578,0.022634286433458328,0.15493668615818024
000854_JPG_jpg.rf.c2dbb2abedf6e49d74effc7a8945ed99.jpg,9,0.19134657084941864,0.48121199011802673,0.054987046867609024,0.0751132220029831,0.03877327963709831
000854_JPG_jpg.rf.c2dbb2abedf6e49d74effc7a8945ed99.jpg,0,0.5680039525032043,0.5702769756317139,0.04733162745833397,0.021929923444986343,0.033635664731264114
000854_JPG_jpg.rf.c2dbb2abedf6e49d74effc7a8945ed99.jpg,1,0.2566031217575073,0.30849435925483704,0.011490070261061192,0.0214044488966465,0.023390457034111023
000854_JPG_jpg.rf.c2dbb2abedf6e49d74effc7a8945ed99.jpg,0,0.5527347326278687,0.5616639256477356,0.01616782322525978,0.03508388251066208,0.021308105438947678
000854_JPG_jpg.rf.c2dbb2abedf6e49d74effc7a8945ed99.jpg,0,0.5998716354370117,0.3020487427711487,0.025470366701483727,0.12678326666355133,0.021117743104696274
000854_JPG_jpg.rf.c2dbb2abedf6e49d74effc7a8945ed99.jpg,1,0.3055550456047058,0.49185582995414734,0.0135821383446455,0.022618476301431656,0.019426759332418442
000854_JPG_jpg.rf.c2dbb2abedf6e49d74effc7a8945ed99.jpg,0,0.24149911105632782,0.6273995637893677,0.029499568045139313,0.03012007847428322,0.017762353643774986
000854_JPG_jpg.rf.c2dbb2abedf6e49d74effc7a8945ed99.jpg,0,0.03591643646359444,0.3657500147819519,0.07073099166154861,0.14445707201957703,0.01587158627808094
000854_JPG_jpg.rf.c2dbb2abedf6e49d74effc7a8945ed99.jpg,1,0.03617193549871445,0.418565958738327,0.0723438709974289,0.04090738296508789,0.015826515853405
000854_JPG_jpg.rf.c2dbb2abedf6e49d74effc7a8945ed99.jpg,1,0.1370101124048233,0.0246255062520504,0.02892470359802246,0.048610471189022064,0.013271158561110497
000854_JPG_jpg.rf.c2dbb2abedf6e49d74effc7a8945ed99.jpg,0,0.22969865798950195,0.6267818212509155,0.019372757524251938,0.023239869624376297,0.0111964987590909
000854_JPG_jpg.rf.c2dbb2abedf6e49d74effc7a8945ed99.jpg,0,0.24119046330451965,0.6174694299697876,0.02357921190559864,0.04469376429915428,0.008521360345184803
000854_JPG_jpg.rf.c2dbb2abedf6e49d74effc7a8945ed99.jpg,0,0.2202194631099701,0.6282139420509338,0.022161778062582016,0.019563822075724602,0.008243871852755547
000854_JPG_jpg.rf.c2dbb2abedf6e49d74effc7a8945ed99.jpg,0,0.5510113835334778,0.5681083798408508,0.01895981654524803,0.023893356323242188,0.0070130773819983006
000854_JPG_jpg.rf.c2dbb2abedf6e49d74effc7a8945ed99.jpg,9,0.3725924789905548,0.5720611214637756,0.01645554043352604,0.03537243977189064,0.0063642277382314205
000854_JPG_jpg.rf.c2dbb2abedf6e49d74effc7a8945ed99.jpg,0,0.028740206733345985,0.4298303425312042,0.05748041346669197,0.04537791386246681,0.005636173766106367
000854_JPG_jpg.rf.c2dbb2abedf6e49d74effc7a8945ed99.jpg,0,0.5480114817619324,0.5599343776702881,0.012367908842861652,0.031646911054849625,0.004886537324637175
000854_JPG_jpg.rf.c2dbb2abedf6e49d74effc7a8945ed99.jpg,0,0.5691763162612915,0.5614802837371826,0.041756078600883484,0.023370156064629555,0.004818460904061794
000854_JPG_jpg.rf.c2dbb2abedf6e49d74effc7a8945ed99.jpg,0,0.23287685215473175,0.6134414076805115,0.016377028077840805,0.05193193256855011,0.004534829407930374
000854_JPG_jpg.rf.c2dbb2abedf6e49d74effc7a8945ed99.jpg,9,0.29647448658943176,0.6374291777610779,0.017015181481838226,0.06127786636352539,0.003980299457907677
000854_JPG_jpg.rf.c2dbb2abedf6e49d74effc7a8945ed99.jpg,0,0.2405555099248886,0.6111708283424377,0.017991341650485992,0.04241121560335159,0.003439800115302205
000854_JPG_jpg.rf.c2dbb2abedf6e49d74effc7a8945ed99.jpg,14,0.1909501701593399,0.48254168033599854,0.056709013879299164,0.08104056864976883,0.003406777046620846
000854_JPG_jpg.rf.c2dbb2abedf6e49d74effc7a8945ed99.jpg,0,0.5463152527809143,0.546027660369873,0.013157184235751629,0.029937744140625,0.003035943955183029
000854_JPG_jpg.rf.c2dbb2abedf6e49d74effc7a8945ed99.jpg,0,0.5688592791557312,0.5754464864730835,0.043791770935058594,0.021122565492987633,0.0027285797987133265
000854_JPG_jpg.rf.c2dbb2abedf6e49d74effc7a8945ed99.jpg,0,0.04384145513176918,0.35797274112701416,0.035242535173892975,0.14441663026809692,0.002525157993659377
000854_JPG_jpg.rf.c2dbb2abedf6e49d74effc7a8945ed99.jpg,1,0.3081282377243042,0.512425422668457,0.015595050528645515,0.06318206340074539,0.002462324220687151
000854_JPG_jpg.rf.c2dbb2abedf6e49d74effc7a8945ed99.jpg,0,0.21965640783309937,0.614893913269043,0.018721286207437515,0.045007411390542984,0.002156551694497466
000854_JPG_jpg.rf.c2dbb2abedf6e49d74effc7a8945ed99.jpg,0,0.5516300797462463,0.5485496520996094,0.014492695219814777,0.03996980935335159,0.0019606086425483227
000854_JPG_jpg.rf.c2dbb2abedf6e49d74effc7a8945ed99.jpg,0,0.2358408272266388,0.6055727601051331,0.014818246476352215,0.058024149388074875,0.001700831693597138
000854_JPG_jpg.rf.c2dbb2abedf6e49d74effc7a8945ed99.jpg,10,0.6282562613487244,0.5958763360977173,0.014370477758347988,0.021935058757662773,0.001560875796712935
000854_JPG_jpg.rf.c2dbb2abedf6e49d74effc7a8945ed99.jpg,1,0.19481025636196136,0.5656570196151733,0.07639474421739578,0.24387048184871674,0.0010990885784849524
000854_JPG_jpg.rf.c2dbb2abedf6e49d74effc7a8945ed99.jpg,3,0.7252435088157654,0.6684288382530212,0.04173711687326431,0.10421407967805862,0.0010743594029918313
000860_jpg.rf.96ab0958df78e7af07071f6d1dd7b6e6.jpg,1,0.29357850551605225,0.22073844075202942,0.01296687126159668,0.05925266444683075,0.5855714678764343
000860_jpg.rf.96ab0958df78e7af07071f6d1dd7b6e6.jpg,1,0.6884780526161194,0.19417047500610352,0.015644367784261703,0.02292603626847267,0.5761054158210754
000860_jpg.rf.96ab0958df78e7af07071f6d1dd7b6e6.jpg,1,0.7196121215820312,0.20921173691749573,0.0121779078617692,0.05986756458878517,0.563311755657196
000860_jpg.rf.96ab0958df78e7af07071f6d1dd7b6e6.jpg,1,0.2583042085170746,0.22241607308387756,0.014317145571112633,0.058793067932128906,0.4401344954967499
000860_jpg.rf.96ab0958df78e7af07071f6d1dd7b6e6.jpg,0,0.7447147965431213,0.20294028520584106,0.01379409246146679,0.018436046317219734,0.16498123109340668
000860_jpg.rf.96ab0958df78e7af07071f6d1dd7b6e6.jpg,1,0.26258721947669983,0.2214563637971878,0.018077464774250984,0.05749988555908203,0.052860379219055176
000860_jpg.rf.96ab0958df78e7af07071f6d1dd7b6e6.jpg,1,0.6905162334442139,0.2104473114013672,0.013896648772060871,0.05285824090242386,0.04327806085348129
000860_jpg.rf.96ab0958df78e7af07071f6d1dd7b6e6.jpg,1,0.706256628036499,0.19323775172233582,0.03610038757324219,0.0253567136824131,0.04091919586062431
000860_jpg.rf.96ab0958df78e7af07071f6d1dd7b6e6.jpg,1,0.2894578278064728,0.2194066345691681,0.018131457269191742,0.05192666873335838,0.03787153586745262
000860_jpg.rf.96ab0958df78e7af07071f6d1dd7b6e6.jpg,1,0.7121613025665283,0.20237086713314056,0.014092004857957363,0.04091770946979523,0.030165094882249832
000860_jpg.rf.96ab0958df78e7af07071f6d1dd7b6e6.jpg,1,0.7192070484161377,0.19294878840446472,0.0143113499507308,0.02587694302201271,0.013212690129876137
000860_jpg.rf.96ab0958df78e7af07071f6d1dd7b6e6.jpg,1,0.7243784666061401,0.19926239550113678,0.019097914919257164,0.03536972776055336,0.011987663805484772
000860_jpg.rf.96ab0958df78e7af07071f6d1dd7b6e6.jpg,1,0.7102247476577759,0.20928658545017242,0.008505454286932945,0.04888635501265526,0.007703202776610851
000860_jpg.rf.96ab0958df78e7af07071f6d1dd7b6e6.jpg,1,0.6912354826927185,0.22089220583438873,0.012610582634806633,0.03575805574655533,0.007180895656347275
000860_jpg.rf.96ab0958df78e7af07071f6d1dd7b6e6.jpg,0,0.7451287508010864,0.2108774483203888,0.01251858938485384,0.017868848517537117,0.006915947888046503
000860_jpg.rf.96ab0958df78e7af07071f6d1dd7b6e6.jpg,0,0.747059166431427,0.19813035428524017,0.013124832883477211,0.02553633600473404,0.00545799033716321
000860_jpg.rf.96ab0958df78e7af07071f6d1dd7b6e6.jpg,0,0.8837915658950806,0.15582197904586792,0.012457700446248055,0.0436064638197422,0.005033151246607304
000860_jpg.rf.96ab0958df78e7af07071f6d1dd7b6e6.jpg,1,0.7470389008522034,0.6615431308746338,0.06142198294401169,0.1497984677553177,0.0046007330529391766
000860_jpg.rf.96ab0958df78e7af07071f6d1dd7b6e6.jpg,1,0.08447356522083282,0.3563891053199768,0.01417049951851368,0.03582492098212242,0.004155890550464392
000860_jpg.rf.96ab0958df78e7af07071f6d1dd7b6e6.jpg,1,0.7247498035430908,0.2105088233947754,0.014548742212355137,0.05220402032136917,0.003957162145525217
000860_jpg.rf.96ab0958df78e7af07071f6d1dd7b6e6.jpg,1,0.22896136343479156,0.22024869918823242,0.009974094107747078,0.01412778627127409,0.0029194578528404236
000860_jpg.rf.96ab0958df78e7af07071f6d1dd7b6e6.jpg,1,0.258050799369812,0.24883811175823212,0.01932677812874317,0.043092288076877594,0.002688371343538165
000860_jpg.rf.96ab0958df78e7af07071f6d1dd7b6e6.jpg,1,0.7090669274330139,0.21515220403671265,0.00721814064309001,0.04467600956559181,0.002626479836180806
000860_jpg.rf.96ab0958df78e7af07071f6d1dd7b6e6.jpg,1,0.6861902475357056,0.21357935667037964,0.012532674707472324,0.049788713455200195,0.0018296134658157825
000860_jpg.rf.96ab0958df78e7af07071f6d1dd7b6e6.jpg,0,0.31896349787712097,0.22579222917556763,0.012000780552625656,0.025939885526895523,0.0015693577006459236
000860_jpg.rf.96ab0958df78e7af07071f6d1dd7b6e6.jpg,0,0.4427345097064972,0.26387572288513184,0.016240891069173813,0.010769367218017578,0.0015117625007405877
000860_jpg.rf.96ab0958df78e7af07071f6d1dd7b6e6.jpg,12,0.9490461349487305,0.7401752471923828,0.10190773010253906,0.4987031817436218,0.0010916569735854864
000866_JPG_jpg.rf.585d575b53d2e6e316c8abb2d07e4c17.jpg,0,0.3674839735031128,0.28617584705352783,0.10289705544710159,0.04593884199857712,0.8294035792350769
000866_JPG_jpg.rf.585d575b53d2e6e316c8abb2d07e4c17.jpg,1,0.6472392678260803,0.44991081953048706,0.012903139926493168,0.06466638296842575,0.01974549889564514
000866_JPG_jpg.rf.585d575b53d2e6e316c8abb2d07e4c17.jpg,0,0.5173661708831787,0.006952641531825066,0.025390220806002617,0.013905283063650131,0.009714589454233646
000866_JPG_jpg.rf.585d575b53d2e6e316c8abb2d07e4c17.jpg,1,0.6474664211273193,0.4708973169326782,0.010029279626905918,0.03397827968001366,0.0051188720390200615
000866_JPG_jpg.rf.585d575b53d2e6e316c8abb2d07e4c17.jpg,0,0.3701568841934204,0.006370860151946545,0.09589822590351105,0.01274172030389309,0.0038972392212599516
000866_JPG_jpg.rf.585d575b53d2e6e316c8abb2d07e4c17.jpg,9,0.9368836283683777,0.558363139629364,0.013103118166327477,0.04414653778076172,0.0038960641250014305
000866_JPG_jpg.rf.585d575b53d2e6e316c8abb2d07e4c17.jpg,0,0.34553608298301697,0.2514626681804657,0.06197613850235939,0.11265582591295242,0.0034539271146059036
000866_JPG_jpg.rf.585d575b53d2e6e316c8abb2d07e4c17.jpg,1,0.6463467478752136,0.4376649260520935,0.022157229483127594,0.05082772299647331,0.0022043848875910044
000866_JPG_jpg.rf.585d575b53d2e6e316c8abb2d07e4c17.jpg,1,0.5877463221549988,0.008267208933830261,0.09051414579153061,0.015623819082975388,0.0019837815780192614
000866_JPG_jpg.rf.585d575b53d2e6e316c8abb2d07e4c17.jpg,0,0.28268924355506897,0.0064424555748701096,0.03181562200188637,0.012561555951833725,0.0017210262594744563
000866_JPG_jpg.rf.585d575b53d2e6e316c8abb2d07e4c17.jpg,9,0.9077492952346802,0.537828803062439,0.013741346076130867,0.03484285622835159,0.0016954891616478562
000866_JPG_jpg.rf.585d575b53d2e6e316c8abb2d07e4c17.jpg,9,0.9362882375717163,0.5680952072143555,0.01400507427752018,0.025448212400078773,0.001644228002987802
000866_JPG_jpg.rf.585d575b53d2e6e316c8abb2d07e4c17.jpg,10,0.8205229043960571,0.604490339756012,0.01610088348388672,0.03149355202913284,0.0015547636430710554
000867_JPG_jpg.rf.0961b153fd2cdd7f71455ca70b9226fc.jpg,0,0.3733784854412079,0.11647064983844757,0.14699676632881165,0.05527815595269203,0.6797576546669006
000867_JPG_jpg.rf.0961b153fd2cdd7f71455ca70b9226fc.jpg,1,0.10515064746141434,0.009876211173832417,0.15222276747226715,0.0195176899433136,0.002770977560430765
000867_JPG_jpg.rf.0961b153fd2cdd7f71455ca70b9226fc.jpg,0,0.10131458938121796,0.009910479187965393,0.1672191470861435,0.01980941742658615,0.0024689564015716314
000867_JPG_jpg.rf.0961b153fd2cdd7f71455ca70b9226fc.jpg,0,0.3872361183166504,0.09917117655277252,0.11153683066368103,0.08209232240915298,0.0018173636635765433
000867_JPG_jpg.rf.0961b153fd2cdd7f71455ca70b9226fc.jpg,0,0.3979153037071228,0.08395664393901825,0.08324740827083588,0.11738652735948563,0.0015207474352791905
000867_JPG_jpg.rf.0961b153fd2cdd7f71455ca70b9226fc.jpg,0,0.4186919927597046,0.07582714408636093,0.08171924948692322,0.15165428817272186,0.0011618647258728743
000872_JPG_jpg.rf.618811525dae8c1799c5093046e551c5.jpg,0,0.5261410474777222,0.211178719997406,0.08431918919086456,0.049747284501791,0.6591163873672485
000872_JPG_jpg.rf.618811525dae8c1799c5093046e551c5.jpg,0,0.20713450014591217,0.40662288665771484,0.027855396270751953,0.017947968095541,0.09562752395868301
000872_JPG_jpg.rf.618811525dae8c1799c5093046e551c5.jpg,0,0.4043525159358978,0.379271537065506,0.05623091012239456,0.02216852642595768,0.04382617026567459
000872_JPG_jpg.rf.618811525dae8c1799c5093046e551c5.jpg,0,0.5521584153175354,0.19785581529140472,0.030811382457613945,0.0721321851015091,0.015434200875461102
000872_JPG_jpg.rf.618811525dae8c1799c5093046e551c5.jpg,0,0.5511109232902527,0.20597632229328156,0.02877015247941017,0.045813705772161484,0.012781292200088501
000872_JPG_jpg.rf.618811525dae8c1799c5093046e551c5.jpg,0,0.527373731136322,0.19991490244865417,0.05280381068587303,0.05888383090496063,0.011474221013486385
000872_JPG_jpg.rf.618811525dae8c1799c5093046e551c5.jpg,0,0.21665209531784058,0.402671217918396,0.028612522408366203,0.025501251220703125,0.008111067116260529
000872_JPG_jpg.rf.618811525dae8c1799c5093046e551c5.jpg,0,0.22481092810630798,0.40352460741996765,0.048589594662189484,0.02340012416243553,0.0060036443173885345
000872_JPG_jpg.rf.618811525dae8c1799c5093046e551c5.jpg,0,0.22835884988307953,0.3972460925579071,0.041078511625528336,0.019968032836914062,0.005209582857787609
000872_JPG_jpg.rf.618811525dae8c1799c5093046e551c5.jpg,0,0.5545579791069031,0.17171525955200195,0.03737713769078255,0.055489540100097656,0.004579062573611736
000872_JPG_jpg.rf.618811525dae8c1799c5093046e551c5.jpg,14,0.972440779209137,0.4613800644874573,0.055118415504693985,0.2573404312133789,0.0036805488634854555
000872_JPG_jpg.rf.618811525dae8c1799c5093046e551c5.jpg,0,0.4139057695865631,0.3761923015117645,0.03621864318847656,0.02983713150024414,0.0014588944613933563
000872_JPG_jpg.rf.618811525dae8c1799c5093046e551c5.jpg,0,0.521207869052887,0.2009468823671341,0.03193455561995506,0.06544670462608337,0.0012789700413122773
000872_JPG_jpg.rf.618811525dae8c1799c5093046e551c5.jpg,0,0.19776608049869537,0.39639538526535034,0.02035439945757389,0.02570321038365364,0.0012397930258885026
000872_JPG_jpg.rf.618811525dae8c1799c5093046e551c5.jpg,9,0.9751077890396118,0.5157855749130249,0.04978436604142189,0.36437588930130005,0.001067128381691873
000883_JPG_jpg.rf.bcfbe7999ec1b4e660a155e0e145e234.jpg,0,0.3047323226928711,0.22348102927207947,0.08456268906593323,0.04720721021294594,0.8344576954841614
000883_JPG_jpg.rf.bcfbe7999ec1b4e660a155e0e145e234.jpg,8,0.3820731043815613,0.2230798304080963,0.033107757568359375,0.04873504862189293,0.045880164951086044
000883_JPG_jpg.rf.bcfbe7999ec1b4e660a155e0e145e234.jpg,0,0.13281095027923584,0.6352657079696655,0.2656219005584717,0.23817777633666992,0.003464101580902934
000883_JPG_jpg.rf.bcfbe7999ec1b4e660a155e0e145e234.jpg,9,0.993170976638794,0.026352137327194214,0.013360757380723953,0.048926763236522675,0.0029224229510873556
000883_JPG_jpg.rf.bcfbe7999ec1b4e660a155e0e145e234.jpg,8,0.3260209262371063,0.32880350947380066,0.03938104584813118,0.03453720360994339,0.002893023192882538
000883_JPG_jpg.rf.bcfbe7999ec1b4e660a155e0e145e234.jpg,1,0.3832370340824127,0.7108729481697083,0.03398954123258591,0.09920787811279297,0.0019513329025357962
000883_JPG_jpg.rf.bcfbe7999ec1b4e660a155e0e145e234.jpg,1,0.38129565119743347,0.24556878209114075,0.03083053044974804,0.11190807074308395,0.0016355796251446009
000883_JPG_jpg.rf.bcfbe7999ec1b4e660a155e0e145e234.jpg,8,0.35859614610671997,0.21273326873779297,0.016565322875976562,0.06467518210411072,0.001231286209076643
000883_JPG_jpg.rf.bcfbe7999ec1b4e660a155e0e145e234.jpg,8,0.3804459571838379,0.20826134085655212,0.039208412170410156,0.07864160090684891,0.0011506358860060573
000883_JPG_jpg.rf.bcfbe7999ec1b4e660a155e0e145e234.jpg,1,0.28889864683151245,0.5050020813941956,0.023525329306721687,0.035843849182128906,0.0010422911727800965
000887_jpg.rf.307baae87436b41df5a8a47635940201.jpg,1,0.3295736312866211,0.2444254755973816,0.01325350534170866,0.05285320058465004,0.6588974595069885
000887_jpg.rf.307baae87436b41df5a8a47635940201.jpg,1,0.5112073421478271,0.22108100354671478,0.014453887939453125,0.05692311376333237,0.5844076871871948
000887_jpg.rf.307baae87436b41df5a8a47635940201.jpg,8,0.6819282174110413,0.6708061695098877,0.02015913464128971,0.0442994199693203,0.11951509863138199
000887_jpg.rf.307baae87436b41df5a8a47635940201.jpg,8,0.7056145071983337,0.6815713047981262,0.029468169435858727,0.07169283181428909,0.08308415859937668
000887_jpg.rf.307baae87436b41df5a8a47635940201.jpg,0,0.3300378620624542,0.24519017338752747,0.013899766840040684,0.05809283256530762,0.0564090795814991
000887_jpg.rf.307baae87436b41df5a8a47635940201.jpg,1,0.8033091425895691,0.029341714456677437,0.017978815361857414,0.05481678247451782,0.027427786961197853
000887_jpg.rf.307baae87436b41df5a8a47635940201.jpg,1,0.2626291811466217,0.7360220551490784,0.04888048395514488,0.1373785436153412,0.026931505650281906
000887_jpg.rf.307baae87436b41df5a8a47635940201.jpg,5,0.6688956022262573,0.38638532161712646,0.04130781441926956,0.045015666633844376,0.01884620264172554
000887_jpg.rf.307baae87436b41df5a8a47635940201.jpg,1,0.7759415507316589,0.03433897718787193,0.015024552121758461,0.05759790167212486,0.01775219663977623
000887_jpg.rf.307baae87436b41df5a8a47635940201.jpg,1,0.8389745950698853,0.028465785086154938,0.01800808496773243,0.05541952699422836,0.015482401475310326
000887_jpg.rf.307baae87436b41df5a8a47635940201.jpg,1,0.32575803995132446,0.24770495295524597,0.014585201628506184,0.051019467413425446,0.007439448498189449
000887_jpg.rf.307baae87436b41df5a8a47635940201.jpg,5,0.6691038608551025,0.4054303467273712,0.03444598242640495,0.05751943588256836,0.005820671562105417
000887_jpg.rf.307baae87436b41df5a8a47635940201.jpg,9,0.7068556547164917,0.6834350228309631,0.036390818655490875,0.07123132795095444,0.005680345464497805
000887_jpg.rf.307baae87436b41df5a8a47635940201.jpg,14,0.26402029395103455,0.7041847705841064,0.035179320722818375,0.09911588579416275,0.0037295015063136816
000887_jpg.rf.307baae87436b41df5a8a47635940201.jpg,5,0.6813920140266418,0.4037378132343292,0.019638648256659508,0.018839286640286446,0.0034979823976755142
000887_jpg.rf.307baae87436b41df5a8a47635940201.jpg,6,0.7763718962669373,0.034560661762952805,0.01758568175137043,0.06295370310544968,0.003290792228654027
000887_jpg.rf.307baae87436b41df5a8a47635940201.jpg,8,0.6797740459442139,0.6905962228775024,0.01781199499964714,0.030346283689141273,0.002856259699910879
000887_jpg.rf.307baae87436b41df5a8a47635940201.jpg,1,0.888482928276062,0.15101943910121918,0.018570899963378906,0.039694566279649734,0.0020384707022458315
000887_jpg.rf.307baae87436b41df5a8a47635940201.jpg,9,0.7129809260368347,0.33115100860595703,0.022709332406520844,0.0528998002409935,0.0018744324333965778
000887_jpg.rf.307baae87436b41df5a8a47635940201.jpg,3,0.7884760499000549,0.29558753967285156,0.012323453091084957,0.02390175685286522,0.0013527096016332507
000887_jpg.rf.307baae87436b41df5a8a47635940201.jpg,8,0.7074390053749084,0.714107096195221,0.047423288226127625,0.14984020590782166,0.0013217529049143195
000887_jpg.rf.307baae87436b41df5a8a47635940201.jpg,0,0.31777140498161316,0.9077291488647461,0.37485992908477783,0.1845417022705078,0.0012494303518906236
000887_jpg.rf.307baae87436b41df5a8a47635940201.jpg,1,0.5363057255744934,0.203298419713974,0.016512466594576836,0.015525524504482746,0.00123477668967098
000897_JPG_jpg.rf.d8616645e7ae5a674caf3f2e17dab345.jpg,0,0.5023370385169983,0.1588057577610016,0.14995545148849487,0.07449866086244583,0.7518168091773987
000897_JPG_jpg.rf.d8616645e7ae5a674caf3f2e17dab345.jpg,1,0.03139704838395119,0.3881736099720001,0.06279409676790237,0.12010984867811203,0.03599047660827637
000897_JPG_jpg.rf.d8616645e7ae5a674caf3f2e17dab345.jpg,8,0.12635090947151184,0.9799304604530334,0.1151375025510788,0.03724384307861328,0.0077793472446501255
000897_JPG_jpg.rf.d8616645e7ae5a674caf3f2e17dab345.jpg,0,0.4707382023334503,0.5535548329353333,0.014229591004550457,0.030834602192044258,0.005072056315839291
000897_JPG_jpg.rf.d8616645e7ae5a674caf3f2e17dab345.jpg,9,0.6814551949501038,0.51764315366745,0.01199979055672884,0.030052771791815758,0.0050600990653038025
000897_JPG_jpg.rf.d8616645e7ae5a674caf3f2e17dab345.jpg,9,0.4469127953052521,0.5403229594230652,0.013409321196377277,0.04149305075407028,0.004274326376616955
000897_JPG_jpg.rf.d8616645e7ae5a674caf3f2e17dab345.jpg,9,0.4894058108329773,0.4337439239025116,0.020474139600992203,0.0732191875576973,0.0026839475613087416
000897_JPG_jpg.rf.d8616645e7ae5a674caf3f2e17dab345.jpg,1,0.4889502227306366,0.43283382058143616,0.020545849576592445,0.07930069416761398,0.002268368611112237
000897_JPG_jpg.rf.d8616645e7ae5a674caf3f2e17dab345.jpg,0,0.47202375531196594,0.5646453499794006,0.025082992389798164,0.01636255718767643,0.002244704170152545
000897_JPG_jpg.rf.d8616645e7ae5a674caf3f2e17dab345.jpg,0,0.47115224599838257,0.5472918748855591,0.013784225098788738,0.018829528242349625,0.00220590946264565
000897_JPG_jpg.rf.d8616645e7ae5a674caf3f2e17dab345.jpg,9,0.6803349852561951,0.5251586437225342,0.013515985570847988,0.04699916020035744,0.0020670678932219744
000897_JPG_jpg.rf.d8616645e7ae5a674caf3f2e17dab345.jpg,9,0.33454644680023193,0.10025891661643982,0.01812058314681053,0.0339234322309494,0.0011282778577879071
000897_JPG_jpg.rf.d8616645e7ae5a674caf3f2e17dab345.jpg,0,0.35041502118110657,0.4335467219352722,0.01255427859723568,0.02889273688197136,0.0011215899139642715
000898_JPG_jpg.rf.89de33253d01e0308735dc746aa4977f.jpg,0,0.4817778468132019,0.27818986773490906,0.07431243360042572,0.038042012602090836,0.6540215015411377
000898_JPG_jpg.rf.89de33253d01e0308735dc746aa4977f.jpg,8,0.5585371851921082,0.27376267313957214,0.05681155249476433,0.07266827672719955,0.006108075845986605
000898_JPG_jpg.rf.89de33253d01e0308735dc746aa4977f.jpg,1,0.3525744080543518,0.1102009266614914,0.14735232293605804,0.04898109659552574,0.002659728517755866
000898_JPG_jpg.rf.89de33253d01e0308735dc746aa4977f.jpg,5,0.6510587930679321,0.674138605594635,0.027746787294745445,0.07272697985172272,0.0019161499803885818
000898_JPG_jpg.rf.89de33253d01e0308735dc746aa4977f.jpg,0,0.5586981177330017,0.27620360255241394,0.05465048924088478,0.0671151801943779,0.0017914480995386839
000898_JPG_jpg.rf.89de33253d01e0308735dc746aa4977f.jpg,1,0.20270244777202606,0.8184254169464111,0.01290568895637989,0.04711107164621353,0.0012589757097885013
000898_JPG_jpg.rf.89de33253d01e0308735dc746aa4977f.jpg,9,0.6617469787597656,0.25700950622558594,0.012014389038085938,0.039711952209472656,0.0011383742094039917
000898_JPG_jpg.rf.89de33253d01e0308735dc746aa4977f.jpg,9,0.6518528461456299,0.6734603643417358,0.029399065300822258,0.07608428597450256,0.0010197155643254519
000899_JPG_jpg.rf.44b9967b6405c6ad4f9ad7dfa2ad610d.jpg,0,0.6500526070594788,0.315763920545578,0.1006557047367096,0.04607202485203743,0.7917191982269287
000899_JPG_jpg.rf.44b9967b6405c6ad4f9ad7dfa2ad610d.jpg,14,0.9098085165023804,0.8693873882293701,0.039648789912462234,0.10845910757780075,0.04489479213953018
000899_JPG_jpg.rf.44b9967b6405c6ad4f9ad7dfa2ad610d.jpg,1,0.4312419295310974,0.08396494388580322,0.16246630251407623,0.06570174545049667,0.029856162145733833
000899_JPG_jpg.rf.44b9967b6405c6ad4f9ad7dfa2ad610d.jpg,10,0.9099345803260803,0.8683102130889893,0.0417095348238945,0.11458741873502731,0.02586672268807888
000899_JPG_jpg.rf.44b9967b6405c6ad4f9ad7dfa2ad610d.jpg,11,0.8513402342796326,0.3073164224624634,0.01202414557337761,0.01211562566459179,0.0022035744041204453
000899_JPG_jpg.rf.44b9967b6405c6ad4f9ad7dfa2ad610d.jpg,0,0.2256089150905609,0.5455988645553589,0.014469146728515625,0.02440107800066471,0.0017999225528910756
000899_JPG_jpg.rf.44b9967b6405c6ad4f9ad7dfa2ad610d.jpg,0,0.22353744506835938,0.5503896474838257,0.01564425602555275,0.021789368242025375,0.0010195635259151459
000902_jpg.rf.f1be11af53a854bf0f07539ef71bfab7.jpg,1,0.5345572233200073,0.21720841526985168,0.01668548583984375,0.050058696419000626,0.402286559343338
000902_jpg.rf.f1be11af53a854bf0f07539ef71bfab7.jpg,1,0.561345636844635,0.1274339109659195,0.018555860966444016,0.06360677629709244,0.25267454981803894
000902_jpg.rf.f1be11af53a854bf0f07539ef71bfab7.jpg,1,0.5382108092308044,0.21720129251480103,0.013618359342217445,0.04848659783601761,0.20835202932357788
000902_jpg.rf.f1be11af53a854bf0f07539ef71bfab7.jpg,1,0.5227202773094177,0.21585600078105927,0.01160412561148405,0.04653343930840492,0.09155762940645218
000902_jpg.rf.f1be11af53a854bf0f07539ef71bfab7.jpg,0,0.5217264890670776,0.504298746585846,0.9386625289916992,0.9907732605934143,0.007159710396081209
000902_jpg.rf.f1be11af53a854bf0f07539ef71bfab7.jpg,1,0.8091385364532471,0.13180945813655853,0.019021768122911453,0.06742978096008301,0.00556928850710392
000902_jpg.rf.f1be11af53a854bf0f07539ef71bfab7.jpg,9,0.5923336148262024,0.28378090262413025,0.01997089385986328,0.03432160243391991,0.004906127229332924
000902_jpg.rf.f1be11af53a854bf0f07539ef71bfab7.jpg,0,0.2885531187057495,0.40957438945770264,0.01992874965071678,0.01799546740949154,0.004025922156870365
000902_jpg.rf.f1be11af53a854bf0f07539ef71bfab7.jpg,9,0.3280228078365326,0.3541426360607147,0.02008782885968685,0.04368206113576889,0.003751138225197792
000902_jpg.rf.f1be11af53a854bf0f07539ef71bfab7.jpg,0,0.7775792479515076,0.0734240710735321,0.016560114920139313,0.02358977682888508,0.0021668164990842342
000902_jpg.rf.f1be11af53a854bf0f07539ef71bfab7.jpg,0,0.7577638626098633,0.006884515751153231,0.11962905526161194,0.013315717689692974,0.0021361093968153
000902_jpg.rf.f1be11af53a854bf0f07539ef71bfab7.jpg,1,0.5335716009140015,0.2374240756034851,0.01588040217757225,0.0686955451965332,0.002112560672685504
000902_jpg.rf.f1be11af53a854bf0f07539ef71bfab7.jpg,0,0.7683787941932678,0.07290156185626984,0.03050217218697071,0.025047875940799713,0.0015972728142514825
000902_jpg.rf.f1be11af53a854bf0f07539ef71bfab7.jpg,9,0.6852129697799683,0.28556182980537415,0.022568849846720695,0.04250812530517578,0.001306119142100215
000908_JPG_jpg.rf.d4876c6a6657b36ba6b1c1626df8123d.jpg,0,0.19769079983234406,0.1594609171152115,0.0977405458688736,0.06072742119431496,0.7465322613716125
000908_JPG_jpg.rf.d4876c6a6657b36ba6b1c1626df8123d.jpg,1,0.2582423985004425,0.26851189136505127,0.048206768929958344,0.11909778416156769,0.023301493376493454
000908_JPG_jpg.rf.d4876c6a6657b36ba6b1c1626df8123d.jpg,1,0.038839638233184814,0.45231130719184875,0.016639066860079765,0.020319242030382156,0.0066019692458212376
000908_JPG_jpg.rf.d4876c6a6657b36ba6b1c1626df8123d.jpg,1,0.00849429052323103,0.4515495300292969,0.015959417447447777,0.04571419581770897,0.005148005206137896
000908_JPG_jpg.rf.d4876c6a6657b36ba6b1c1626df8123d.jpg,10,0.5827389359474182,0.5592939257621765,0.014648144133388996,0.013593673706054688,0.0026870486326515675
000908_JPG_jpg.rf.d4876c6a6657b36ba6b1c1626df8123d.jpg,10,0.6594685912132263,0.5322484970092773,0.015628155320882797,0.019287696108222008,0.0026384349912405014
000908_JPG_jpg.rf.d4876c6a6657b36ba6b1c1626df8123d.jpg,1,0.5331699252128601,0.6236181855201721,0.08642900735139847,0.049890629947185516,0.002567592076957226
000908_JPG_jpg.rf.d4876c6a6657b36ba6b1c1626df8123d.jpg,1,0.3842680752277374,0.2668246626853943,0.031026620417833328,0.11663198471069336,0.0022084161173552275
000908_JPG_jpg.rf.d4876c6a6657b36ba6b1c1626df8123d.jpg,9,0.4474526047706604,0.4937065839767456,0.01904803141951561,0.051848046481609344,0.0016840893076732755
000908_JPG_jpg.rf.d4876c6a6657b36ba6b1c1626df8123d.jpg,0,0.01436753012239933,0.558356523513794,0.028728622943162918,0.07226037979125977,0.0011085732840001583
000908_JPG_jpg.rf.d4876c6a6657b36ba6b1c1626df8123d.jpg,0,0.5550030469894409,0.5215829610824585,0.013020589016377926,0.007026085630059242,0.0010736382100731134
000922_JPG_jpg.rf.143f5b1a97d934ec4a71114055fa5a0b.jpg,0,0.5311397910118103,0.15223108232021332,0.2647741436958313,0.07331731915473938,0.9849623441696167
000922_JPG_jpg.rf.143f5b1a97d934ec4a71114055fa5a0b.jpg,0,0.6120539307594299,0.7360502481460571,0.0344700813293457,0.028389930725097656,0.058577682822942734
000922_JPG_jpg.rf.143f5b1a97d934ec4a71114055fa5a0b.jpg,0,0.6236259937286377,0.7350779175758362,0.051568325608968735,0.027482105419039726,0.04884986951947212
000922_JPG_jpg.rf.143f5b1a97d934ec4a71114055fa5a0b.jpg,8,0.5731967687606812,0.2027813047170639,0.03946685791015625,0.03426836058497429,0.011019493453204632
000922_JPG_jpg.rf.143f5b1a97d934ec4a71114055fa5a0b.jpg,0,0.6076681017875671,0.6887601613998413,0.01683022454380989,0.033008869737386703,0.01062048226594925
000922_JPG_jpg.rf.143f5b1a97d934ec4a71114055fa5a0b.jpg,0,0.6411371231079102,0.4787280261516571,0.025529127568006516,0.014672646299004555,0.006917107850313187
000922_JPG_jpg.rf.143f5b1a97d934ec4a71114055fa5a0b.jpg,1,0.534919261932373,0.8048830628395081,0.0662527084350586,0.0375421978533268,0.006306742783635855
000922_JPG_jpg.rf.143f5b1a97d934ec4a71114055fa5a0b.jpg,1,0.6302385926246643,0.47693049907684326,0.020862726494669914,0.012932777404785156,0.006016790866851807
000922_JPG_jpg.rf.143f5b1a97d934ec4a71114055fa5a0b.jpg,0,0.5712665319442749,0.15096086263656616,0.16232754290103912,0.07019800692796707,0.004411304835230112
000922_JPG_jpg.rf.143f5b1a97d934ec4a71114055fa5a0b.jpg,1,0.49159643054008484,0.15009234845638275,0.1743631362915039,0.07689781486988068,0.004041317850351334
000922_JPG_jpg.rf.143f5b1a97d934ec4a71114055fa5a0b.jpg,0,0.6096640229225159,0.7282628417015076,0.014817018061876297,0.03303219750523567,0.0036855407524853945
000922_JPG_jpg.rf.143f5b1a97d934ec4a71114055fa5a0b.jpg,0,0.615547239780426,0.7283305525779724,0.036178991198539734,0.03402416408061981,0.002587992697954178
000922_JPG_jpg.rf.143f5b1a97d934ec4a71114055fa5a0b.jpg,1,0.6428301334381104,0.47218477725982666,0.024389706552028656,0.01825798489153385,0.001739793224260211
000922_JPG_jpg.rf.143f5b1a97d934ec4a71114055fa5a0b.jpg,0,0.633278489112854,0.730198323726654,0.04738422483205795,0.035789854824543,0.001669572782702744
000922_JPG_jpg.rf.143f5b1a97d934ec4a71114055fa5a0b.jpg,0,0.6112593412399292,0.6989091634750366,0.021759143099188805,0.03793151676654816,0.0016407687216997147
000922_JPG_jpg.rf.143f5b1a97d934ec4a71114055fa5a0b.jpg,0,0.518199622631073,0.17628853023052216,0.25362130999565125,0.1191619336605072,0.0014774181181564927
000922_JPG_jpg.rf.143f5b1a97d934ec4a71114055fa5a0b.jpg,1,0.5663339495658875,0.1519792377948761,0.18158112466335297,0.07106755673885345,0.0011509307660162449
000922_JPG_jpg.rf.143f5b1a97d934ec4a71114055fa5a0b.jpg,0,0.6129370331764221,0.6747405529022217,0.016797542572021484,0.043488502502441406,0.0011308661196380854
000923_JPG_jpg.rf.f4e893778e08329a2b43abaef002f29e.jpg,0,0.30911603569984436,0.2517716586589813,0.08126458525657654,0.041827257722616196,0.6431588530540466
000923_JPG_jpg.rf.f4e893778e08329a2b43abaef002f29e.jpg,1,0.3098251521587372,0.6884627938270569,0.016682734712958336,0.044936325401067734,0.007175889331847429
000923_JPG_jpg.rf.f4e893778e08329a2b43abaef002f29e.jpg,4,0.4184870421886444,0.35152995586395264,0.04587103798985481,0.14719191193580627,0.005088264122605324
000923_JPG_jpg.rf.f4e893778e08329a2b43abaef002f29e.jpg,11,0.24636903405189514,0.24047128856182098,0.04301432520151138,0.08270124346017838,0.0025920120533555746
000923_JPG_jpg.rf.f4e893778e08329a2b43abaef002f29e.jpg,8,0.31007418036460876,0.686874270439148,0.017048083245754242,0.04828401654958725,0.002507902681827545
000923_JPG_jpg.rf.f4e893778e08329a2b43abaef002f29e.jpg,8,0.3092946708202362,0.674332857131958,0.02177353948354721,0.02848830632865429,0.002114868024364114
000923_JPG_jpg.rf.f4e893778e08329a2b43abaef002f29e.jpg,5,0.24711844325065613,0.24017423391342163,0.04401993751525879,0.08395829796791077,0.0019932484719902277
000923_JPG_jpg.rf.f4e893778e08329a2b43abaef002f29e.jpg,14,0.24641172587871552,0.2398451864719391,0.043760959059000015,0.08325023204088211,0.0019553625024855137
000923_JPG_jpg.rf.f4e893778e08329a2b43abaef002f29e.jpg,8,0.2863695025444031,0.6694424152374268,0.027091411873698235,0.04644592106342316,0.0012794366339221597
000923_JPG_jpg.rf.f4e893778e08329a2b43abaef002f29e.jpg,9,0.24619722366333008,0.2403832972049713,0.04238996282219887,0.08274296671152115,0.0011266324436292052
000934_JPG_jpg.rf.81031f117e2b4ac8b19c0cbe3bdd1d99.jpg,0,0.3907910883426666,0.1608627438545227,0.1202019527554512,0.05525272712111473,0.7977519035339355
000934_JPG_jpg.rf.81031f117e2b4ac8b19c0cbe3bdd1d99.jpg,0,0.6246045827865601,0.48474758863449097,0.043689727783203125,0.02380884625017643,0.7901832461357117
000934_JPG_jpg.rf.81031f117e2b4ac8b19c0cbe3bdd1d99.jpg,0,0.6372657418251038,0.48342418670654297,0.054251011461019516,0.025908175855875015,0.010950107127428055
000934_JPG_jpg.rf.81031f117e2b4ac8b19c0cbe3bdd1d99.jpg,10,0.33030325174331665,0.6330258250236511,0.01168041955679655,0.02181720733642578,0.005771735683083534
000934_JPG_jpg.rf.81031f117e2b4ac8b19c0cbe3bdd1d99.jpg,1,0.7681073546409607,0.7386296987533569,0.033217430114746094,0.0309878122061491,0.0038202477153390646
000934_JPG_jpg.rf.81031f117e2b4ac8b19c0cbe3bdd1d99.jpg,8,0.6239252686500549,0.48119035363197327,0.05382636934518814,0.029330912977457047,0.0015279483050107956
000934_JPG_jpg.rf.81031f117e2b4ac8b19c0cbe3bdd1d99.jpg,10,0.32807648181915283,0.6457929015159607,0.009158208034932613,0.007865099236369133,0.0012048044009134173
000935_jpg.rf.a73778e8e15369b4706431ac25671fb4.jpg,0,0.5309908986091614,0.3118689954280853,0.012012078426778316,0.03822445869445801,0.4467572867870331
000935_jpg.rf.a73778e8e15369b4706431ac25671fb4.jpg,5,0.9762426614761353,0.27913060784339905,0.04747236520051956,0.08098602294921875,0.37441208958625793
000935_jpg.rf.a73778e8e15369b4706431ac25671fb4.jpg,0,0.5050858855247498,0.3136727213859558,0.009752090089023113,0.035194434225559235,0.3697409927845001
000935_jpg.rf.a73778e8e15369b4706431ac25671fb4.jpg,0,0.4076148569583893,0.41967979073524475,0.011489391326904297,0.050296600908041,0.04949295520782471
000935_jpg.rf.a73778e8e15369b4706431ac25671fb4.jpg,0,0.5046796798706055,0.3102719485759735,0.014052024111151695,0.03874586150050163,0.0410083644092083
000935_jpg.rf.a73778e8e15369b4706431ac25671fb4.jpg,3,0.9768127202987671,0.27959874272346497,0.04637454077601433,0.07199133187532425,0.018643520772457123
000935_jpg.rf.a73778e8e15369b4706431ac25671fb4.jpg,0,0.49952077865600586,0.31233537197113037,0.012135138735175133,0.034045036882162094,0.011360825039446354
000935_jpg.rf.a73778e8e15369b4706431ac25671fb4.jpg,0,0.5250669717788696,0.31489741802215576,0.023877693340182304,0.03345832601189613,0.010298142209649086
000935_jpg.rf.a73778e8e15369b4706431ac25671fb4.jpg,8,0.29073572158813477,0.5037196278572083,0.5810722708702087,0.990921139717102,0.01021545473486185
000935_jpg.rf.a73778e8e15369b4706431ac25671fb4.jpg,5,0.733122706413269,0.43922680616378784,0.02170093171298504,0.032749470323324203,0.010213025845587254
000935_jpg.rf.a73778e8e15369b4706431ac25671fb4.jpg,0,0.5232976078987122,0.30685800313949585,0.017578015103936195,0.03835762292146683,0.007876218296587467
000935_jpg.rf.a73778e8e15369b4706431ac25671fb4.jpg,1,0.552259087562561,0.07131381332874298,0.017916129902005196,0.03548868000507355,0.007422524504363537
000935_jpg.rf.a73778e8e15369b4706431ac25671fb4.jpg,0,0.5516825914382935,0.07050306349992752,0.0175592340528965,0.038760825991630554,0.006315839476883411
000935_jpg.rf.a73778e8e15369b4706431ac25671fb4.jpg,0,0.5660950541496277,0.41109499335289,0.011487483978271484,0.03336341679096222,0.006266296375542879
000935_jpg.rf.a73778e8e15369b4706431ac25671fb4.jpg,0,0.49844518303871155,0.30318683385849,0.01185732614248991,0.023736771196126938,0.005314450711011887
000935_jpg.rf.a73778e8e15369b4706431ac25671fb4.jpg,5,0.7319924235343933,0.4287714660167694,0.025308169424533844,0.036308176815509796,0.004691164009273052
000935_jpg.rf.a73778e8e15369b4706431ac25671fb4.jpg,0,0.5601040124893188,0.3139236271381378,0.01811904087662697,0.035677067935466766,0.004301746375858784
000935_jpg.rf.a73778e8e15369b4706431ac25671fb4.jpg,0,0.5280298590660095,0.3010573089122772,0.016818229109048843,0.06593445688486099,0.004175697453320026
000935_jpg.rf.a73778e8e15369b4706431ac25671fb4.jpg,0,0.5555175542831421,0.31703710556030273,0.028023242950439453,0.03630153834819794,0.003808680223301053
000935_jpg.rf.a73778e8e15369b4706431ac25671fb4.jpg,14,0.7796859741210938,0.4123360514640808,0.027315286919474602,0.030002521350979805,0.003420703811571002
000935_jpg.rf.a73778e8e15369b4706431ac25671fb4.jpg,8,0.5606395602226257,0.2998660206794739,0.019001079723238945,0.021166233345866203,0.0020303300116211176
000935_jpg.rf.a73778e8e15369b4706431ac25671fb4.jpg,0,0.39814692735671997,0.4231821298599243,0.02190498262643814,0.04809911549091339,0.0016126788686960936
000935_jpg.rf.a73778e8e15369b4706431ac25671fb4.jpg,9,0.594828188419342,0.4269302189350128,0.022437095642089844,0.07366044819355011,0.0014229455264285207
000935_jpg.rf.a73778e8e15369b4706431ac25671fb4.jpg,0,0.6061811447143555,0.007017434109002352,0.031342726200819016,0.013836804777383804,0.0013578669168055058
000935_jpg.rf.a73778e8e15369b4706431ac25671fb4.jpg,1,0.9722967147827148,0.28149402141571045,0.05540657043457031,0.07920808345079422,0.0013137757778167725
000935_jpg.rf.a73778e8e15369b4706431ac25671fb4.jpg,5,0.8728045225143433,0.5251996517181396,0.07643237709999084,0.07677221298217773,0.0012423665029928088
000935_jpg.rf.a73778e8e15369b4706431ac25671fb4.jpg,9,0.1720798909664154,0.5573453903198242,0.02144993282854557,0.0269964300096035,0.0012359080137684941
000935_jpg.rf.a73778e8e15369b4706431ac25671fb4.jpg,0,0.5058354139328003,0.3490234613418579,0.01297264825552702,0.03252388909459114,0.0011726258089765906
000935_jpg.rf.a73778e8e15369b4706431ac25671fb4.jpg,0,0.5004960298538208,0.3243144750595093,0.015322795137763023,0.02038603648543358,0.0010943979723379016
000936_jpg.rf.66c50dea6603f9ecc83f8b79c88a2f54.jpg,1,0.5925130248069763,0.9606109261512756,0.018970893695950508,0.07736814767122269,0.6853416562080383
000936_jpg.rf.66c50dea6603f9ecc83f8b79c88a2f54.jpg,1,0.6348915696144104,0.957231879234314,0.015929589048027992,0.07143446058034897,0.6542003750801086
000936_jpg.rf.66c50dea6603f9ecc83f8b79c88a2f54.jpg,8,0.6580693125724792,0.9469067454338074,0.021960405632853508,0.04629325866699219,0.290709525346756
000936_jpg.rf.66c50dea6603f9ecc83f8b79c88a2f54.jpg,0,0.35527318716049194,0.7980059385299683,0.017404738813638687,0.012506778351962566,0.02661227248609066
000936_jpg.rf.66c50dea6603f9ecc83f8b79c88a2f54.jpg,1,0.5982124209403992,0.956864595413208,0.03146149590611458,0.07234272360801697,0.02502502128481865
000936_jpg.rf.66c50dea6603f9ecc83f8b79c88a2f54.jpg,1,0.6032504439353943,0.9574370980262756,0.013127143494784832,0.0711895152926445,0.02398311160504818
000936_jpg.rf.66c50dea6603f9ecc83f8b79c88a2f54.jpg,1,0.6217637658119202,0.9543670415878296,0.04298122227191925,0.07153892517089844,0.018013738095760345
000936_jpg.rf.66c50dea6603f9ecc83f8b79c88a2f54.jpg,8,0.6192947626113892,0.9580717086791992,0.018616052344441414,0.06533050537109375,0.012311032973229885
000936_jpg.rf.66c50dea6603f9ecc83f8b79c88a2f54.jpg,1,0.6220000982284546,0.9619674682617188,0.02699430100619793,0.07606498897075653,0.007166543509811163
000936_jpg.rf.66c50dea6603f9ecc83f8b79c88a2f54.jpg,0,0.4092976152896881,0.5335188508033752,0.047311488538980484,0.025880813598632812,0.005906486418098211
000936_jpg.rf.66c50dea6603f9ecc83f8b79c88a2f54.jpg,0,0.7045926451683044,0.7659033536911011,0.020170358940958977,0.011371832340955734,0.003799402853474021
000936_jpg.rf.66c50dea6603f9ecc83f8b79c88a2f54.jpg,0,0.46899574995040894,0.5387735366821289,0.0352928452193737,0.02730083465576172,0.0022375655826181173
000936_jpg.rf.66c50dea6603f9ecc83f8b79c88a2f54.jpg,1,0.599617063999176,0.9598361253738403,0.01708214171230793,0.07703018188476562,0.0012495029950514436
000938_JPG_jpg.rf.bf51e9c0b4a1d133c3e73bf56c2d2062.jpg,0,0.3629600703716278,0.19451221823692322,0.11680841445922852,0.062258280813694,0.8614180684089661
000938_JPG_jpg.rf.bf51e9c0b4a1d133c3e73bf56c2d2062.jpg,1,0.4948161542415619,0.6799533367156982,0.02210521697998047,0.02729254588484764,0.008859183639287949
000938_JPG_jpg.rf.bf51e9c0b4a1d133c3e73bf56c2d2062.jpg,1,0.2129283994436264,0.5086028575897217,0.014402921311557293,0.019252300262451172,0.005376182496547699
000938_JPG_jpg.rf.bf51e9c0b4a1d133c3e73bf56c2d2062.jpg,1,0.30169758200645447,0.42384180426597595,0.011396994814276695,0.010470390319824219,0.004245107062160969
000938_JPG_jpg.rf.bf51e9c0b4a1d133c3e73bf56c2d2062.jpg,0,0.04347332566976547,0.48294660449028015,0.04189629852771759,0.03312312811613083,0.004046775866299868
000938_JPG_jpg.rf.bf51e9c0b4a1d133c3e73bf56c2d2062.jpg,1,0.3225822448730469,0.5300372838973999,0.014845664612948895,0.04573363438248634,0.0035972564946860075
000938_JPG_jpg.rf.bf51e9c0b4a1d133c3e73bf56c2d2062.jpg,1,0.3886644244194031,0.42150843143463135,0.010421826504170895,0.007786567322909832,0.001968680415302515
000938_JPG_jpg.rf.bf51e9c0b4a1d133c3e73bf56c2d2062.jpg,1,0.5000329613685608,0.6826331615447998,0.013903617858886719,0.0288089606910944,0.0016772544477134943
000941_JPG_jpg.rf.9afc696caf8c7db27bf2134dd5660a27.jpg,0,0.19576382637023926,0.3182629346847534,0.07080536335706711,0.03668200224637985,0.7670210003852844
000941_JPG_jpg.rf.9afc696caf8c7db27bf2134dd5660a27.jpg,0,0.36771121621131897,0.18220441043376923,0.10249882191419601,0.05319910869002342,0.7392357587814331
000941_JPG_jpg.rf.9afc696caf8c7db27bf2134dd5660a27.jpg,1,0.625543475151062,0.5126011371612549,0.01563006266951561,0.057438962161540985,0.23863333463668823
000941_JPG_jpg.rf.9afc696caf8c7db27bf2134dd5660a27.jpg,0,0.22534671425819397,0.2877733111381531,0.051310665905475616,0.10589056462049484,0.006112969946116209
000941_JPG_jpg.rf.9afc696caf8c7db27bf2134dd5660a27.jpg,0,0.19777441024780273,0.3116224706172943,0.08301150053739548,0.052847497165203094,0.0022709083277732134
000941_JPG_jpg.rf.9afc696caf8c7db27bf2134dd5660a27.jpg,0,0.2218952178955078,0.3180162310600281,0.06940795481204987,0.03767717629671097,0.0021939196158200502
000941_JPG_jpg.rf.9afc696caf8c7db27bf2134dd5660a27.jpg,1,0.6458973288536072,0.5170672535896301,0.010305624455213547,0.03289145603775978,0.0016742732841521502
000941_JPG_jpg.rf.9afc696caf8c7db27bf2134dd5660a27.jpg,0,0.40529903769493103,0.6758642196655273,0.05028057098388672,0.02264140173792839,0.0015274959150701761
000941_JPG_jpg.rf.9afc696caf8c7db27bf2134dd5660a27.jpg,0,0.4056864082813263,0.17543482780456543,0.024257292971014977,0.0692339614033699,0.001324729761108756
000941_JPG_jpg.rf.9afc696caf8c7db27bf2134dd5660a27.jpg,3,0.5452871918678284,0.5727455019950867,0.02770383469760418,0.03400443121790886,0.0013067916734144092
000941_JPG_jpg.rf.9afc696caf8c7db27bf2134dd5660a27.jpg,1,0.6467993855476379,0.5060805678367615,0.015143761411309242,0.026409920305013657,0.0013025195803493261
000941_JPG_jpg.rf.9afc696caf8c7db27bf2134dd5660a27.jpg,0,0.4622148275375366,0.588589072227478,0.2841474413871765,0.23436777293682098,0.0011538243852555752
000941_JPG_jpg.rf.9afc696caf8c7db27bf2134dd5660a27.jpg,0,0.5920368432998657,0.5250556468963623,0.026495089754462242,0.025670234113931656,0.001031701103784144
000941_JPG_jpg.rf.9afc696caf8c7db27bf2134dd5660a27.jpg,5,0.5498273372650146,0.5950434803962708,0.024768535047769547,0.07459145039319992,0.0010035282466560602
000944_JPG_jpg.rf.a0b81118199b4d11ccb859c15d0cb1f6.jpg,0,0.29271847009658813,0.10098464787006378,0.1553974449634552,0.06707705557346344,0.7448890209197998
000944_JPG_jpg.rf.a0b81118199b4d11ccb859c15d0cb1f6.jpg,0,0.4488910436630249,0.38239920139312744,0.07611065357923508,0.03629545122385025,0.7399843335151672
000944_JPG_jpg.rf.a0b81118199b4d11ccb859c15d0cb1f6.jpg,0,0.6368857026100159,0.5215571522712708,0.057543203234672546,0.02525043487548828,0.5412341952323914
000944_JPG_jpg.rf.a0b81118199b4d11ccb859c15d0cb1f6.jpg,0,0.6482976675033569,0.5217345356941223,0.030981503427028656,0.024418281391263008,0.17178305983543396
000944_JPG_jpg.rf.a0b81118199b4d11ccb859c15d0cb1f6.jpg,8,0.4155414402484894,0.5318907499313354,0.029125984758138657,0.03385484963655472,0.14865510165691376
000944_JPG_jpg.rf.a0b81118199b4d11ccb859c15d0cb1f6.jpg,0,0.07604709267616272,0.33157941699028015,0.10985454171895981,0.0423322468996048,0.14837835729122162
000944_JPG_jpg.rf.a0b81118199b4d11ccb859c15d0cb1f6.jpg,0,0.6340907216072083,0.5267357230186462,0.05401809513568878,0.01628952845931053,0.057586416602134705
000944_JPG_jpg.rf.a0b81118199b4d11ccb859c15d0cb1f6.jpg,0,0.4914947748184204,0.44448697566986084,0.07042998820543289,0.024185767397284508,0.05007009208202362
000944_JPG_jpg.rf.a0b81118199b4d11ccb859c15d0cb1f6.jpg,0,0.6416918635368347,0.5164662003517151,0.045022230595350266,0.034145280718803406,0.006300234701484442
000944_JPG_jpg.rf.a0b81118199b4d11ccb859c15d0cb1f6.jpg,0,0.6527664661407471,0.5152913331985474,0.02111280895769596,0.03609389439225197,0.003003397723659873
000944_JPG_jpg.rf.a0b81118199b4d11ccb859c15d0cb1f6.jpg,1,0.5923522710800171,0.5261687636375427,0.011013617739081383,0.010417754761874676,0.0028477665036916733
000944_JPG_jpg.rf.a0b81118199b4d11ccb859c15d0cb1f6.jpg,0,0.4752168655395508,0.4450388550758362,0.07259302586317062,0.02697211131453514,0.002635143231600523
000944_JPG_jpg.rf.a0b81118199b4d11ccb859c15d0cb1f6.jpg,1,0.22268930077552795,0.8444896340370178,0.09004572778940201,0.04231034964323044,0.002470408333465457
000944_JPG_jpg.rf.a0b81118199b4d11ccb859c15d0cb1f6.jpg,1,0.1163075715303421,0.844641387462616,0.06509983539581299,0.041777390986680984,0.0017757050227373838
000944_JPG_jpg.rf.a0b81118199b4d11ccb859c15d0cb1f6.jpg,0,0.17360113561153412,0.22506402432918549,0.018884658813476562,0.012964816763997078,0.001686829375103116
000944_JPG_jpg.rf.a0b81118199b4d11ccb859c15d0cb1f6.jpg,1,0.658147394657135,0.388552188873291,0.023352475836873055,0.023901645094156265,0.0012952591059729457
000944_JPG_jpg.rf.a0b81118199b4d11ccb859c15d0cb1f6.jpg,11,0.13872040808200836,0.24727176129817963,0.0154262138530612,0.01873197965323925,0.0010487110121175647
000945_JPG_jpg.rf.ad79e318355923e68a10f1678fe9b6bf.jpg,0,0.21343111991882324,0.13114626705646515,0.30441272258758545,0.11413717269897461,0.9188989400863647
000945_JPG_jpg.rf.ad79e318355923e68a10f1678fe9b6bf.jpg,0,0.524371862411499,0.6053406000137329,0.14587610960006714,0.05791300907731056,0.6085230112075806
000945_JPG_jpg.rf.ad79e318355923e68a10f1678fe9b6bf.jpg,1,0.19781020283699036,0.1295728087425232,0.2568771541118622,0.11159214377403259,0.570083498954773
000945_JPG_jpg.rf.ad79e318355923e68a10f1678fe9b6bf.jpg,1,0.5262088775634766,0.6060158610343933,0.14900970458984375,0.05607696622610092,0.5180293917655945
000945_JPG_jpg.rf.ad79e318355923e68a10f1678fe9b6bf.jpg,0,0.9264668822288513,0.8499926328659058,0.054482460021972656,0.02785455249249935,0.3539269268512726
000945_JPG_jpg.rf.ad79e318355923e68a10f1678fe9b6bf.jpg,0,0.9097683429718018,0.8498979806900024,0.08999098092317581,0.02826918102800846,0.305492639541626
000945_JPG_jpg.rf.ad79e318355923e68a10f1678fe9b6bf.jpg,0,0.6079609990119934,0.7137863636016846,0.12007713317871094,0.03840849921107292,0.08572888374328613
000945_JPG_jpg.rf.ad79e318355923e68a10f1678fe9b6bf.jpg,0,0.8998066782951355,0.8538466095924377,0.113670714199543,0.03908252716064453,0.02172563597559929
000945_JPG_jpg.rf.ad79e318355923e68a10f1678fe9b6bf.jpg,0,0.6401519179344177,0.712644636631012,0.0907595306634903,0.03554314747452736,0.020584747195243835
000945_JPG_jpg.rf.ad79e318355923e68a10f1678fe9b6bf.jpg,0,0.9187424778938293,0.8594756722450256,0.07284414023160934,0.04938675835728645,0.007900228723883629
000945_JPG_jpg.rf.ad79e318355923e68a10f1678fe9b6bf.jpg,0,0.9383126497268677,0.8450443744659424,0.032606933265924454,0.034431092441082,0.004239110741764307
000945_JPG_jpg.rf.ad79e318355923e68a10f1678fe9b6bf.jpg,1,0.5700394511222839,0.7141491174697876,0.12011659890413284,0.04141734167933464,0.0020425363909453154
000946_JPG_jpg.rf.d747fd05b21ff8ac85c05629986ae344.jpg,0,0.3994123041629791,0.22265669703483582,0.11047279089689255,0.05139440670609474,0.803766667842865
000946_JPG_jpg.rf.d747fd05b21ff8ac85c05629986ae344.jpg,12,0.06090763956308365,0.18347683548927307,0.06518930941820145,0.07212181389331818,0.5337031483650208
000946_JPG_jpg.rf.d747fd05b21ff8ac85c05629986ae344.jpg,9,0.060950592160224915,0.1828291416168213,0.06534858793020248,0.07160668075084686,0.359150767326355
000946_JPG_jpg.rf.d747fd05b21ff8ac85c05629986ae344.jpg,5,0.06149107590317726,0.18307937681674957,0.0644606277346611,0.07187429815530777,0.1838730424642563
000946_JPG_jpg.rf.d747fd05b21ff8ac85c05629986ae344.jpg,0,0.4533669352531433,0.5157336592674255,0.016730308532714844,0.010351364500820637,0.043300043791532516
000946_JPG_jpg.rf.d747fd05b21ff8ac85c05629986ae344.jpg,11,0.062053896486759186,0.18322838842868805,0.06565059721469879,0.07189840823411942,0.032960060983896255
000946_JPG_jpg.rf.d747fd05b21ff8ac85c05629986ae344.jpg,0,0.20492400228977203,0.5192719101905823,0.04246882349252701,0.022987769916653633,0.011206554248929024
000946_JPG_jpg.rf.d747fd05b21ff8ac85c05629986ae344.jpg,1,0.5011126399040222,0.6539500951766968,0.06295263022184372,0.044094085693359375,0.00851677730679512
000946_JPG_jpg.rf.d747fd05b21ff8ac85c05629986ae344.jpg,1,0.4520239531993866,0.48995542526245117,0.009108726866543293,0.008049964904785156,0.00809280015528202
000946_JPG_jpg.rf.d747fd05b21ff8ac85c05629986ae344.jpg,0,0.23026849329471588,0.5178319811820984,0.04152294248342514,0.023296575993299484,0.007095071021467447
000946_JPG_jpg.rf.d747fd05b21ff8ac85c05629986ae344.jpg,0,0.4478853940963745,0.5150216817855835,0.02597038634121418,0.010959808714687824,0.006795214023441076
000946_JPG_jpg.rf.d747fd05b21ff8ac85c05629986ae344.jpg,1,0.3544565439224243,0.6444130539894104,0.062253840267658234,0.023020964115858078,0.002545234514400363
000946_JPG_jpg.rf.d747fd05b21ff8ac85c05629986ae344.jpg,1,0.5941187143325806,0.5929200053215027,0.016498161479830742,0.01059744879603386,0.0020885395351797342
000946_JPG_jpg.rf.d747fd05b21ff8ac85c05629986ae344.jpg,8,0.04523659124970436,0.7417026162147522,0.06402642279863358,0.048743393272161484,0.002087371191009879
000946_JPG_jpg.rf.d747fd05b21ff8ac85c05629986ae344.jpg,8,0.6040039658546448,0.5834670662879944,0.022516250610351562,0.02691650390625,0.0013254338409751654
000946_JPG_jpg.rf.d747fd05b21ff8ac85c05629986ae344.jpg,1,0.5305651426315308,0.6662867665290833,0.014678184874355793,0.06058311462402344,0.001278511481359601
000946_JPG_jpg.rf.d747fd05b21ff8ac85c05629986ae344.jpg,13,0.0612151063978672,0.18319004774093628,0.06674526631832123,0.07124742865562439,0.0012261717347428203
000946_JPG_jpg.rf.d747fd05b21ff8ac85c05629986ae344.jpg,1,0.40090662240982056,0.22370754182338715,0.11006564646959305,0.053560588508844376,0.0011961886193603277
000946_JPG_jpg.rf.d747fd05b21ff8ac85c05629986ae344.jpg,0,0.5059799551963806,0.5115969777107239,0.012073333375155926,0.016696747392416,0.0010395239805802703
000946_JPG_jpg.rf.d747fd05b21ff8ac85c05629986ae344.jpg,1,0.41820430755615234,0.45282667875289917,0.0116575313732028,0.0069240424782037735,0.0010145583655685186
000946_jpg.rf.18bf1b977f56cc49545942b86ac7c739.jpg,0,0.07338901609182358,0.8818767070770264,0.022524407133460045,0.10301876068115234,0.7546270489692688
000946_jpg.rf.18bf1b977f56cc49545942b86ac7c739.jpg,0,0.5244654417037964,0.846299409866333,0.026909461244940758,0.1018131673336029,0.6640241742134094
000946_jpg.rf.18bf1b977f56cc49545942b86ac7c739.jpg,8,0.575440526008606,0.8448301553726196,0.03183317184448242,0.064521424472332,0.2621718943119049
000946_jpg.rf.18bf1b977f56cc49545942b86ac7c739.jpg,0,0.5457500219345093,0.8415277004241943,0.020913051441311836,0.07914543151855469,0.06795932352542877
000946_jpg.rf.18bf1b977f56cc49545942b86ac7c739.jpg,0,0.5465914011001587,0.8224334716796875,0.019622253254055977,0.046685583889484406,0.05014112964272499
000946_jpg.rf.18bf1b977f56cc49545942b86ac7c739.jpg,0,0.07346230000257492,0.852435827255249,0.014963347464799881,0.04064178466796875,0.022014440968632698
000946_jpg.rf.18bf1b977f56cc49545942b86ac7c739.jpg,8,0.554624617099762,0.8283597230911255,0.01196267083287239,0.04647878557443619,0.018799303099513054
000946_jpg.rf.18bf1b977f56cc49545942b86ac7c739.jpg,8,0.5543331503868103,0.8390324115753174,0.01565665379166603,0.06505929678678513,0.015148182399570942
000946_jpg.rf.18bf1b977f56cc49545942b86ac7c739.jpg,0,0.5541717410087585,0.884225606918335,0.022209901362657547,0.032469384372234344,0.010727599263191223
000946_jpg.rf.18bf1b977f56cc49545942b86ac7c739.jpg,0,0.517500102519989,0.850899338722229,0.030205726623535156,0.10014951974153519,0.009142529219388962
000946_jpg.rf.18bf1b977f56cc49545942b86ac7c739.jpg,0,0.5538628101348877,0.870139479637146,0.019662270322442055,0.06128120422363281,0.008241185918450356
000946_jpg.rf.18bf1b977f56cc49545942b86ac7c739.jpg,0,0.5113042593002319,0.9873165488243103,0.05134982243180275,0.02250693365931511,0.007929286919534206
000946_jpg.rf.18bf1b977f56cc49545942b86ac7c739.jpg,0,0.5489367246627808,0.8757323026657104,0.02981090545654297,0.05087089538574219,0.007771665696054697
000946_jpg.rf.18bf1b977f56cc49545942b86ac7c739.jpg,0,0.5242722630500793,0.9905388355255127,0.05529594421386719,0.01852395012974739,0.0071632531471550465
000946_jpg.rf.18bf1b977f56cc49545942b86ac7c739.jpg,10,0.05813181400299072,0.8733006715774536,0.025785230100154877,0.06723293662071228,0.006308831740170717
000946_jpg.rf.18bf1b977f56cc49545942b86ac7c739.jpg,0,0.5530312061309814,0.8536024689674377,0.016801539808511734,0.08485206961631775,0.003522660117596388
000946_jpg.rf.18bf1b977f56cc49545942b86ac7c739.jpg,0,0.04346483573317528,0.8908318877220154,0.021422840654850006,0.08311132341623306,0.0028056055307388306
000946_jpg.rf.18bf1b977f56cc49545942b86ac7c739.jpg,0,0.19194087386131287,0.5943247675895691,0.02641402743756771,0.03958885371685028,0.002765356795862317
000946_jpg.rf.18bf1b977f56cc49545942b86ac7c739.jpg,9,0.0431676059961319,0.8636906147003174,0.018924180418252945,0.04355394095182419,0.0025826452765613794
000946_jpg.rf.18bf1b977f56cc49545942b86ac7c739.jpg,0,0.04332822561264038,0.8659887313842773,0.021605512127280235,0.04582903906702995,0.0020222284365445375
000946_jpg.rf.18bf1b977f56cc49545942b86ac7c739.jpg,0,0.3977353870868683,0.5129683017730713,0.7954707741737366,0.9740634560585022,0.0018292240565642715
000946_jpg.rf.18bf1b977f56cc49545942b86ac7c739.jpg,10,0.05489077791571617,0.864457368850708,0.014640354551374912,0.04574812203645706,0.001806026790291071
000946_jpg.rf.18bf1b977f56cc49545942b86ac7c739.jpg,6,0.18987758457660675,0.5958420634269714,0.02920946665108204,0.04032868519425392,0.0016545335529372096
000946_jpg.rf.18bf1b977f56cc49545942b86ac7c739.jpg,0,0.04419567808508873,0.9078018665313721,0.017715265974402428,0.049163009971380234,0.0015451734652742743
000946_jpg.rf.18bf1b977f56cc49545942b86ac7c739.jpg,1,0.5887025594711304,0.015705527737736702,0.155557781457901,0.030393021181225777,0.0011369290295988321
000946_jpg.rf.18bf1b977f56cc49545942b86ac7c739.jpg,0,0.5252505540847778,0.9857326149940491,0.04979705810546875,0.024797219783067703,0.0011071511544287205
000949_JPG_jpg.rf.dffe53a303ce089bd4001a13de0cc7bd.jpg,0,0.2767339050769806,0.1317666471004486,0.3256782293319702,0.13364934921264648,0.944304883480072
000949_JPG_jpg.rf.dffe53a303ce089bd4001a13de0cc7bd.jpg,8,0.7327779531478882,0.8150342702865601,0.049559079110622406,0.041342590004205704,0.047583963721990585
000949_JPG_jpg.rf.dffe53a303ce089bd4001a13de0cc7bd.jpg,9,0.2236633002758026,0.6585480570793152,0.026242971420288086,0.034394264221191406,0.026097595691680908
000949_JPG_jpg.rf.dffe53a303ce089bd4001a13de0cc7bd.jpg,8,0.22379446029663086,0.6582775115966797,0.02473306655883789,0.03397905081510544,0.00367712858133018
000949_JPG_jpg.rf.dffe53a303ce089bd4001a13de0cc7bd.jpg,0,0.3585023581981659,0.6531016826629639,0.023371843621134758,0.013495225459337234,0.001928925747051835
000949_JPG_jpg.rf.dffe53a303ce089bd4001a13de0cc7bd.jpg,7,0.22516903281211853,0.6551154851913452,0.01901758648455143,0.037296295166015625,0.001685533788986504
000949_JPG_jpg.rf.dffe53a303ce089bd4001a13de0cc7bd.jpg,0,0.5363926887512207,0.5075405836105347,0.9021139144897461,0.9849188923835754,0.0014749945839866996
000949_JPG_jpg.rf.dffe53a303ce089bd4001a13de0cc7bd.jpg,11,0.9946707487106323,0.32540738582611084,0.009746918454766273,0.021337032318115234,0.0013568352442234755
000954_JPG_jpg.rf.2633035aaeb19e6f2005bf2f8f5d3ebd.jpg,0,0.4778170585632324,0.24861091375350952,0.1303691864013672,0.057690106332302094,0.6268346309661865
000954_JPG_jpg.rf.2633035aaeb19e6f2005bf2f8f5d3ebd.jpg,1,0.47709959745407104,0.24882163107395172,0.1297757774591446,0.05720815435051918,0.3982388377189636
000954_JPG_jpg.rf.2633035aaeb19e6f2005bf2f8f5d3ebd.jpg,0,0.4061352014541626,0.5908104181289673,0.026768794283270836,0.022396491840481758,0.017702022567391396
000954_JPG_jpg.rf.2633035aaeb19e6f2005bf2f8f5d3ebd.jpg,1,0.15764926373958588,0.7081168293952942,0.09603654593229294,0.04163676127791405,0.009220323525369167
000954_JPG_jpg.rf.2633035aaeb19e6f2005bf2f8f5d3ebd.jpg,0,0.39558741450309753,0.5900201797485352,0.0459526851773262,0.023585906252264977,0.007432448212057352
000954_JPG_jpg.rf.2633035aaeb19e6f2005bf2f8f5d3ebd.jpg,1,0.1330781728029251,0.7106114625930786,0.1095101535320282,0.03958342596888542,0.002529405988752842
000954_JPG_jpg.rf.2633035aaeb19e6f2005bf2f8f5d3ebd.jpg,1,0.5648671984672546,0.22140932083129883,0.05231402441859245,0.08229781687259674,0.0016342633171007037
000954_JPG_jpg.rf.2633035aaeb19e6f2005bf2f8f5d3ebd.jpg,1,0.5890236496925354,0.2244691103696823,0.10287904739379883,0.09392929077148438,0.0010484053054824471
000959_jpg.rf.5bf1b1614cead2ae3ed908c0373143c1.jpg,0,0.3897598087787628,0.294094443321228,0.011546538211405277,0.04967981204390526,0.32562175393104553
000959_jpg.rf.5bf1b1614cead2ae3ed908c0373143c1.jpg,1,0.5965806245803833,0.45510584115982056,0.01727401278913021,0.049522582441568375,0.19533175230026245
000959_jpg.rf.5bf1b1614cead2ae3ed908c0373143c1.jpg,0,0.5181734561920166,0.2881487309932709,0.0106964111328125,0.04032411798834801,0.09267693012952805
000959_jpg.rf.5bf1b1614cead2ae3ed908c0373143c1.jpg,0,0.7143926024436951,0.1551675796508789,0.030989794060587883,0.12823118269443512,0.018424034118652344
000959_jpg.rf.5bf1b1614cead2ae3ed908c0373143c1.jpg,0,0.5593705177307129,0.3285592198371887,0.013975730165839195,0.053236301988363266,0.010177979245781898
000959_jpg.rf.5bf1b1614cead2ae3ed908c0373143c1.jpg,9,0.5655040740966797,0.4758514165878296,0.026293572038412094,0.04791993275284767,0.010136883705854416
000959_jpg.rf.5bf1b1614cead2ae3ed908c0373143c1.jpg,0,0.01763894036412239,0.17047664523124695,0.03527788072824478,0.20356538891792297,0.009461595676839352
000959_jpg.rf.5bf1b1614cead2ae3ed908c0373143c1.jpg,1,0.5646197199821472,0.47414928674697876,0.027520766481757164,0.05176353454589844,0.0078525859862566
000959_jpg.rf.5bf1b1614cead2ae3ed908c0373143c1.jpg,0,0.5640793442726135,0.32952436804771423,0.014450953342020512,0.050703708082437515,0.005391293205320835
000959_jpg.rf.5bf1b1614cead2ae3ed908c0373143c1.jpg,0,0.009842827916145325,0.12491807341575623,0.01968565583229065,0.15575827658176422,0.005277244374155998
000959_jpg.rf.5bf1b1614cead2ae3ed908c0373143c1.jpg,0,0.7144039869308472,0.19073154032230377,0.03675314038991928,0.05191483721137047,0.004534351173788309
000959_jpg.rf.5bf1b1614cead2ae3ed908c0373143c1.jpg,0,0.3991347849369049,0.1292451173067093,0.02603435516357422,0.013512611389160156,0.00392758147791028
000959_jpg.rf.5bf1b1614cead2ae3ed908c0373143c1.jpg,8,0.5566118955612183,0.5435844659805298,0.028839698061347008,0.051923349499702454,0.003861259436234832
000959_jpg.rf.5bf1b1614cead2ae3ed908c0373143c1.jpg,9,0.5606348514556885,0.4738974869251251,0.018511589616537094,0.054436095058918,0.0037549142725765705
000959_jpg.rf.5bf1b1614cead2ae3ed908c0373143c1.jpg,0,0.014535171911120415,0.14333182573318481,0.027652036398649216,0.1803627908229828,0.0024949186481535435
000959_jpg.rf.5bf1b1614cead2ae3ed908c0373143c1.jpg,0,0.015768349170684814,0.18994516134262085,0.02713059075176716,0.12619365751743317,0.0020502214320003986
000959_jpg.rf.5bf1b1614cead2ae3ed908c0373143c1.jpg,0,0.08283492177724838,0.005601595621556044,0.03172843158245087,0.011203191243112087,0.0018901430303230882
000959_jpg.rf.5bf1b1614cead2ae3ed908c0373143c1.jpg,9,0.5264813899993896,0.5450140237808228,0.01739388331770897,0.038899604231119156,0.0018440132262185216
000959_jpg.rf.5bf1b1614cead2ae3ed908c0373143c1.jpg,1,0.5604827404022217,0.4702044129371643,0.019680572673678398,0.045341089367866516,0.001183902146294713
000959_jpg.rf.5bf1b1614cead2ae3ed908c0373143c1.jpg,0,0.07506952434778214,0.0064003015868365765,0.03305866941809654,0.012800603173673153,0.0010896287858486176
000961_jpg.rf.805df5d6f453caa3c1fa8a87893ec991.jpg,0,0.435320645570755,0.26631850004196167,0.0139005733653903,0.05245018005371094,0.6332931518554688
000961_jpg.rf.805df5d6f453caa3c1fa8a87893ec991.jpg,0,0.5292841196060181,0.26505041122436523,0.01290398370474577,0.047764960676431656,0.6153489351272583
000961_jpg.rf.805df5d6f453caa3c1fa8a87893ec991.jpg,9,0.8289638161659241,0.6952385306358337,0.02099073864519596,0.04967784881591797,0.012896504253149033
000961_jpg.rf.805df5d6f453caa3c1fa8a87893ec991.jpg,0,0.5257502198219299,0.2650189697742462,0.014577682130038738,0.04651203379034996,0.011284382082521915
000961_jpg.rf.805df5d6f453caa3c1fa8a87893ec991.jpg,3,0.2921566367149353,0.42486461997032166,0.012684785760939121,0.04229919612407684,0.00774344801902771
000961_jpg.rf.805df5d6f453caa3c1fa8a87893ec991.jpg,8,0.4557639956474304,0.2663150727748871,0.013116543181240559,0.04103964939713478,0.00573370885103941
000961_jpg.rf.805df5d6f453caa3c1fa8a87893ec991.jpg,0,0.45716455578804016,0.27005237340927124,0.012842581607401371,0.04380035400390625,0.004632795695215464
000961_jpg.rf.805df5d6f453caa3c1fa8a87893ec991.jpg,1,0.8283399343490601,0.6586852669715881,0.019679289311170578,0.09200437366962433,0.0036713278386741877
000961_jpg.rf.805df5d6f453caa3c1fa8a87893ec991.jpg,8,0.31523558497428894,0.803504228591919,0.08122902363538742,0.03379843756556511,0.0035282415337860584
000961_jpg.rf.805df5d6f453caa3c1fa8a87893ec991.jpg,0,0.1732265055179596,0.10154732316732407,0.014564184471964836,0.045866746455430984,0.0026466778945177794
000961_jpg.rf.805df5d6f453caa3c1fa8a87893ec991.jpg,0,0.46378934383392334,0.4379923939704895,0.012995133176445961,0.023191269487142563,0.002213959349319339
000961_jpg.rf.805df5d6f453caa3c1fa8a87893ec991.jpg,0,0.5064335465431213,0.26746487617492676,0.01450329553335905,0.034898463636636734,0.0015742614632472396
000961_jpg.rf.805df5d6f453caa3c1fa8a87893ec991.jpg,1,0.17195144295692444,0.10321775823831558,0.01885199546813965,0.04493696987628937,0.0015607844106853008
000961_jpg.rf.805df5d6f453caa3c1fa8a87893ec991.jpg,8,0.5061925649642944,0.2633225619792938,0.014441123232245445,0.03644523397088051,0.001490282011218369
000961_jpg.rf.805df5d6f453caa3c1fa8a87893ec991.jpg,1,0.9909601211547852,0.03883446007966995,0.018079757690429688,0.0776689201593399,0.0010129517177119851
000961_jpg.rf.805df5d6f453caa3c1fa8a87893ec991.jpg,9,0.8286844491958618,0.6836156249046326,0.023519296199083328,0.0767965316772461,0.0010092522716149688
000966_JPG_jpg.rf.87fa55fbebc4989000b890b88765c712.jpg,0,0.26578283309936523,0.12528647482395172,0.09221912920475006,0.05982561409473419,0.5622504353523254
000966_JPG_jpg.rf.87fa55fbebc4989000b890b88765c712.jpg,1,0.746626615524292,0.49854782223701477,0.09684562683105469,0.22257159650325775,0.24152138829231262
000966_JPG_jpg.rf.87fa55fbebc4989000b890b88765c712.jpg,1,0.7454968690872192,0.4947837293148041,0.3085209131240845,0.2309027463197708,0.07307223230600357
000966_JPG_jpg.rf.87fa55fbebc4989000b890b88765c712.jpg,1,0.7420307993888855,0.4641048312187195,0.03738836199045181,0.10197712481021881,0.034431688487529755
000966_JPG_jpg.rf.87fa55fbebc4989000b890b88765c712.jpg,0,0.2952434718608856,0.11253771185874939,0.026762064546346664,0.08303623646497726,0.031433433294296265
000966_JPG_jpg.rf.87fa55fbebc4989000b890b88765c712.jpg,0,0.28897446393966675,0.12010221928358078,0.02724933624267578,0.06763135641813278,0.021363919600844383
000966_JPG_jpg.rf.87fa55fbebc4989000b890b88765c712.jpg,1,0.7420445680618286,0.4480876326560974,0.044277191162109375,0.06408584862947464,0.020373953506350517
000966_JPG_jpg.rf.87fa55fbebc4989000b890b88765c712.jpg,14,0.7405328154563904,0.4436129927635193,0.033735789358615875,0.04980780556797981,0.01188170537352562
000966_JPG_jpg.rf.87fa55fbebc4989000b890b88765c712.jpg,1,0.022420300170779228,0.48837441205978394,0.02996991202235222,0.053017690777778625,0.009525422938168049
000966_JPG_jpg.rf.87fa55fbebc4989000b890b88765c712.jpg,0,0.28147292137145996,0.11921818554401398,0.05938929691910744,0.07224217802286148,0.005752834025770426
000966_JPG_jpg.rf.87fa55fbebc4989000b890b88765c712.jpg,0,0.02327229455113411,0.49247443675994873,0.02834498882293701,0.06417692452669144,0.005287838634103537
000966_JPG_jpg.rf.87fa55fbebc4989000b890b88765c712.jpg,0,0.2707079350948334,0.11818147450685501,0.02290457859635353,0.059241846203804016,0.0026985967997461557
000966_JPG_jpg.rf.87fa55fbebc4989000b890b88765c712.jpg,1,0.2067231386899948,0.3061657249927521,0.10741981863975525,0.3303525149822235,0.001745368237607181
000966_JPG_jpg.rf.87fa55fbebc4989000b890b88765c712.jpg,1,0.5960531830787659,0.4570741057395935,0.015891075134277344,0.048568543046712875,0.0016099081840366125
000966_JPG_jpg.rf.87fa55fbebc4989000b890b88765c712.jpg,1,0.759134829044342,0.4486916661262512,0.03886222839355469,0.03951604664325714,0.0012485279003158212
000966_JPG_jpg.rf.87fa55fbebc4989000b890b88765c712.jpg,0,0.26447778940200806,0.08778032660484314,0.2072795033454895,0.16333577036857605,0.0010978548089042306
000967_jpg.rf.c03a4af67b2c09d534327ef7de40de4c.jpg,1,0.6416981816291809,0.09906649589538574,0.02616119384765625,0.09950605779886246,0.7528862953186035
000967_jpg.rf.c03a4af67b2c09d534327ef7de40de4c.jpg,1,0.8085269927978516,0.09167642891407013,0.02304341271519661,0.10279858857393265,0.7150489687919617
000967_jpg.rf.c03a4af67b2c09d534327ef7de40de4c.jpg,1,0.8068500757217407,0.07396136224269867,0.019826889038085938,0.06293082982301712,0.47817856073379517
000967_jpg.rf.c03a4af67b2c09d534327ef7de40de4c.jpg,0,0.08511456102132797,0.08938312530517578,0.01782672293484211,0.07858554273843765,0.1432916671037674
000967_jpg.rf.c03a4af67b2c09d534327ef7de40de4c.jpg,1,0.22950007021427155,0.315978080034256,0.014136461541056633,0.04853268712759018,0.09265024960041046
000967_jpg.rf.c03a4af67b2c09d534327ef7de40de4c.jpg,1,0.26927486062049866,0.7342473268508911,0.06814765930175781,0.20422782003879547,0.0392095111310482
000967_jpg.rf.c03a4af67b2c09d534327ef7de40de4c.jpg,0,0.6309254169464111,0.16603542864322662,0.010383092798292637,0.012942222878336906,0.024140754714608192
000967_jpg.rf.c03a4af67b2c09d534327ef7de40de4c.jpg,1,0.6413251161575317,0.08240437507629395,0.021460166200995445,0.0674879252910614,0.023082904517650604
000967_jpg.rf.c03a4af67b2c09d534327ef7de40de4c.jpg,1,0.22459697723388672,0.316494345664978,0.016234397888183594,0.04857512563467026,0.006570685654878616
000967_jpg.rf.c03a4af67b2c09d534327ef7de40de4c.jpg,8,0.26626941561698914,0.6765647530555725,0.04461297765374184,0.07762373238801956,0.006432435009628534
000967_jpg.rf.c03a4af67b2c09d534327ef7de40de4c.jpg,1,0.6478501558303833,0.07997657358646393,0.03042829968035221,0.06324730813503265,0.00599296297878027
000967_jpg.rf.c03a4af67b2c09d534327ef7de40de4c.jpg,0,0.16985449194908142,0.007797804195433855,0.06365887820720673,0.014734368771314621,0.005640038754791021
000967_jpg.rf.c03a4af67b2c09d534327ef7de40de4c.jpg,0,0.6312600374221802,0.16287705302238464,0.010952656157314777,0.014860006049275398,0.005268258508294821
000967_jpg.rf.c03a4af67b2c09d534327ef7de40de4c.jpg,5,0.5697863698005676,0.21029265224933624,0.023388458415865898,0.04710230603814125,0.005091697908937931
000967_jpg.rf.c03a4af67b2c09d534327ef7de40de4c.jpg,1,0.7577638030052185,0.6571255922317505,0.062004454433918,0.0924115926027298,0.004958839155733585
000967_jpg.rf.c03a4af67b2c09d534327ef7de40de4c.jpg,0,0.6429196000099182,0.09704513102769852,0.026660919189453125,0.10243356227874756,0.0042021619156003
000967_jpg.rf.c03a4af67b2c09d534327ef7de40de4c.jpg,1,0.7595561742782593,0.7012471556663513,0.06615888327360153,0.19054555892944336,0.003927417099475861
000967_jpg.rf.c03a4af67b2c09d534327ef7de40de4c.jpg,9,0.5085515379905701,0.6513780355453491,0.04412651062011719,0.08193661272525787,0.003317601280286908
000967_jpg.rf.c03a4af67b2c09d534327ef7de40de4c.jpg,9,0.2646448016166687,0.6760796904563904,0.038538072258234024,0.078256756067276,0.002143614226952195
000967_jpg.rf.c03a4af67b2c09d534327ef7de40de4c.jpg,1,0.22879569232463837,0.3278222382068634,0.018438192084431648,0.07044342905282974,0.0019114663591608405
000967_jpg.rf.c03a4af67b2c09d534327ef7de40de4c.jpg,14,0.7621164917945862,0.7593360543251038,0.04473326727747917,0.07141025364398956,0.001891039195470512
000967_jpg.rf.c03a4af67b2c09d534327ef7de40de4c.jpg,1,0.7816599607467651,0.09508908540010452,0.017394065856933594,0.01813759282231331,0.0016874534776434302
000967_jpg.rf.c03a4af67b2c09d534327ef7de40de4c.jpg,1,0.12629489600658417,0.08071637153625488,0.02247454598546028,0.07351014018058777,0.0015282088425010443
000967_jpg.rf.c03a4af67b2c09d534327ef7de40de4c.jpg,14,0.7566613554954529,0.6428171992301941,0.05012974515557289,0.07237933576107025,0.001331885694526136
000967_jpg.rf.c03a4af67b2c09d534327ef7de40de4c.jpg,9,0.7580127716064453,0.6458508968353271,0.05331685021519661,0.06847032904624939,0.0012444668682292104
000967_jpg.rf.c03a4af67b2c09d534327ef7de40de4c.jpg,1,0.2269105315208435,0.30949223041534424,0.017281237989664078,0.035512980073690414,0.0011115686502307653
000967_jpg.rf.c03a4af67b2c09d534327ef7de40de4c.jpg,8,0.10483722388744354,0.08191124349832535,0.012589619494974613,0.05539252609014511,0.001043391996063292
000967_jpg.rf.c03a4af67b2c09d534327ef7de40de4c.jpg,1,0.27214980125427246,0.7549803853034973,0.09306030720472336,0.2619730234146118,0.0010294155217707157
000983_JPG_jpg.rf.435a52389bec50fc37b8d83dc287f3ed.jpg,0,0.5795129537582397,0.06092105805873871,0.3123369514942169,0.09123003482818604,0.9865195751190186
000983_JPG_jpg.rf.435a52389bec50fc37b8d83dc287f3ed.jpg,0,0.24540060758590698,0.4233548045158386,0.10573940724134445,0.032375555485486984,0.1372053474187851
000983_JPG_jpg.rf.435a52389bec50fc37b8d83dc287f3ed.jpg,8,0.3028472363948822,0.3661121726036072,0.01488038245588541,0.14089635014533997,0.039297979325056076
000983_JPG_jpg.rf.435a52389bec50fc37b8d83dc287f3ed.jpg,0,0.6222578883171082,0.04904812201857567,0.24994732439517975,0.093338742852211,0.0322900228202343
000983_JPG_jpg.rf.435a52389bec50fc37b8d83dc287f3ed.jpg,0,0.5468302369117737,0.05114581063389778,0.21657221019268036,0.09294375777244568,0.018092773854732513
000983_JPG_jpg.rf.435a52389bec50fc37b8d83dc287f3ed.jpg,0,0.2574358880519867,0.41539812088012695,0.07756706327199936,0.046822842210531235,0.010480948723852634
000983_JPG_jpg.rf.435a52389bec50fc37b8d83dc287f3ed.jpg,0,0.2826314866542816,0.3724168539047241,0.04340135306119919,0.13157354295253754,0.0035620976705104113
000983_JPG_jpg.rf.435a52389bec50fc37b8d83dc287f3ed.jpg,0,0.6409780979156494,0.05379616841673851,0.17983466386795044,0.07587771117687225,0.003519976045936346
000983_JPG_jpg.rf.435a52389bec50fc37b8d83dc287f3ed.jpg,8,0.3037131130695343,0.4013602137565613,0.014353550039231777,0.0613725371658802,0.003477604128420353
000983_JPG_jpg.rf.435a52389bec50fc37b8d83dc287f3ed.jpg,1,0.19155476987361908,0.6967642307281494,0.060817040503025055,0.03114362806081772,0.0033442971762269735
000983_JPG_jpg.rf.435a52389bec50fc37b8d83dc287f3ed.jpg,0,0.2657511830329895,0.40514490008354187,0.07915344834327698,0.06961793452501297,0.003258144948631525
000983_JPG_jpg.rf.435a52389bec50fc37b8d83dc287f3ed.jpg,0,0.3026527166366577,0.4057188034057617,0.025783447548747063,0.06368541717529297,0.0024013128131628036
000983_JPG_jpg.rf.435a52389bec50fc37b8d83dc287f3ed.jpg,0,0.24540241062641144,0.37371301651000977,0.11695390194654465,0.14050637185573578,0.001963043585419655
000983_JPG_jpg.rf.435a52389bec50fc37b8d83dc287f3ed.jpg,0,0.16064439713954926,0.3249145746231079,0.3212887942790985,0.648642897605896,0.0019363369792699814
000983_JPG_jpg.rf.435a52389bec50fc37b8d83dc287f3ed.jpg,0,0.16338221728801727,0.45336025953292847,0.31066200137138367,0.3284812271595001,0.0017311464762315154
000983_JPG_jpg.rf.435a52389bec50fc37b8d83dc287f3ed.jpg,0,0.2866573631763458,0.4011462926864624,0.09135807305574417,0.09276258200407028,0.001503121224232018
000983_JPG_jpg.rf.435a52389bec50fc37b8d83dc287f3ed.jpg,0,0.24451851844787598,0.43354299664497375,0.11294794082641602,0.04987918585538864,0.0011241110041737556
000985_JPG_jpg.rf.858faffcae4167e233b829d2f744f34f.jpg,0,0.31931525468826294,0.11325134336948395,0.13155420124530792,0.05311828479170799,0.735546886920929
000985_JPG_jpg.rf.858faffcae4167e233b829d2f744f34f.jpg,1,0.038894955068826675,0.46378523111343384,0.07014451920986176,0.05364054813981056,0.007469306234270334
000985_JPG_jpg.rf.858faffcae4167e233b829d2f744f34f.jpg,1,0.036459438502788544,0.4773521423339844,0.06754690408706665,0.09268932789564133,0.004276853986084461
000985_JPG_jpg.rf.858faffcae4167e233b829d2f744f34f.jpg,0,0.03861969709396362,0.46565040946006775,0.06678681820631027,0.04269189015030861,0.0033633853308856487
000985_JPG_jpg.rf.858faffcae4167e233b829d2f744f34f.jpg,1,0.8285871744155884,0.07020790874958038,0.045463927090168,0.031606532633304596,0.0026600800920277834
000985_JPG_jpg.rf.858faffcae4167e233b829d2f744f34f.jpg,0,0.3450900614261627,0.07409398257732391,0.060523621737957,0.14818796515464783,0.0016952035948634148
000985_JPG_jpg.rf.858faffcae4167e233b829d2f744f34f.jpg,0,0.3418583273887634,0.10208635777235031,0.0866280123591423,0.0739850252866745,0.0016148722497746348
000985_JPG_jpg.rf.858faffcae4167e233b829d2f744f34f.jpg,1,0.45386236906051636,0.4778183698654175,0.018039483577013016,0.01855219341814518,0.0010348965879529715
000989_JPG_jpg.rf.190d2ec887677882e3d1c869a542aa26.jpg,0,0.42088091373443604,0.1564125418663025,0.18849274516105652,0.08817119151353836,0.96706223487854
000989_JPG_jpg.rf.190d2ec887677882e3d1c869a542aa26.jpg,0,0.27467110753059387,0.5778643488883972,0.021229835227131844,0.024293312802910805,0.2437126785516739
000989_JPG_jpg.rf.190d2ec887677882e3d1c869a542aa26.jpg,0,0.29334259033203125,0.5749403834342957,0.0178545992821455,0.029835114255547523,0.14244750142097473
000989_JPG_jpg.rf.190d2ec887677882e3d1c869a542aa26.jpg,1,0.7012494206428528,0.3705984354019165,0.0566093735396862,0.024755368009209633,0.10624048858880997
000989_JPG_jpg.rf.190d2ec887677882e3d1c869a542aa26.jpg,0,0.2746671438217163,0.5712859034538269,0.017164798453450203,0.03719329833984375,0.09251050651073456
000989_JPG_jpg.rf.190d2ec887677882e3d1c869a542aa26.jpg,0,0.3971729874610901,0.17595967650413513,0.2599734663963318,0.15579384565353394,0.05050642788410187
000989_JPG_jpg.rf.190d2ec887677882e3d1c869a542aa26.jpg,0,0.8245009183883667,0.5430909395217896,0.05683847516775131,0.022128876298666,0.04095522686839104
000989_JPG_jpg.rf.190d2ec887677882e3d1c869a542aa26.jpg,0,0.26134657859802246,0.5802072286605835,0.03734522685408592,0.020157886669039726,0.03436068072915077
000989_JPG_jpg.rf.190d2ec887677882e3d1c869a542aa26.jpg,0,0.2936059832572937,0.5962039828300476,0.01655873842537403,0.06531869620084763,0.027389729395508766
000989_JPG_jpg.rf.190d2ec887677882e3d1c869a542aa26.jpg,0,0.27321261167526245,0.5538343191146851,0.013848690316081047,0.057586487382650375,0.019477609544992447
000989_JPG_jpg.rf.190d2ec887677882e3d1c869a542aa26.jpg,0,0.27548232674598694,0.5832221508026123,0.02094564028084278,0.023233890533447266,0.01817670278251171
000989_JPG_jpg.rf.190d2ec887677882e3d1c869a542aa26.jpg,1,0.41615885496139526,0.15891657769680023,0.18115101754665375,0.09497027844190598,0.011792114935815334
000989_JPG_jpg.rf.190d2ec887677882e3d1c869a542aa26.jpg,0,0.25123757123947144,0.5893806219100952,0.025396164506673813,0.02143096923828125,0.00774034857749939
000989_JPG_jpg.rf.190d2ec887677882e3d1c869a542aa26.jpg,1,0.6972436308860779,0.4638027846813202,0.013950567692518234,0.0694086030125618,0.006983495783060789
000989_JPG_jpg.rf.190d2ec887677882e3d1c869a542aa26.jpg,8,0.2918252944946289,0.5654827356338501,0.01570996828377247,0.029357360675930977,0.006251073442399502
000989_JPG_jpg.rf.190d2ec887677882e3d1c869a542aa26.jpg,0,0.27972960472106934,0.5652165412902832,0.018720809370279312,0.038563139736652374,0.005832429975271225
000989_JPG_jpg.rf.190d2ec887677882e3d1c869a542aa26.jpg,1,0.30299609899520874,0.5727012157440186,0.019976910203695297,0.02861415408551693,0.005603655707091093
000989_JPG_jpg.rf.190d2ec887677882e3d1c869a542aa26.jpg,1,0.29386311769485474,0.6028762459754944,0.016307922080159187,0.061079319566488266,0.005281659308820963
000989_JPG_jpg.rf.190d2ec887677882e3d1c869a542aa26.jpg,9,0.37225085496902466,0.6298283934593201,0.014510044828057289,0.054712697863578796,0.004525369964540005
000989_JPG_jpg.rf.190d2ec887677882e3d1c869a542aa26.jpg,1,0.797170877456665,0.40151265263557434,0.022711094468832016,0.0316619873046875,0.0036552310921251774
000989_JPG_jpg.rf.190d2ec887677882e3d1c869a542aa26.jpg,9,0.6316729784011841,0.49556174874305725,0.021271485835313797,0.04391622543334961,0.0026611327193677425
000989_JPG_jpg.rf.190d2ec887677882e3d1c869a542aa26.jpg,1,0.3714480698108673,0.6304905414581299,0.012643520720303059,0.0538160614669323,0.002113371156156063
000989_JPG_jpg.rf.190d2ec887677882e3d1c869a542aa26.jpg,1,0.7184556722640991,0.37094053626060486,0.046993255615234375,0.02357211522758007,0.0020960625261068344
000989_JPG_jpg.rf.190d2ec887677882e3d1c869a542aa26.jpg,1,0.80286705493927,0.40019258856773376,0.03033681958913803,0.03453027456998825,0.001663701725192368
000989_JPG_jpg.rf.190d2ec887677882e3d1c869a542aa26.jpg,1,0.8049701452255249,0.6189712285995483,0.0466558001935482,0.026532944291830063,0.001476374571211636
000989_JPG_jpg.rf.190d2ec887677882e3d1c869a542aa26.jpg,0,0.419975608587265,0.2626659572124481,0.2129996418952942,0.38796108961105347,0.001432651188224554
000989_JPG_jpg.rf.190d2ec887677882e3d1c869a542aa26.jpg,1,0.42289969325065613,0.25676435232162476,0.19256272912025452,0.33767616748809814,0.0014178797136992216
000989_JPG_jpg.rf.190d2ec887677882e3d1c869a542aa26.jpg,0,0.2530050277709961,0.5658771395683289,0.01822662353515625,0.03261778876185417,0.0013902023201808333
000989_JPG_jpg.rf.190d2ec887677882e3d1c869a542aa26.jpg,0,0.3019532561302185,0.5785306692123413,0.01584186963737011,0.03009832836687565,0.0013688665349036455
000989_JPG_jpg.rf.190d2ec887677882e3d1c869a542aa26.jpg,14,0.4128583073616028,0.8210580348968506,0.026138488203287125,0.014656800776720047,0.0012458942364901304
000989_JPG_jpg.rf.190d2ec887677882e3d1c869a542aa26.jpg,0,0.43928730487823486,0.1411719024181366,0.16287268698215485,0.05627617612481117,0.0011554715456441045
000994_jpg.rf.a4d87f8cd54a7a19e0081461e279a335.jpg,0,0.4574408531188965,0.8609435558319092,0.03439807891845703,0.13392029702663422,0.8246800899505615
000994_jpg.rf.a4d87f8cd54a7a19e0081461e279a335.jpg,0,0.007997934706509113,0.8741327524185181,0.015995869413018227,0.12809716165065765,0.501894474029541
000994_jpg.rf.a4d87f8cd54a7a19e0081461e279a335.jpg,0,0.007668989710509777,0.8984450101852417,0.015337979421019554,0.07620085030794144,0.2666054368019104
000994_jpg.rf.a4d87f8cd54a7a19e0081461e279a335.jpg,1,0.24864336848258972,0.2870316505432129,0.046315763145685196,0.027354534715414047,0.14545775949954987
000994_jpg.rf.a4d87f8cd54a7a19e0081461e279a335.jpg,1,0.19650182127952576,0.2869540750980377,0.05148124694824219,0.025962738320231438,0.012698455713689327
000994_jpg.rf.a4d87f8cd54a7a19e0081461e279a335.jpg,1,0.22454610466957092,0.28703242540359497,0.09086485952138901,0.029207320883870125,0.008751044981181622
000994_jpg.rf.a4d87f8cd54a7a19e0081461e279a335.jpg,1,0.06132695451378822,0.780580461025238,0.015415756031870842,0.04502061754465103,0.0014000475639477372
001000_jpg.rf.55d2c5392c587e099e386a6406bff14f.jpg,3,0.2060735523700714,0.2822311818599701,0.21261262893676758,0.37818145751953125,0.9767087697982788
001000_jpg.rf.55d2c5392c587e099e386a6406bff14f.jpg,12,0.876625657081604,0.5022246837615967,0.24515606462955475,0.9944123029708862,0.005294273141771555
001004_jpg.rf.b5403b891cecfc5231ff9ef14b3534ae.jpg,3,0.5006176829338074,0.3971535563468933,0.27111566066741943,0.20022238790988922,0.9743531942367554
001014_jpg.rf.b5f73c9eb6dc1a27fd9ec0323fb5d210.jpg,3,0.2953051030635834,0.22083619236946106,0.20180174708366394,0.32787418365478516,0.9927141070365906
001019_jpg.rf.c53eaf43c583c2bdb0f57c91179329f9.jpg,0,0.1653328686952591,0.13645006716251373,0.027954239398241043,0.11571609973907471,0.879023015499115
001019_jpg.rf.c53eaf43c583c2bdb0f57c91179329f9.jpg,0,0.5595646500587463,0.11179392039775848,0.030458632856607437,0.11406751722097397,0.8202817440032959
001019_jpg.rf.c53eaf43c583c2bdb0f57c91179329f9.jpg,1,0.4393105208873749,0.551776647567749,0.027877550572156906,0.13450105488300323,0.03750401362776756
001019_jpg.rf.c53eaf43c583c2bdb0f57c91179329f9.jpg,1,0.4391913115978241,0.5299102663993835,0.025800447911024094,0.08321307599544525,0.015923187136650085
001019_jpg.rf.c53eaf43c583c2bdb0f57c91179329f9.jpg,1,0.5762844681739807,0.5268169641494751,0.021735191345214844,0.08735711872577667,0.015826381742954254
001019_jpg.rf.c53eaf43c583c2bdb0f57c91179329f9.jpg,1,0.11688203364610672,0.5851487517356873,0.04622311890125275,0.08277588337659836,0.012784704566001892
001019_jpg.rf.c53eaf43c583c2bdb0f57c91179329f9.jpg,8,0.13175345957279205,0.15781447291374207,0.02438068389892578,0.06061752885580063,0.0088587561622262
001019_jpg.rf.c53eaf43c583c2bdb0f57c91179329f9.jpg,1,0.438576340675354,0.5094649195671082,0.022710690274834633,0.03782808035612106,0.00826185941696167
001019_jpg.rf.c53eaf43c583c2bdb0f57c91179329f9.jpg,0,0.5333350300788879,0.1300986111164093,0.01866989955306053,0.04974310100078583,0.004177565686404705
001019_jpg.rf.c53eaf43c583c2bdb0f57c91179329f9.jpg,0,0.17216001451015472,0.13467048108577728,0.025748105719685555,0.11102564632892609,0.004144533071666956
001019_jpg.rf.c53eaf43c583c2bdb0f57c91179329f9.jpg,8,0.13923929631710052,0.16479383409023285,0.04645490646362305,0.05616120994091034,0.0029092361219227314
001019_jpg.rf.c53eaf43c583c2bdb0f57c91179329f9.jpg,1,0.5061371922492981,0.45521724224090576,0.02102375030517578,0.02071094512939453,0.00273328204639256
001019_jpg.rf.c53eaf43c583c2bdb0f57c91179329f9.jpg,1,0.46527665853500366,0.016697611659765244,0.022596102207899094,0.03339522331953049,0.0027289169374853373
001019_jpg.rf.c53eaf43c583c2bdb0f57c91179329f9.jpg,0,0.579014003276825,0.11578771471977234,0.015849480405449867,0.10546161234378815,0.0024799660313874483
001019_jpg.rf.c53eaf43c583c2bdb0f57c91179329f9.jpg,1,0.5393996834754944,0.6828147172927856,0.8845878839492798,0.6252139210700989,0.002168084029108286
001019_jpg.rf.c53eaf43c583c2bdb0f57c91179329f9.jpg,8,0.5333489179611206,0.11678449809551239,0.01910407654941082,0.045249707996845245,0.002100650453940034
001019_jpg.rf.c53eaf43c583c2bdb0f57c91179329f9.jpg,1,0.4948578178882599,0.012292653322219849,0.015530512668192387,0.023878050968050957,0.0019037812016904354
001019_jpg.rf.c53eaf43c583c2bdb0f57c91179329f9.jpg,0,0.5757768750190735,0.11248139292001724,0.026788711547851562,0.10999903082847595,0.001854295376688242
001019_jpg.rf.c53eaf43c583c2bdb0f57c91179329f9.jpg,0,0.19498561322689056,0.14138272404670715,0.026530686765909195,0.10326042771339417,0.001842005061917007
001019_jpg.rf.c53eaf43c583c2bdb0f57c91179329f9.jpg,1,0.1172948032617569,0.5587495565414429,0.0443182997405529,0.07277782261371613,0.0018404540605843067
001019_jpg.rf.c53eaf43c583c2bdb0f57c91179329f9.jpg,1,0.5163114666938782,0.6829512119293213,0.3443828821182251,0.6340976357460022,0.0017689216183498502
001019_jpg.rf.c53eaf43c583c2bdb0f57c91179329f9.jpg,1,0.5752212405204773,0.5126558542251587,0.019264955073595047,0.05524272099137306,0.0016189627349376678
001019_jpg.rf.c53eaf43c583c2bdb0f57c91179329f9.jpg,0,0.575581431388855,0.11725334078073502,0.05859888345003128,0.10491418838500977,0.0013539167121052742
001019_jpg.rf.c53eaf43c583c2bdb0f57c91179329f9.jpg,0,0.5333505868911743,0.14327144622802734,0.016744907945394516,0.0440363809466362,0.0012464224128052592
001019_jpg.rf.c53eaf43c583c2bdb0f57c91179329f9.jpg,1,0.5043163895606995,0.5688568353652954,0.18994133174419403,0.21440564095973969,0.001030009938403964
001023_jpg.rf.f7de58bb03c2e2a346432baa358b4c3e.jpg,3,0.2966395318508148,0.2753712236881256,0.200731098651886,0.25434979796409607,0.9917612075805664
001023_jpg.rf.f7de58bb03c2e2a346432baa358b4c3e.jpg,8,0.8033339977264404,0.8029984831809998,0.06833648681640625,0.07929016649723053,0.019774438813328743
001028_jpg.rf.7a77036407cf037c2415b436fde7826b.jpg,3,0.7413877248764038,0.21230699121952057,0.11506667733192444,0.15858899056911469,0.9628958702087402
001028_jpg.rf.7a77036407cf037c2415b436fde7826b.jpg,3,0.7401257753372192,0.15884700417518616,0.11898994445800781,0.25514698028564453,0.0012710703304037452
001031_jpg.rf.2b5fd42d6b8a7d445183a468803e57b9.jpg,3,0.5398213863372803,0.3478933572769165,0.18305665254592896,0.2792493999004364,0.9896910190582275
001035_jpg.rf.8bb44e874531b88eb7bdff9082c78a43.jpg,3,0.613783597946167,0.4453241229057312,0.3893202543258667,0.5400667190551758,0.9888730645179749
001049_jpg.rf.e527b2a1edfb88b1fbfb9542d33a9a27.jpg,0,0.3327897787094116,0.1861228048801422,0.014783492311835289,0.07965759932994843,0.578590989112854
001049_jpg.rf.e527b2a1edfb88b1fbfb9542d33a9a27.jpg,0,0.5563843846321106,0.1671498864889145,0.02012491226196289,0.07741035521030426,0.5571344494819641
001049_jpg.rf.e527b2a1edfb88b1fbfb9542d33a9a27.jpg,0,0.33318254351615906,0.20679518580436707,0.01260390691459179,0.03539729118347168,0.3416864275932312
001049_jpg.rf.e527b2a1edfb88b1fbfb9542d33a9a27.jpg,0,0.9736529588699341,0.27754688262939453,0.01831568218767643,0.03430241718888283,0.04607566446065903
001049_jpg.rf.e527b2a1edfb88b1fbfb9542d33a9a27.jpg,0,0.971308171749115,0.006299053318798542,0.03228495642542839,0.012598106637597084,0.025645483285188675
001049_jpg.rf.e527b2a1edfb88b1fbfb9542d33a9a27.jpg,0,0.9746037721633911,0.2488127052783966,0.021941037848591805,0.09354591369628906,0.01436726376414299
001049_jpg.rf.e527b2a1edfb88b1fbfb9542d33a9a27.jpg,0,0.7291836142539978,0.1837131232023239,0.017523765563964844,0.05389866605401039,0.010117772966623306
001049_jpg.rf.e527b2a1edfb88b1fbfb9542d33a9a27.jpg,0,0.5573203563690186,0.19301941990852356,0.015013511292636395,0.03006705828011036,0.008429215289652348
001049_jpg.rf.e527b2a1edfb88b1fbfb9542d33a9a27.jpg,1,0.7298400402069092,0.1833125203847885,0.01773826964199543,0.05360007286071777,0.004010988399386406
001049_jpg.rf.e527b2a1edfb88b1fbfb9542d33a9a27.jpg,9,0.233857661485672,0.41552606225013733,0.031168552115559578,0.10796994715929031,0.002899664919823408
001049_jpg.rf.e527b2a1edfb88b1fbfb9542d33a9a27.jpg,9,0.7994833588600159,0.34428465366363525,0.032784756273031235,0.09015094488859177,0.002812456339597702
001049_jpg.rf.e527b2a1edfb88b1fbfb9542d33a9a27.jpg,0,0.5610106587409973,0.16733744740486145,0.017135802656412125,0.07571215182542801,0.0022893657442182302
001049_jpg.rf.e527b2a1edfb88b1fbfb9542d33a9a27.jpg,0,0.8019554615020752,0.0076091596856713295,0.047641389071941376,0.015079827979207039,0.002199369017034769
001049_jpg.rf.e527b2a1edfb88b1fbfb9542d33a9a27.jpg,0,0.975428581237793,0.288801372051239,0.016751069575548172,0.01369351614266634,0.002009221352636814
001049_jpg.rf.e527b2a1edfb88b1fbfb9542d33a9a27.jpg,0,0.3038252294063568,0.20930567383766174,0.015696726739406586,0.016838550567626953,0.0018169197719544172
001049_jpg.rf.e527b2a1edfb88b1fbfb9542d33a9a27.jpg,1,0.2468298077583313,0.10567527264356613,0.011630737222731113,0.04803089797496796,0.0017717167502269149
001049_jpg.rf.e527b2a1edfb88b1fbfb9542d33a9a27.jpg,9,0.5533031225204468,0.16800712049007416,0.020950976759195328,0.07738900184631348,0.0015052681555971503
001049_jpg.rf.e527b2a1edfb88b1fbfb9542d33a9a27.jpg,0,0.32747504115104675,0.2111581414937973,0.024996720254421234,0.02987542562186718,0.001144955400377512
001049_jpg.rf.e527b2a1edfb88b1fbfb9542d33a9a27.jpg,13,0.9359713196754456,0.41022947430610657,0.017057565972208977,0.019115043804049492,0.001124900532886386
001051_jpg.rf.bb8152d7d7c35ed73bfc9239185f9087.jpg,3,0.25122514367103577,0.2720719575881958,0.06722000986337662,0.09888163208961487,0.5885674953460693
001051_jpg.rf.bb8152d7d7c35ed73bfc9239185f9087.jpg,3,0.4705244302749634,0.26922550797462463,0.06455843150615692,0.09760581701993942,0.546615481376648
001051_jpg.rf.bb8152d7d7c35ed73bfc9239185f9087.jpg,12,0.6915570497512817,0.2613847553730011,0.06807613372802734,0.09416627883911133,0.32881197333335876
001051_jpg.rf.bb8152d7d7c35ed73bfc9239185f9087.jpg,13,0.6916681528091431,0.261274516582489,0.06854034960269928,0.09557204693555832,0.2610887587070465
001051_jpg.rf.bb8152d7d7c35ed73bfc9239185f9087.jpg,10,0.6925731301307678,0.26207759976387024,0.06832621991634369,0.09593331068754196,0.06235417723655701
001051_jpg.rf.bb8152d7d7c35ed73bfc9239185f9087.jpg,0,0.7653998732566833,0.28479766845703125,0.12401609867811203,0.16832779347896576,0.04708119109272957
001051_jpg.rf.bb8152d7d7c35ed73bfc9239185f9087.jpg,0,0.2945239841938019,0.29596948623657227,0.17805154621601105,0.1618952602148056,0.04443302005529404
001051_jpg.rf.bb8152d7d7c35ed73bfc9239185f9087.jpg,13,0.47128039598464966,0.27011486887931824,0.0650787353515625,0.10008057951927185,0.03832424804568291
001051_jpg.rf.bb8152d7d7c35ed73bfc9239185f9087.jpg,7,0.6928843259811401,0.26162317395210266,0.07256676256656647,0.09283113479614258,0.0300990492105484
001051_jpg.rf.bb8152d7d7c35ed73bfc9239185f9087.jpg,0,0.7276433706283569,0.2900364398956299,0.2031225860118866,0.1666916012763977,0.009301106445491314
001051_jpg.rf.bb8152d7d7c35ed73bfc9239185f9087.jpg,0,0.513202965259552,0.29294008016586304,0.1724575161933899,0.15352168679237366,0.008643552660942078
001051_jpg.rf.bb8152d7d7c35ed73bfc9239185f9087.jpg,3,0.6900943517684937,0.2604789137840271,0.06795179098844528,0.09679121524095535,0.007992371916770935
001051_jpg.rf.bb8152d7d7c35ed73bfc9239185f9087.jpg,5,0.34463566541671753,0.2720458507537842,0.06753532588481903,0.11514102667570114,0.00409547658637166
001051_jpg.rf.bb8152d7d7c35ed73bfc9239185f9087.jpg,9,0.4039914906024933,0.21100854873657227,0.02780807949602604,0.07479948550462723,0.0023018561769276857
001051_jpg.rf.bb8152d7d7c35ed73bfc9239185f9087.jpg,14,0.5584025979042053,0.26546862721443176,0.06839532405138016,0.10345239192247391,0.002036941470578313
001051_jpg.rf.bb8152d7d7c35ed73bfc9239185f9087.jpg,9,0.6929265260696411,0.2617082893848419,0.07123397290706635,0.09422168135643005,0.001915688393637538
001051_jpg.rf.bb8152d7d7c35ed73bfc9239185f9087.jpg,14,0.34469670057296753,0.2712758481502533,0.06885150820016861,0.11137571930885315,0.0015249729622155428
001057_jpg.rf.0d8f858b7a9c12830691348e2ae306af.jpg,3,0.4048347473144531,0.2874557673931122,0.5006769895553589,0.2829010486602783,0.9915881752967834
001057_jpg.rf.0d8f858b7a9c12830691348e2ae306af.jpg,1,0.6570990681648254,0.970023512840271,0.06250572204589844,0.03404279798269272,0.0015064276522025466
001059_jpg.rf.2b325fd15e28d0c622610dea63c2c12f.jpg,3,0.2565949261188507,0.582054078578949,0.18578410148620605,0.2886514961719513,0.9937430024147034
001059_jpg.rf.2b325fd15e28d0c622610dea63c2c12f.jpg,0,0.3771660029888153,0.0059508164413273335,0.1502118706703186,0.011759759858250618,0.0026159894187003374
001059_jpg.rf.2b325fd15e28d0c622610dea63c2c12f.jpg,0,0.08104240149259567,0.005997010041028261,0.16208480298519135,0.01178203895688057,0.0012071875389665365
001059_jpg.rf.2b325fd15e28d0c622610dea63c2c12f.jpg,1,0.3808862566947937,0.005812655668705702,0.11506528407335281,0.011625311337411404,0.0010192444315180182
001066_jpg.rf.c55d7313f5d62858191ae315c7fada73.jpg,1,0.542819619178772,0.1329663097858429,0.01716477982699871,0.0766889750957489,0.7123738527297974
001066_jpg.rf.c55d7313f5d62858191ae315c7fada73.jpg,1,0.35223695635795593,0.155283123254776,0.02175753004848957,0.08425608277320862,0.7059445977210999
001066_jpg.rf.c55d7313f5d62858191ae315c7fada73.jpg,1,0.7904507517814636,0.26646023988723755,0.01602979749441147,0.057678643614053726,0.4865725338459015
001066_jpg.rf.c55d7313f5d62858191ae315c7fada73.jpg,1,0.8028870820999146,0.035673048347234726,0.02778596058487892,0.069830022752285,0.30990564823150635
001066_jpg.rf.c55d7313f5d62858191ae315c7fada73.jpg,1,0.8063052296638489,0.13929949700832367,0.023519515991210938,0.08357276022434235,0.08344461768865585
001066_jpg.rf.c55d7313f5d62858191ae315c7fada73.jpg,1,0.815444827079773,0.25632306933403015,0.017289748415350914,0.07338514924049377,0.046526093035936356
001066_jpg.rf.c55d7313f5d62858191ae315c7fada73.jpg,7,0.5683685541152954,0.13562904298305511,0.021271301433444023,0.055547043681144714,0.037166777998209
001066_jpg.rf.c55d7313f5d62858191ae315c7fada73.jpg,1,0.5220876932144165,0.1254265457391739,0.01696627028286457,0.05684804916381836,0.0367976538836956
001066_jpg.rf.c55d7313f5d62858191ae315c7fada73.jpg,0,0.8038262724876404,0.03684166446328163,0.03184942156076431,0.07252541929483414,0.03521883860230446
001066_jpg.rf.c55d7313f5d62858191ae315c7fada73.jpg,9,0.5678394436836243,0.13768397271633148,0.023241043090820312,0.054417483508586884,0.03269200772047043
001066_jpg.rf.c55d7313f5d62858191ae315c7fada73.jpg,1,0.5353254675865173,0.1329098641872406,0.02535904385149479,0.08417978882789612,0.028410598635673523
001066_jpg.rf.c55d7313f5d62858191ae315c7fada73.jpg,1,0.023226307705044746,0.3305591344833374,0.011384123004972935,0.043908119201660156,0.02646544948220253
001066_jpg.rf.c55d7313f5d62858191ae315c7fada73.jpg,8,0.5694448351860046,0.13498058915138245,0.02048228308558464,0.05320828780531883,0.021374227479100227
001066_jpg.rf.c55d7313f5d62858191ae315c7fada73.jpg,9,0.6164870858192444,0.28743842244148254,0.014939455315470695,0.03706750646233559,0.018166013062000275
001066_jpg.rf.c55d7313f5d62858191ae315c7fada73.jpg,0,0.3861658275127411,0.16957727074623108,0.012255191802978516,0.017402704805135727,0.007930738851428032
001066_jpg.rf.c55d7313f5d62858191ae315c7fada73.jpg,1,0.5640213489532471,0.13439634442329407,0.03326749801635742,0.0700925961136818,0.004747308325022459
001066_jpg.rf.c55d7313f5d62858191ae315c7fada73.jpg,1,0.5584742426872253,0.14139939844608307,0.024260887876152992,0.06464508175849915,0.004638749174773693
001066_jpg.rf.c55d7313f5d62858191ae315c7fada73.jpg,1,0.5494638681411743,0.13008427619934082,0.02101898193359375,0.07590456306934357,0.004584170412272215
001066_jpg.rf.c55d7313f5d62858191ae315c7fada73.jpg,1,0.026181597262620926,0.3297826945781708,0.01119447685778141,0.043235596269369125,0.00347736943513155
001066_jpg.rf.c55d7313f5d62858191ae315c7fada73.jpg,0,0.8060936331748962,0.13756601512432098,0.02425406500697136,0.08004225790500641,0.0033515954855829477
001066_jpg.rf.c55d7313f5d62858191ae315c7fada73.jpg,1,0.0859227329492569,0.16435550153255463,0.011431097984313965,0.04404330253601074,0.003343475516885519
001066_jpg.rf.c55d7313f5d62858191ae315c7fada73.jpg,1,0.02273525856435299,0.33812034130096436,0.01888388954102993,0.06397747993469238,0.0029988533351570368
001066_jpg.rf.c55d7313f5d62858191ae315c7fada73.jpg,0,0.08596108853816986,0.1643930971622467,0.012189745903015137,0.04155399277806282,0.002998095005750656
001066_jpg.rf.c55d7313f5d62858191ae315c7fada73.jpg,1,0.8097794055938721,0.2661566734313965,0.017136720940470695,0.05209789052605629,0.0020112493075430393
001066_jpg.rf.c55d7313f5d62858191ae315c7fada73.jpg,1,0.027894625440239906,0.33667171001434326,0.014462326653301716,0.057015713304281235,0.0012588180834427476
001066_jpg.rf.c55d7313f5d62858191ae315c7fada73.jpg,1,0.6174430847167969,0.2892422378063202,0.01536292303353548,0.03521469980478287,0.0011622356250882149
001066_jpg.rf.c55d7313f5d62858191ae315c7fada73.jpg,1,0.7898863554000854,0.2954723536968231,0.018770731985569,0.04018741473555565,0.0011386696714907885
001068_jpg.rf.371ec28b0d2bbbd16c8a645be41f5a76.jpg,1,0.5536947846412659,0.0915856808423996,0.02242051623761654,0.09777370095252991,0.7124384641647339
001068_jpg.rf.371ec28b0d2bbbd16c8a645be41f5a76.jpg,1,0.19898909330368042,0.10887262225151062,0.024753717705607414,0.09991662204265594,0.6713391542434692
001068_jpg.rf.371ec28b0d2bbbd16c8a645be41f5a76.jpg,1,0.915715754032135,0.4591527581214905,0.053229477256536484,0.08046627044677734,0.017191285267472267
001068_jpg.rf.371ec28b0d2bbbd16c8a645be41f5a76.jpg,0,0.7547611594200134,0.006309922318905592,0.048241760581731796,0.012619844637811184,0.00617946358397603
001068_jpg.rf.371ec28b0d2bbbd16c8a645be41f5a76.jpg,0,0.19921714067459106,0.09573788940906525,0.021742399781942368,0.0845450833439827,0.004320567008107901
001068_jpg.rf.371ec28b0d2bbbd16c8a645be41f5a76.jpg,0,0.9430919289588928,0.10909275710582733,0.018796700984239578,0.011469125747680664,0.0036144088953733444
001068_jpg.rf.371ec28b0d2bbbd16c8a645be41f5a76.jpg,14,0.9159987568855286,0.4360763132572174,0.05035378411412239,0.0268438421189785,0.0031350429635494947
001068_jpg.rf.371ec28b0d2bbbd16c8a645be41f5a76.jpg,0,0.8014217019081116,0.026003502309322357,0.016651960089802742,0.048086605966091156,0.0017530942568555474
001068_jpg.rf.371ec28b0d2bbbd16c8a645be41f5a76.jpg,1,0.9152437448501587,0.4362170398235321,0.051502592861652374,0.03152620047330856,0.001639606081880629
001068_jpg.rf.371ec28b0d2bbbd16c8a645be41f5a76.jpg,0,0.6876128315925598,0.005229850299656391,0.03679488226771355,0.010459700599312782,0.0012772796908393502
001082_jpg.rf.6b7fc1c9648c1a3494a137ffa3664be1.jpg,3,0.7414233088493347,0.21339181065559387,0.11428774148225784,0.15996503829956055,0.9467421770095825
001082_jpg.rf.6b7fc1c9648c1a3494a137ffa3664be1.jpg,1,0.23235175013542175,0.9560664892196655,0.09210871160030365,0.041349850594997406,0.0027701803483068943
001082_jpg.rf.6b7fc1c9648c1a3494a137ffa3664be1.jpg,3,0.7397403717041016,0.15782570838928223,0.1175384521484375,0.26499927043914795,0.0016943998634815216
001082_jpg.rf.6b7fc1c9648c1a3494a137ffa3664be1.jpg,9,0.2916223108768463,0.8569098114967346,0.01510170754045248,0.030177630484104156,0.0015310847666114569
001082_jpg.rf.6b7fc1c9648c1a3494a137ffa3664be1.jpg,1,0.3400384783744812,0.9571367502212524,0.08760318160057068,0.04354880377650261,0.0010989969596266747
001089_jpg.rf.004c591c5855cf05e2198a5e21c8ab56.jpg,3,0.5079050064086914,0.6814484000205994,0.22745054960250854,0.4169498682022095,0.98796147108078
001089_jpg.rf.004c591c5855cf05e2198a5e21c8ab56.jpg,1,0.4788154363632202,0.28564295172691345,0.1379070281982422,0.2978821396827698,0.362507700920105
001089_jpg.rf.004c591c5855cf05e2198a5e21c8ab56.jpg,0,0.4778827428817749,0.28453537821769714,0.1412404179573059,0.2985689342021942,0.051171936094760895
001089_jpg.rf.004c591c5855cf05e2198a5e21c8ab56.jpg,3,0.5021448135375977,0.8220635652542114,0.09611206501722336,0.08288757503032684,0.0035652806982398033
001097_jpg.rf.76b13f1ce839d7102e9a683f6959a3e6.jpg,3,0.3972788155078888,0.45260709524154663,0.6206797957420349,0.7940973043441772,0.8964046239852905
001097_jpg.rf.76b13f1ce839d7102e9a683f6959a3e6.jpg,1,0.6356349587440491,0.7244281768798828,0.017580032348632812,0.05704725533723831,0.00460126344114542
001214_jpg.rf.85dbeddc5609d79293b1f979131a9f35.jpg,4,0.48317793011665344,0.36531323194503784,0.5043023824691772,0.33804357051849365,0.9937711358070374
001223_jpg.rf.cd973e1db0f78ec16c70d7af43fc4511.jpg,4,0.3339802622795105,0.5322513580322266,0.28989341855049133,0.39826953411102295,0.9985910058021545
001228_jpg.rf.f4f7bc0b74a46e26c75aed78c39b41e5.jpg,4,0.3121914267539978,0.2829614579677582,0.2341340333223343,0.41141653060913086,0.9984299540519714
001228_jpg.rf.f4f7bc0b74a46e26c75aed78c39b41e5.jpg,1,0.3153650462627411,0.09700175374746323,0.13326099514961243,0.046689584851264954,0.021430635824799538
001229_jpg.rf.3174ec6dbfe9e8ee6ab16906d969ae8d.jpg,4,0.33322885632514954,0.5320494174957275,0.2899572253227234,0.39621502161026,0.9968836903572083
001247_jpg.rf.986fd924de123c95a8e6bbcc765d4c10.jpg,4,0.2963351607322693,0.4729360342025757,0.5037840604782104,0.9180405139923096,0.9644607901573181
001247_jpg.rf.986fd924de123c95a8e6bbcc765d4c10.jpg,0,0.18233436346054077,0.5540593862533569,0.03398337587714195,0.19532020390033722,0.017598377540707588
001250_jpg.rf.157a04c81cbb47009538b4880d0004c9.jpg,4,0.5022587180137634,0.45832520723342896,0.4211801290512085,0.6097186803817749,0.9288649559020996
001256_jpg.rf.204fbb92b5dc59d697bf04b2682485e2.jpg,4,0.565640926361084,0.3774464726448059,0.2956889867782593,0.3891669809818268,0.9957836866378784
001256_jpg.rf.204fbb92b5dc59d697bf04b2682485e2.jpg,1,0.10415306687355042,0.4773862957954407,0.14684328436851501,0.2942116856575012,0.014969947747886181
001256_jpg.rf.204fbb92b5dc59d697bf04b2682485e2.jpg,0,0.09763463586568832,0.6479060649871826,0.18882368505001068,0.6537479758262634,0.002880916465073824
001259_jpg.rf.b55c7e7dacc1e607f8e69b2a5cc36568.jpg,4,0.5331698656082153,0.5189677476882935,0.3360452353954315,0.5045775175094604,0.999626874923706
001261_jpg.rf.7b5bf5841b26d8966d6081fbc704dbf7.jpg,8,0.4724132716655731,0.27433961629867554,0.1322888284921646,0.08985213190317154,0.5449631810188293
001261_jpg.rf.7b5bf5841b26d8966d6081fbc704dbf7.jpg,7,0.47002580761909485,0.27559345960617065,0.12450962513685226,0.0911155641078949,0.10419736057519913
001261_jpg.rf.7b5bf5841b26d8966d6081fbc704dbf7.jpg,11,0.4715716242790222,0.27468931674957275,0.12841224670410156,0.09221592545509338,0.04540298134088516
001261_jpg.rf.7b5bf5841b26d8966d6081fbc704dbf7.jpg,12,0.4696788191795349,0.2756706476211548,0.12323933094739914,0.09161300212144852,0.03557479754090309
001261_jpg.rf.7b5bf5841b26d8966d6081fbc704dbf7.jpg,5,0.46896857023239136,0.2753525972366333,0.11989747732877731,0.09094658493995667,0.03259379789233208
001261_jpg.rf.7b5bf5841b26d8966d6081fbc704dbf7.jpg,4,0.4693654477596283,0.27493977546691895,0.12962619960308075,0.0886998176574707,0.002075261902064085
001261_jpg.rf.7b5bf5841b26d8966d6081fbc704dbf7.jpg,9,0.47232818603515625,0.2759665250778198,0.12425422668457031,0.09148459881544113,0.0012009008787572384
001261_jpg.rf.7b5bf5841b26d8966d6081fbc704dbf7.jpg,0,0.49886465072631836,0.5,0.9930944442749023,1.0,0.0010050615528598428
001277_jpg.rf.03beffa81aa901c8462dfe1681a202f4.jpg,4,0.43974512815475464,0.22521676123142242,0.08925159275531769,0.12843981385231018,0.995197594165802
001281_jpg.rf.b8a22407e4c52a0704d45a8b32965f9b.jpg,4,0.4962817430496216,0.49601495265960693,0.7107682824134827,0.928065836429596,0.9814844131469727
001289_jpg.rf.2b57939adb36b165f0eef0a3de68e1ec.jpg,4,0.5080201625823975,0.4352390468120575,0.3971138000488281,0.2589189410209656,0.4518991708755493
001289_jpg.rf.2b57939adb36b165f0eef0a3de68e1ec.jpg,8,0.5042502284049988,0.43342912197113037,0.39401108026504517,0.257475882768631,0.2784596383571625
001289_jpg.rf.2b57939adb36b165f0eef0a3de68e1ec.jpg,0,0.17335091531276703,0.4783872365951538,0.017416715621948242,0.07495080679655075,0.00457256194204092
001290_jpg.rf.d3a396f3ea066c80a6e76a48dcf798a2.jpg,4,0.4808727502822876,0.19169916212558746,0.27034732699394226,0.1784980148077011,0.9751096367835999
001291_jpg.rf.c0ea8c600fa9219527f23947a8f0e7ec.jpg,4,0.31195008754730225,0.2964138090610504,0.23452439904212952,0.3255939781665802,0.9984768033027649
001291_jpg.rf.c0ea8c600fa9219527f23947a8f0e7ec.jpg,1,0.30986183881759644,0.14984463155269623,0.125279039144516,0.03536991775035858,0.012957262806594372
001291_jpg.rf.c0ea8c600fa9219527f23947a8f0e7ec.jpg,0,0.9062081575393677,0.12688811123371124,0.02448808215558529,0.012709517031908035,0.0016919038025662303
001291_jpg.rf.c0ea8c600fa9219527f23947a8f0e7ec.jpg,0,0.3374484181404114,0.6011961698532104,0.19533833861351013,0.16575336456298828,0.0011216267012059689
001295_jpg.rf.449090465a44f9f98a47e1141f3a8f38.jpg,4,0.5328546166419983,0.5194404125213623,0.3355838656425476,0.5068219304084778,0.999570906162262
001407_jpg.rf.70ca057de423bef18930dd5f47b975d7.jpg,5,0.22475990653038025,0.21017056703567505,0.22623321413993835,0.33741870522499084,0.9693133234977722
001407_jpg.rf.70ca057de423bef18930dd5f47b975d7.jpg,1,0.017249636352062225,0.5801359415054321,0.018498722463846207,0.032236650586128235,0.010317893698811531
001407_jpg.rf.70ca057de423bef18930dd5f47b975d7.jpg,1,0.013945379294455051,0.5738497376441956,0.02229810506105423,0.024743923917412758,0.0028331733774393797
001409_jpg.rf.03a314500608050ad90ed1c849fb18db.jpg,5,0.6379038095474243,0.4645102620124817,0.07583563029766083,0.11292373389005661,0.9577438235282898
001409_jpg.rf.03a314500608050ad90ed1c849fb18db.jpg,13,0.6379966139793396,0.4649154841899872,0.07421918958425522,0.11414898186922073,0.15258871018886566
001409_jpg.rf.03a314500608050ad90ed1c849fb18db.jpg,7,0.6366193294525146,0.4637286961078644,0.07891504466533661,0.10950414836406708,0.02515735663473606
001409_jpg.rf.03a314500608050ad90ed1c849fb18db.jpg,0,0.089310422539711,0.013506799936294556,0.013033087365329266,0.022278964519500732,0.005734053906053305
001409_jpg.rf.03a314500608050ad90ed1c849fb18db.jpg,0,0.27283939719200134,0.013730614446103573,0.18432989716529846,0.0273148026317358,0.004675321280956268
001409_jpg.rf.03a314500608050ad90ed1c849fb18db.jpg,3,0.7451508045196533,0.25330692529678345,0.044678833335638046,0.09410333633422852,0.002812830964103341
001409_jpg.rf.03a314500608050ad90ed1c849fb18db.jpg,0,0.08690889924764633,0.010847865603864193,0.018525857478380203,0.02018692158162594,0.00266019394621253
001409_jpg.rf.03a314500608050ad90ed1c849fb18db.jpg,3,0.7315784096717834,0.2485767900943756,0.018980393186211586,0.0985349714756012,0.0018161400221288204
001427_jpg.rf.fe832db13f19311c2eda0b6e83878ec5.jpg,5,0.4958760142326355,0.4906541705131531,0.9377440214157104,0.9324483871459961,0.9831369519233704
001432_jpg.rf.5d8fff00f092a9bcb15a018a3edb186b.jpg,5,0.7210948467254639,0.46850335597991943,0.13027991354465485,0.2199382781982422,0.9278159737586975
001432_jpg.rf.5d8fff00f092a9bcb15a018a3edb186b.jpg,0,0.13462406396865845,0.969668447971344,0.023045731708407402,0.06066307798027992,0.0012102385517209768
001436_jpg.rf.cc8f571352da66682260166ac2086168.jpg,5,0.6992048025131226,0.4553661346435547,0.38639622926712036,0.597761869430542,0.9569395780563354
001436_jpg.rf.cc8f571352da66682260166ac2086168.jpg,0,0.14244088530540466,0.36768653988838196,0.10923994332551956,0.06959804892539978,0.005588642321527004
001436_jpg.rf.cc8f571352da66682260166ac2086168.jpg,1,0.22941391170024872,0.43317335844039917,0.4561419188976288,0.8523632287979126,0.0013702712021768093
001449_jpg.rf.4b8f2718b90c8c6cf89ccf753d5b575a.jpg,5,0.8813514709472656,0.2379460632801056,0.23729705810546875,0.32691478729248047,0.9584282636642456
001449_jpg.rf.4b8f2718b90c8c6cf89ccf753d5b575a.jpg,11,0.3278120458126068,0.7065038084983826,0.3540659248828888,0.5590481162071228,0.9384666681289673
001449_jpg.rf.4b8f2718b90c8c6cf89ccf753d5b575a.jpg,14,0.519737720489502,0.28632405400276184,0.06266403198242188,0.10589846968650818,0.005009418819099665
001449_jpg.rf.4b8f2718b90c8c6cf89ccf753d5b575a.jpg,0,0.40244972705841064,0.30867651104927063,0.772693395614624,0.6173530220985413,0.002244390081614256
001449_jpg.rf.4b8f2718b90c8c6cf89ccf753d5b575a.jpg,1,0.8179221749305725,0.490520179271698,0.06552864611148834,0.19933795928955078,0.002214853884652257
001449_jpg.rf.4b8f2718b90c8c6cf89ccf753d5b575a.jpg,1,0.6705725193023682,0.5085862874984741,0.021657796576619148,0.07051849365234375,0.0016399644082412124
001462_jpg.rf.590c8b4c74096f768de4433951995545.jpg,5,0.7292255759239197,0.5,0.513400673866272,1.0,0.9804641604423523
001465_jpg.rf.82e271056e453a4f123033b7db486d63.jpg,5,0.27284979820251465,0.7962382435798645,0.16428957879543304,0.2791135609149933,0.971413791179657
001465_jpg.rf.82e271056e453a4f123033b7db486d63.jpg,5,0.47197073698043823,0.3230459988117218,0.5754819512367249,0.6161473393440247,0.9459268450737
001465_jpg.rf.82e271056e453a4f123033b7db486d63.jpg,5,0.5910489559173584,0.8881288766860962,0.08228372037410736,0.14776229858398438,0.8534374833106995
001465_jpg.rf.82e271056e453a4f123033b7db486d63.jpg,5,0.8776689767837524,0.6802644729614258,0.22338375449180603,0.28901100158691406,0.7657933235168457
001465_jpg.rf.82e271056e453a4f123033b7db486d63.jpg,5,0.33044689893722534,0.9097777009010315,0.07825756072998047,0.1302102953195572,0.7454987168312073
001465_jpg.rf.82e271056e453a4f123033b7db486d63.jpg,8,0.33141642808914185,0.9131925106048584,0.07715021818876266,0.12618564069271088,0.3646480143070221
001465_jpg.rf.82e271056e453a4f123033b7db486d63.jpg,11,0.5926069617271423,0.8894150257110596,0.08540325611829758,0.14332617819309235,0.35315850377082825
001465_jpg.rf.82e271056e453a4f123033b7db486d63.jpg,5,0.3494022488594055,0.9095591306686401,0.040640171617269516,0.12426544725894928,0.27638334035873413
001465_jpg.rf.82e271056e453a4f123033b7db486d63.jpg,8,0.5324679017066956,0.9405421018600464,0.056222621351480484,0.09395240247249603,0.07624509185552597
001465_jpg.rf.82e271056e453a4f123033b7db486d63.jpg,8,0.592888355255127,0.890416145324707,0.08931049704551697,0.14138104021549225,0.052204012870788574
001465_jpg.rf.82e271056e453a4f123033b7db486d63.jpg,1,0.6169742345809937,0.9776719808578491,0.025927726179361343,0.04387151449918747,0.051377568393945694
001465_jpg.rf.82e271056e453a4f123033b7db486d63.jpg,9,0.5285097360610962,0.9371071457862854,0.03850441798567772,0.09631538391113281,0.01974276639521122
001465_jpg.rf.82e271056e453a4f123033b7db486d63.jpg,4,0.33469313383102417,0.9126799702644348,0.06956041604280472,0.129547119140625,0.011488470248878002
001465_jpg.rf.82e271056e453a4f123033b7db486d63.jpg,8,0.5234281420707703,0.9363629817962646,0.032990675419569016,0.10044406354427338,0.010925928130745888
001465_jpg.rf.82e271056e453a4f123033b7db486d63.jpg,5,0.7859649658203125,0.8810548186302185,0.08986597508192062,0.11605285108089447,0.00718762306496501
001465_jpg.rf.82e271056e453a4f123033b7db486d63.jpg,1,0.6031216382980347,0.9792518615722656,0.03384172171354294,0.04089377447962761,0.00361618516035378
001465_jpg.rf.82e271056e453a4f123033b7db486d63.jpg,1,0.622302770614624,0.9753940105438232,0.016963664442300797,0.03608476370573044,0.00339758419431746
001472_jpg.rf.38654b39e5bc13159c16952df2ba2dc0.jpg,5,0.7142393589019775,0.4474713206291199,0.36524420976638794,0.7063992023468018,0.9775460362434387
001477_jpg.rf.170667884b322b9985bcd6a054a0d6be.jpg,5,0.5065730214118958,0.4790920615196228,0.4707444906234741,0.8745301365852356,0.9761421084403992
001477_jpg.rf.170667884b322b9985bcd6a054a0d6be.jpg,1,0.2542252242565155,0.6715234518051147,0.05446314811706543,0.12311077117919922,0.0011427646968513727
001478_jpg.rf.b4a8c8adb59b1bfeb056f275a7e9c785.jpg,5,0.4311533272266388,0.30266252160072327,0.7194114923477173,0.44194352626800537,0.9375134706497192
001479_jpg.rf.61b4e3eab9b3daa20c770dafec663c97.jpg,5,0.5061133503913879,0.462261825799942,0.5461860299110413,0.7634519934654236,0.9490286111831665
001479_jpg.rf.61b4e3eab9b3daa20c770dafec663c97.jpg,0,0.38396868109703064,0.5225024223327637,0.03699757531285286,0.16711272299289703,0.02965850569307804
001482_jpg.rf.c040f508e60b3a870f5f5fc8b9b017d2.jpg,5,0.5105916261672974,0.3444210886955261,0.3206194043159485,0.6086645722389221,0.9599229097366333
001484_jpg.rf.6b44f8da037b210cdbe0663683d7274e.jpg,5,0.24141572415828705,0.45870092511177063,0.39214223623275757,0.7703361511230469,0.9768509864807129
001484_jpg.rf.6b44f8da037b210cdbe0663683d7274e.jpg,1,0.9230895638465881,0.030149128288030624,0.013302655890583992,0.057445429265499115,0.009267479181289673
001494_jpg.rf.4db0ef3199baad5258c353573bffed4a.jpg,5,0.6114494204521179,0.21609844267368317,0.510149359703064,0.3227636218070984,0.9351285696029663
001494_jpg.rf.4db0ef3199baad5258c353573bffed4a.jpg,1,0.46408969163894653,0.5148237943649292,0.10482527315616608,0.2801631689071655,0.05215448886156082
001494_jpg.rf.4db0ef3199baad5258c353573bffed4a.jpg,1,0.4578901529312134,0.4521969258785248,0.11065750569105148,0.1107138842344284,0.00365926930680871
001494_jpg.rf.4db0ef3199baad5258c353573bffed4a.jpg,1,0.47067326307296753,0.4747791886329651,0.08589817583560944,0.1855422854423523,0.0035730735398828983
001494_jpg.rf.4db0ef3199baad5258c353573bffed4a.jpg,1,0.567381739616394,0.8689934611320496,0.047294981777668,0.12096727639436722,0.001963766058906913
001494_jpg.rf.4db0ef3199baad5258c353573bffed4a.jpg,1,0.47362416982650757,0.4319226145744324,0.08484865725040436,0.08452503383159637,0.0010562373790889978
001603_JPG_jpg.rf.d7ff42753708b2cd74195e8e463d3e2c.jpg,0,0.5210743546485901,0.13010357320308685,0.2940424382686615,0.09783052653074265,0.9833412766456604
001603_JPG_jpg.rf.d7ff42753708b2cd74195e8e463d3e2c.jpg,1,0.4797608256340027,0.13159799575805664,0.26348116993904114,0.09752174466848373,0.9349697828292847
001603_JPG_jpg.rf.d7ff42753708b2cd74195e8e463d3e2c.jpg,1,0.4189481735229492,0.1377551108598709,0.2623193562030792,0.10109701752662659,0.20930267870426178
001603_JPG_jpg.rf.d7ff42753708b2cd74195e8e463d3e2c.jpg,8,0.19921189546585083,0.1383710652589798,0.1673155575990677,0.20564094185829163,0.024399757385253906
001603_JPG_jpg.rf.d7ff42753708b2cd74195e8e463d3e2c.jpg,7,0.2013130784034729,0.13788150250911713,0.16151626408100128,0.20673735439777374,0.01645958051085472
001603_JPG_jpg.rf.d7ff42753708b2cd74195e8e463d3e2c.jpg,9,0.20083476603031158,0.13866208493709564,0.16154831647872925,0.20637370645999908,0.011793337762355804
001603_JPG_jpg.rf.d7ff42753708b2cd74195e8e463d3e2c.jpg,1,0.7070518732070923,0.8708864450454712,0.05815696716308594,0.03251361846923828,0.011727527715265751
001603_JPG_jpg.rf.d7ff42753708b2cd74195e8e463d3e2c.jpg,1,0.42441293597221375,0.2514004409313202,0.3034225404262543,0.36259812116622925,0.011006374843418598
001603_JPG_jpg.rf.d7ff42753708b2cd74195e8e463d3e2c.jpg,1,0.533101499080658,0.43271592259407043,0.7638569474220276,0.7673989534378052,0.00495349895209074
001603_JPG_jpg.rf.d7ff42753708b2cd74195e8e463d3e2c.jpg,1,0.6733985543251038,0.8119218349456787,0.034668777137994766,0.023542404174804688,0.0047185663133859634
001603_JPG_jpg.rf.d7ff42753708b2cd74195e8e463d3e2c.jpg,1,0.4217439293861389,0.17376166582107544,0.30839428305625916,0.20316621661186218,0.004382517654448748
001603_JPG_jpg.rf.d7ff42753708b2cd74195e8e463d3e2c.jpg,1,0.3461664021015167,0.13728760182857513,0.03210306167602539,0.08419246971607208,0.0010759347351267934
001603_JPG_jpg.rf.d7ff42753708b2cd74195e8e463d3e2c.jpg,11,0.2017008662223816,0.1424165964126587,0.16039785742759705,0.2107749581336975,0.0010029604891315103
001606_JPG_jpg.rf.acbfc805c9e8ea9791185014645390c2.jpg,1,0.6765990853309631,0.15363717079162598,0.17680007219314575,0.08781632035970688,0.9942690134048462
001606_JPG_jpg.rf.acbfc805c9e8ea9791185014645390c2.jpg,1,0.11546862870454788,0.504842221736908,0.06812825798988342,0.03505593165755272,0.38237065076828003
001606_JPG_jpg.rf.acbfc805c9e8ea9791185014645390c2.jpg,1,0.11166636645793915,0.5751267075538635,0.06699267029762268,0.17377012968063354,0.10198798775672913
001606_JPG_jpg.rf.acbfc805c9e8ea9791185014645390c2.jpg,1,0.10499666631221771,0.5054340362548828,0.04286055266857147,0.04030495509505272,0.10151739418506622
001606_JPG_jpg.rf.acbfc805c9e8ea9791185014645390c2.jpg,1,0.0988045260310173,0.5298379063606262,0.036730289459228516,0.08456255495548248,0.052903544157743454
001606_JPG_jpg.rf.acbfc805c9e8ea9791185014645390c2.jpg,1,0.12044162303209305,0.5299188494682312,0.037495896220207214,0.08128129690885544,0.04653191193938255
001606_JPG_jpg.rf.acbfc805c9e8ea9791185014645390c2.jpg,1,0.1249307319521904,0.5233039855957031,0.0315064936876297,0.05977516993880272,0.02668297104537487
001606_JPG_jpg.rf.acbfc805c9e8ea9791185014645390c2.jpg,1,0.13136546313762665,0.5088608860969543,0.04668125882744789,0.031029151752591133,0.021211272105574608
001606_JPG_jpg.rf.acbfc805c9e8ea9791185014645390c2.jpg,1,0.09835235029459,0.5037488341331482,0.023983754217624664,0.03465479984879494,0.013223587535321712
001606_JPG_jpg.rf.acbfc805c9e8ea9791185014645390c2.jpg,1,0.1210174560546875,0.5582051873207092,0.023225976154208183,0.11135673522949219,0.01308111660182476
001606_JPG_jpg.rf.acbfc805c9e8ea9791185014645390c2.jpg,1,0.6822856664657593,0.26567789912223816,0.19101905822753906,0.34988483786582947,0.007328396197408438
001606_JPG_jpg.rf.acbfc805c9e8ea9791185014645390c2.jpg,0,0.10892389714717865,0.2700252830982208,0.056754544377326965,0.046842481940984726,0.005495749413967133
001606_JPG_jpg.rf.acbfc805c9e8ea9791185014645390c2.jpg,1,0.08237303048372269,0.5784744024276733,0.139557346701622,0.17418520152568817,0.005086490418761969
001606_JPG_jpg.rf.acbfc805c9e8ea9791185014645390c2.jpg,1,0.12609295547008514,0.5542610883712769,0.01967984065413475,0.09327543526887894,0.0026585788000375032
001606_JPG_jpg.rf.acbfc805c9e8ea9791185014645390c2.jpg,1,0.11252889037132263,0.5681222081184387,0.05009336769580841,0.11020927876234055,0.0024840272963047028
001606_JPG_jpg.rf.acbfc805c9e8ea9791185014645390c2.jpg,1,0.689892053604126,0.22104263305664062,0.1943347305059433,0.22113272547721863,0.002212718827649951
001606_JPG_jpg.rf.acbfc805c9e8ea9791185014645390c2.jpg,0,0.07175257056951523,0.578136146068573,0.14022313058376312,0.17374229431152344,0.001989383017644286
001606_JPG_jpg.rf.acbfc805c9e8ea9791185014645390c2.jpg,0,0.09199868887662888,0.2592088580131531,0.022419389337301254,0.056370075792074203,0.0016911315033212304
001606_JPG_jpg.rf.acbfc805c9e8ea9791185014645390c2.jpg,9,0.6787505745887756,0.17746800184249878,0.17426835000514984,0.12925949692726135,0.0010373065015301108
001607_JPG_jpg.rf.a6dcbc5ecd7c2ef807a4bce512a054a0.jpg,1,0.3839952349662781,0.1497141718864441,0.0964619591832161,0.055470649152994156,0.9032096266746521
001607_JPG_jpg.rf.a6dcbc5ecd7c2ef807a4bce512a054a0.jpg,0,0.5576171278953552,0.5684453845024109,0.022404413670301437,0.05756891518831253,0.0076812333427369595
001607_JPG_jpg.rf.a6dcbc5ecd7c2ef807a4bce512a054a0.jpg,0,0.5338567495346069,0.35000985860824585,0.024227324873209,0.021352950483560562,0.0024435471277683973
001607_JPG_jpg.rf.a6dcbc5ecd7c2ef807a4bce512a054a0.jpg,1,0.38655000925064087,0.16590629518032074,0.10546702891588211,0.09238976985216141,0.002383998828008771
001607_JPG_jpg.rf.a6dcbc5ecd7c2ef807a4bce512a054a0.jpg,10,0.29810887575149536,0.40166494250297546,0.016642240807414055,0.032848723232746124,0.0021060749422758818
001607_JPG_jpg.rf.a6dcbc5ecd7c2ef807a4bce512a054a0.jpg,0,0.5426876544952393,0.3495563268661499,0.03574562072753906,0.030755702406167984,0.0019939029589295387
001607_JPG_jpg.rf.a6dcbc5ecd7c2ef807a4bce512a054a0.jpg,0,0.5516031980514526,0.35121652483940125,0.04591692239046097,0.031067371368408203,0.0015627704560756683
001607_JPG_jpg.rf.a6dcbc5ecd7c2ef807a4bce512a054a0.jpg,1,0.5579882264137268,0.5695677995681763,0.021843139082193375,0.05833805352449417,0.0014843661338090897
001608_JPG_jpg.rf.7d48153578ad316231c6c992263ac497.jpg,1,0.45757997035980225,0.13507913053035736,0.1405031532049179,0.07547996938228607,0.9805787205696106
001608_JPG_jpg.rf.7d48153578ad316231c6c992263ac497.jpg,1,0.6376518607139587,0.5650606155395508,0.016495777294039726,0.01719636097550392,0.008221559226512909
001608_JPG_jpg.rf.7d48153578ad316231c6c992263ac497.jpg,1,0.4269101023674011,0.35079970955848694,0.2653392553329468,0.4990094304084778,0.00537758506834507
001608_JPG_jpg.rf.7d48153578ad316231c6c992263ac497.jpg,1,0.5188077092170715,0.6957393288612366,0.07975728809833527,0.03203120455145836,0.004137988202273846
001608_JPG_jpg.rf.7d48153578ad316231c6c992263ac497.jpg,1,0.47529131174087524,0.2637433409690857,0.16409462690353394,0.3240492641925812,0.004092261660844088
001608_JPG_jpg.rf.7d48153578ad316231c6c992263ac497.jpg,0,0.8087233304977417,0.7780013680458069,0.03605688363313675,0.10495266318321228,0.003960872069001198
001608_JPG_jpg.rf.7d48153578ad316231c6c992263ac497.jpg,1,0.712000846862793,0.7367229461669922,0.03071095421910286,0.09203353524208069,0.0029931790195405483
001608_JPG_jpg.rf.7d48153578ad316231c6c992263ac497.jpg,0,0.7117694020271301,0.7353606820106506,0.03277067095041275,0.092613585293293,0.0022818236611783504
001608_JPG_jpg.rf.7d48153578ad316231c6c992263ac497.jpg,1,0.6396830677986145,0.5854193568229675,0.012992491945624352,0.05542600899934769,0.0018770972965285182
001619_JPG_jpg.rf.1640a48f199bbe32ee72dc83a24e1521.jpg,1,0.2428787797689438,0.11476103961467743,0.10281724482774734,0.04905491694808006,0.7051389813423157
001619_JPG_jpg.rf.1640a48f199bbe32ee72dc83a24e1521.jpg,0,0.24716578423976898,0.11450047045946121,0.11545738577842712,0.05060121789574623,0.5508390069007874
001619_JPG_jpg.rf.1640a48f199bbe32ee72dc83a24e1521.jpg,1,0.6866366267204285,0.2873169481754303,0.035381756722927094,0.12564526498317719,0.20987167954444885
001619_JPG_jpg.rf.1640a48f199bbe32ee72dc83a24e1521.jpg,0,0.6889796853065491,0.635830283164978,0.08586274832487106,0.04344481602311134,0.1050378754734993
001619_JPG_jpg.rf.1640a48f199bbe32ee72dc83a24e1521.jpg,1,0.24262604117393494,0.028559066355228424,0.2188030630350113,0.05615169182419777,0.05226621404290199
001619_JPG_jpg.rf.1640a48f199bbe32ee72dc83a24e1521.jpg,8,0.17817603051662445,0.2167484164237976,0.06360825896263123,0.0759572833776474,0.027798954397439957
001619_JPG_jpg.rf.1640a48f199bbe32ee72dc83a24e1521.jpg,1,0.7010763883590698,0.2737528383731842,0.019529195502400398,0.06701716780662537,0.012677047401666641
001619_JPG_jpg.rf.1640a48f199bbe32ee72dc83a24e1521.jpg,1,0.2476457953453064,0.04075618088245392,0.253885954618454,0.07656343281269073,0.006136600393801928
001619_JPG_jpg.rf.1640a48f199bbe32ee72dc83a24e1521.jpg,1,0.6884428262710571,0.2553514838218689,0.026597317308187485,0.05970591679215431,0.002853661309927702
001619_JPG_jpg.rf.1640a48f199bbe32ee72dc83a24e1521.jpg,8,0.7219294309616089,0.2691209018230438,0.020982669666409492,0.03517637029290199,0.002301989821717143
001619_JPG_jpg.rf.1640a48f199bbe32ee72dc83a24e1521.jpg,1,0.7236321568489075,0.26691415905952454,0.020722169429063797,0.03299832344055176,0.0020925705321133137
001619_JPG_jpg.rf.1640a48f199bbe32ee72dc83a24e1521.jpg,9,0.1775084286928177,0.22565150260925293,0.06362125277519226,0.08384466171264648,0.0018958477303385735
001619_JPG_jpg.rf.1640a48f199bbe32ee72dc83a24e1521.jpg,14,0.06123039498925209,0.2756614685058594,0.08794146031141281,0.11407844722270966,0.0015641505597159266
001619_JPG_jpg.rf.1640a48f199bbe32ee72dc83a24e1521.jpg,1,0.7012369632720947,0.2607719600200653,0.016009697690606117,0.04793392866849899,0.0013110945001244545
001619_JPG_jpg.rf.1640a48f199bbe32ee72dc83a24e1521.jpg,1,0.6964299082756042,0.29258251190185547,0.029242001473903656,0.11470173299312592,0.001292886445298791
001619_JPG_jpg.rf.1640a48f199bbe32ee72dc83a24e1521.jpg,0,0.81890869140625,0.3744974136352539,0.0207672119140625,0.06612180173397064,0.001245184219442308
001619_JPG_jpg.rf.1640a48f199bbe32ee72dc83a24e1521.jpg,0,0.01751023717224598,0.3342147171497345,0.0314544215798378,0.04236844927072525,0.001010863110423088
001623_JPG_jpg.rf.8777c38ac6d8aebbc4c5524393a8ce83.jpg,1,0.29445111751556396,0.09413652867078781,0.1157056912779808,0.06820907443761826,0.9034028649330139
001623_JPG_jpg.rf.8777c38ac6d8aebbc4c5524393a8ce83.jpg,1,0.012021965347230434,0.40746814012527466,0.02404393069446087,0.10318733751773834,0.04544682800769806
001623_JPG_jpg.rf.8777c38ac6d8aebbc4c5524393a8ce83.jpg,1,0.011082177050411701,0.38714176416397095,0.019065972417593002,0.056640625,0.019079364836215973
001623_JPG_jpg.rf.8777c38ac6d8aebbc4c5524393a8ce83.jpg,1,0.6442171335220337,0.29011785984039307,0.028287887573242188,0.0989801362156868,0.009219003841280937
001623_JPG_jpg.rf.8777c38ac6d8aebbc4c5524393a8ce83.jpg,1,0.29535722732543945,0.11245305836200714,0.10588625818490982,0.07405322045087814,0.003925283905118704
001623_JPG_jpg.rf.8777c38ac6d8aebbc4c5524393a8ce83.jpg,3,0.9904409646987915,0.40170618891716003,0.0187381599098444,0.06327918916940689,0.002446602564305067
001623_JPG_jpg.rf.8777c38ac6d8aebbc4c5524393a8ce83.jpg,1,0.6451053619384766,0.2613057494163513,0.02645125798881054,0.06040554866194725,0.002240493893623352
001623_JPG_jpg.rf.8777c38ac6d8aebbc4c5524393a8ce83.jpg,1,0.6332545876502991,0.3021019399166107,0.05302458629012108,0.09101355820894241,0.0019642473198473454
001623_JPG_jpg.rf.8777c38ac6d8aebbc4c5524393a8ce83.jpg,1,0.6284675598144531,0.3291797637939453,0.06087809428572655,0.03980926424264908,0.0019197590881958604
001623_JPG_jpg.rf.8777c38ac6d8aebbc4c5524393a8ce83.jpg,9,0.644729733467102,0.27902984619140625,0.02963983081281185,0.08120957016944885,0.0015083129983395338
001623_JPG_jpg.rf.8777c38ac6d8aebbc4c5524393a8ce83.jpg,1,0.8466888070106506,0.023992039263248444,0.015075316652655602,0.044381216168403625,0.001375170424580574
001623_JPG_jpg.rf.8777c38ac6d8aebbc4c5524393a8ce83.jpg,14,0.29635635018348694,0.09120683372020721,0.12145491689443588,0.06407558172941208,0.0012011686339974403
001623_JPG_jpg.rf.8777c38ac6d8aebbc4c5524393a8ce83.jpg,1,0.6428394317626953,0.2612742781639099,0.029997752979397774,0.037480536848306656,0.0011488550808280706
001623_JPG_jpg.rf.8777c38ac6d8aebbc4c5524393a8ce83.jpg,1,0.010410115122795105,0.3758193254470825,0.01845107413828373,0.032713595777750015,0.0010404156055301428
001624_JPG_jpg.rf.a3a7ed1ca4bdc41789b882fe5d7e3e94.jpg,1,0.5391651391983032,0.1428537666797638,0.1098686009645462,0.05598270893096924,0.8656517863273621
001624_JPG_jpg.rf.a3a7ed1ca4bdc41789b882fe5d7e3e94.jpg,0,0.7469893097877502,0.40579861402511597,0.016104331240057945,0.01627371832728386,0.02557879500091076
001624_JPG_jpg.rf.a3a7ed1ca4bdc41789b882fe5d7e3e94.jpg,1,0.7498565316200256,0.4060615301132202,0.013287250883877277,0.01559591293334961,0.024741481989622116
001624_JPG_jpg.rf.a3a7ed1ca4bdc41789b882fe5d7e3e94.jpg,9,0.13271674513816833,0.34176042675971985,0.021030902862548828,0.056620046496391296,0.01618022844195366
001624_JPG_jpg.rf.a3a7ed1ca4bdc41789b882fe5d7e3e94.jpg,1,0.546241819858551,0.1391265094280243,0.0738956406712532,0.05363842099905014,0.008175198920071125
001624_JPG_jpg.rf.a3a7ed1ca4bdc41789b882fe5d7e3e94.jpg,9,0.5590771436691284,0.4574771225452423,0.028829941526055336,0.0777902603149414,0.0018779741367325187
001624_JPG_jpg.rf.a3a7ed1ca4bdc41789b882fe5d7e3e94.jpg,1,0.43397092819213867,0.531487762928009,0.037585847079753876,0.03350488841533661,0.0018477223347872496
001624_JPG_jpg.rf.a3a7ed1ca4bdc41789b882fe5d7e3e94.jpg,0,0.7468023300170898,0.41208362579345703,0.01718154363334179,0.018954643979668617,0.0012049920624122024
001631_JPG_jpg.rf.18c57a703b3f30d8e2b21868d3657b5d.jpg,1,0.4444117248058319,0.07380559295415878,0.1825760006904602,0.08095768094062805,0.9769521951675415
001631_JPG_jpg.rf.18c57a703b3f30d8e2b21868d3657b5d.jpg,1,0.4447467625141144,0.30848392844200134,0.2704702615737915,0.5667733550071716,0.08401814848184586
001631_JPG_jpg.rf.18c57a703b3f30d8e2b21868d3657b5d.jpg,1,0.44550082087516785,0.0962594673037529,0.20322370529174805,0.13684488832950592,0.022677181288599968
001631_JPG_jpg.rf.18c57a703b3f30d8e2b21868d3657b5d.jpg,1,0.444851279258728,0.21095608174800873,0.25010988116264343,0.3517298698425293,0.0078084529377520084
001631_JPG_jpg.rf.18c57a703b3f30d8e2b21868d3657b5d.jpg,0,0.33050230145454407,0.38655662536621094,0.28304237127304077,0.16971836984157562,0.0025820250157266855
001642_JPG_jpg.rf.1501f63859c8183e7b273ed3f677bb80.jpg,1,0.41896599531173706,0.09763399511575699,0.2028736025094986,0.10614167898893356,0.9968529343605042
001642_JPG_jpg.rf.1501f63859c8183e7b273ed3f677bb80.jpg,1,0.4245189428329468,0.13127081096172333,0.21619412302970886,0.17701424658298492,0.2953707277774811
001642_JPG_jpg.rf.1501f63859c8183e7b273ed3f677bb80.jpg,1,0.43500930070877075,0.21875479817390442,0.24982529878616333,0.3602558970451355,0.147207573056221
001642_JPG_jpg.rf.1501f63859c8183e7b273ed3f677bb80.jpg,1,0.3851071000099182,0.1094343513250351,0.14494913816452026,0.08470809459686279,0.06546496599912643
001642_JPG_jpg.rf.1501f63859c8183e7b273ed3f677bb80.jpg,1,0.40309715270996094,0.423454225063324,0.3864346146583557,0.8386825919151306,0.06454690545797348
001642_JPG_jpg.rf.1501f63859c8183e7b273ed3f677bb80.jpg,1,0.43191462755203247,0.10775294899940491,0.044123467057943344,0.12052898108959198,0.04374147579073906
001642_JPG_jpg.rf.1501f63859c8183e7b273ed3f677bb80.jpg,1,0.4278148114681244,0.10314483940601349,0.03801419213414192,0.08618378639221191,0.03857112303376198
001642_JPG_jpg.rf.1501f63859c8183e7b273ed3f677bb80.jpg,14,0.3961283564567566,0.09805592149496078,0.15494610369205475,0.10015510022640228,0.008393008261919022
001642_JPG_jpg.rf.1501f63859c8183e7b273ed3f677bb80.jpg,1,0.4743475914001465,0.0924079492688179,0.08813219517469406,0.09061206132173538,0.007525364402681589
001642_JPG_jpg.rf.1501f63859c8183e7b273ed3f677bb80.jpg,1,0.2579473853111267,0.8205324411392212,0.30832529067993164,0.35531938076019287,0.0071630156598985195
001642_JPG_jpg.rf.1501f63859c8183e7b273ed3f677bb80.jpg,1,0.201699897646904,0.8922306895256042,0.19701191782951355,0.21553853154182434,0.005556018091738224
001642_JPG_jpg.rf.1501f63859c8183e7b273ed3f677bb80.jpg,8,0.26468154788017273,0.6856338977813721,0.042919911444187164,0.04564820975065231,0.003122174646705389
001642_JPG_jpg.rf.1501f63859c8183e7b273ed3f677bb80.jpg,1,0.3511144816875458,0.24763968586921692,0.4805859327316284,0.44810235500335693,0.0022796415723860264
001642_JPG_jpg.rf.1501f63859c8183e7b273ed3f677bb80.jpg,0,0.4248649477958679,0.10789044201374054,0.21918751299381256,0.1836554855108261,0.0016999962972477078
001642_JPG_jpg.rf.1501f63859c8183e7b273ed3f677bb80.jpg,0,0.2657485902309418,0.8186894059181213,0.3307691216468811,0.35794273018836975,0.0014393965248018503
001642_JPG_jpg.rf.1501f63859c8183e7b273ed3f677bb80.jpg,1,0.13513347506523132,0.8930302262306213,0.07051781564950943,0.21393951773643494,0.0013192726764827967
001642_JPG_jpg.rf.1501f63859c8183e7b273ed3f677bb80.jpg,1,0.3557569682598114,0.11851728707551956,0.0681309700012207,0.09848029911518097,0.0010387621587142348
001642_JPG_jpg.rf.1501f63859c8183e7b273ed3f677bb80.jpg,1,0.9790509343147278,0.9187821745872498,0.04189813882112503,0.07706297188997269,0.0010177278891205788
001643_JPG_jpg.rf.bb0dd8813a6c24f91a4e04962aaa7f31.jpg,1,0.6242287158966064,0.18114687502384186,0.33143186569213867,0.1818990409374237,0.9741617441177368
001643_JPG_jpg.rf.bb0dd8813a6c24f91a4e04962aaa7f31.jpg,1,0.6377696990966797,0.27676278352737427,0.36379700899124146,0.3756006062030792,0.509630560874939
001643_JPG_jpg.rf.bb0dd8813a6c24f91a4e04962aaa7f31.jpg,1,0.6600905060768127,0.5093145370483398,0.41431790590286255,0.9092807769775391,0.35934728384017944
001643_JPG_jpg.rf.bb0dd8813a6c24f91a4e04962aaa7f31.jpg,1,0.5702835917472839,0.250372052192688,0.2236543744802475,0.3353642225265503,0.13309510052204132
001643_JPG_jpg.rf.bb0dd8813a6c24f91a4e04962aaa7f31.jpg,9,0.6375926733016968,0.18950766324996948,0.022944670170545578,0.0606473945081234,0.017551105469465256
001643_JPG_jpg.rf.bb0dd8813a6c24f91a4e04962aaa7f31.jpg,0,0.617492139339447,0.1431407779455185,0.3203383684158325,0.27726325392723083,0.008534896187484264
001643_JPG_jpg.rf.bb0dd8813a6c24f91a4e04962aaa7f31.jpg,1,0.6392961740493774,0.2008264660835266,0.03349326178431511,0.09110566228628159,0.005431951489299536
001643_JPG_jpg.rf.bb0dd8813a6c24f91a4e04962aaa7f31.jpg,1,0.5902988910675049,0.22382943332195282,0.1504257321357727,0.0911940410733223,0.0034587543923407793
001643_JPG_jpg.rf.bb0dd8813a6c24f91a4e04962aaa7f31.jpg,14,0.6382392048835754,0.18040360510349274,0.023659925907850266,0.0444924458861351,0.001497624907642603
001643_JPG_jpg.rf.bb0dd8813a6c24f91a4e04962aaa7f31.jpg,1,0.6310319304466248,0.20445188879966736,0.10316793620586395,0.10534915328025818,0.0013912294525653124
001643_JPG_jpg.rf.bb0dd8813a6c24f91a4e04962aaa7f31.jpg,14,0.4924069046974182,0.189497172832489,0.033653076738119125,0.14315378665924072,0.0011051744222640991
001643_JPG_jpg.rf.bb0dd8813a6c24f91a4e04962aaa7f31.jpg,1,0.5398594737052917,0.18377606570720673,0.14905129373073578,0.18234476447105408,0.0010182438418269157
001654_JPG_jpg.rf.e26100131533da63b018a72fab6586e3.jpg,1,0.37674787640571594,0.09955640137195587,0.1412774920463562,0.05959147959947586,0.9231603741645813
001654_JPG_jpg.rf.e26100131533da63b018a72fab6586e3.jpg,0,0.29783472418785095,0.35980671644210815,0.03164025396108627,0.017559124156832695,0.038501542061567307
001654_JPG_jpg.rf.e26100131533da63b018a72fab6586e3.jpg,9,0.8550059795379639,0.18778173625469208,0.04085041955113411,0.11988766491413116,0.03375011682510376
001654_JPG_jpg.rf.e26100131533da63b018a72fab6586e3.jpg,9,0.33016225695610046,0.7485577464103699,0.025702770799398422,0.11949590593576431,0.011141050606966019
001654_JPG_jpg.rf.e26100131533da63b018a72fab6586e3.jpg,1,0.5699116587638855,0.016807865351438522,0.053122155368328094,0.03353571891784668,0.0034762280993163586
001654_JPG_jpg.rf.e26100131533da63b018a72fab6586e3.jpg,9,0.855117678642273,0.0727771520614624,0.03696287423372269,0.10609230399131775,0.001807364751584828
001654_JPG_jpg.rf.e26100131533da63b018a72fab6586e3.jpg,8,0.047141414135694504,0.7285846471786499,0.06710997223854065,0.1609378159046173,0.0015365163562819362
001654_JPG_jpg.rf.e26100131533da63b018a72fab6586e3.jpg,8,0.5735585689544678,0.0153421675786376,0.058166906237602234,0.028977474197745323,0.001353865023702383
001656_JPG_jpg.rf.193bed9f1b03b8c4d46254c930216604.jpg,1,0.4792422652244568,0.1695479303598404,0.24741697311401367,0.11650584638118744,0.9474457502365112
001656_JPG_jpg.rf.193bed9f1b03b8c4d46254c930216604.jpg,0,0.4772602319717407,0.17018836736679077,0.23705273866653442,0.12133467197418213,0.7944794297218323
001656_JPG_jpg.rf.193bed9f1b03b8c4d46254c930216604.jpg,0,0.7640333771705627,0.007591992616653442,0.0965689867734909,0.015183985233306885,0.006195972673594952
001656_JPG_jpg.rf.193bed9f1b03b8c4d46254c930216604.jpg,0,0.4953637719154358,0.5115464925765991,0.9816528558731079,0.9769070148468018,0.005895873997360468
001656_JPG_jpg.rf.193bed9f1b03b8c4d46254c930216604.jpg,0,0.49831676483154297,0.005896029528230429,0.08959495276212692,0.011792059056460857,0.004050717689096928
001656_JPG_jpg.rf.193bed9f1b03b8c4d46254c930216604.jpg,14,0.43330827355384827,0.1665981113910675,0.15765827894210815,0.10303811728954315,0.0029263533651828766
001656_JPG_jpg.rf.193bed9f1b03b8c4d46254c930216604.jpg,14,0.39849117398262024,0.16786178946495056,0.0871036946773529,0.10050367563962936,0.001281270757317543
001660_JPG_jpg.rf.41a9573c77f81a1dc9e669467db98386.jpg,1,0.33544936776161194,0.08360053598880768,0.1475684940814972,0.07953397929668427,0.9868916869163513
001660_JPG_jpg.rf.41a9573c77f81a1dc9e669467db98386.jpg,0,0.3321758508682251,0.08301406353712082,0.1536719799041748,0.0764584094285965,0.07827425748109818
001660_JPG_jpg.rf.41a9573c77f81a1dc9e669467db98386.jpg,9,0.478061705827713,0.8841654062271118,0.05686672031879425,0.11308971047401428,0.026065504178404808
001660_JPG_jpg.rf.41a9573c77f81a1dc9e669467db98386.jpg,1,0.3333912193775177,0.08361540734767914,0.15671707689762115,0.13162682950496674,0.020139221101999283
001660_JPG_jpg.rf.41a9573c77f81a1dc9e669467db98386.jpg,1,0.2573307752609253,0.3203980326652527,0.032975103706121445,0.14621387422084808,0.01668054237961769
001660_JPG_jpg.rf.41a9573c77f81a1dc9e669467db98386.jpg,1,0.2543824017047882,0.20688192546367645,0.028014622628688812,0.10141849517822266,0.011060502380132675
001660_JPG_jpg.rf.41a9573c77f81a1dc9e669467db98386.jpg,9,0.25534588098526,0.2039775848388672,0.029946712777018547,0.10842045396566391,0.010773264802992344
001660_JPG_jpg.rf.41a9573c77f81a1dc9e669467db98386.jpg,14,0.25641632080078125,0.2535465657711029,0.03156242147088051,0.14341649413108826,0.007352554239332676
001660_JPG_jpg.rf.41a9573c77f81a1dc9e669467db98386.jpg,1,0.033624667674303055,0.012911757454276085,0.0411667563021183,0.02341797761619091,0.0064710392616689205
001660_JPG_jpg.rf.41a9573c77f81a1dc9e669467db98386.jpg,1,0.2527236342430115,0.18896491825580597,0.02190384455025196,0.06113162264227867,0.00503372261300683
001660_JPG_jpg.rf.41a9573c77f81a1dc9e669467db98386.jpg,1,0.16937586665153503,0.015094250440597534,0.035996098071336746,0.028721855953335762,0.0039807213470339775
001660_JPG_jpg.rf.41a9573c77f81a1dc9e669467db98386.jpg,1,0.4794895052909851,0.8725358247756958,0.05693567544221878,0.13316425681114197,0.003039047122001648
001660_JPG_jpg.rf.41a9573c77f81a1dc9e669467db98386.jpg,9,0.25720393657684326,0.3294479548931122,0.03248506411910057,0.1315356343984604,0.0016686145681887865
001660_JPG_jpg.rf.41a9573c77f81a1dc9e669467db98386.jpg,1,0.2872309684753418,0.10878977179527283,0.04008927568793297,0.057501170784235,0.0014332098653540015
001660_JPG_jpg.rf.41a9573c77f81a1dc9e669467db98386.jpg,3,0.2550271153450012,0.20708826184272766,0.028967324644327164,0.11962890625,0.0013936987379565835
001660_JPG_jpg.rf.41a9573c77f81a1dc9e669467db98386.jpg,1,0.3268904387950897,0.19064639508724213,0.16488321125507355,0.34525981545448303,0.00136781414039433
001660_JPG_jpg.rf.41a9573c77f81a1dc9e669467db98386.jpg,1,0.26111823320388794,0.18900324404239655,0.02904156595468521,0.06264743208885193,0.0011902336264029145
001662_JPG_jpg.rf.97c2b266f1a788361d25be2305f03736.jpg,1,0.3549957275390625,0.18466509878635406,0.0844930112361908,0.04752102121710777,0.8458126187324524
001662_JPG_jpg.rf.97c2b266f1a788361d25be2305f03736.jpg,0,0.3562600910663605,0.18506532907485962,0.08517885208129883,0.04415365308523178,0.09198404103517532
001662_JPG_jpg.rf.97c2b266f1a788361d25be2305f03736.jpg,1,0.7083774209022522,0.4478069543838501,0.019535871222615242,0.03805200755596161,0.03753327950835228
001662_JPG_jpg.rf.97c2b266f1a788361d25be2305f03736.jpg,1,0.7054859399795532,0.4690985381603241,0.021409694105386734,0.08823852986097336,0.03528612479567528
001662_JPG_jpg.rf.97c2b266f1a788361d25be2305f03736.jpg,1,0.32867732644081116,0.19592539966106415,0.02732750028371811,0.059150658547878265,0.015062459744513035
001662_JPG_jpg.rf.97c2b266f1a788361d25be2305f03736.jpg,1,0.34342241287231445,0.1919323056936264,0.06016987934708595,0.06202349439263344,0.011788059957325459
001662_JPG_jpg.rf.97c2b266f1a788361d25be2305f03736.jpg,8,0.7087688446044922,0.4446813464164734,0.019598960876464844,0.030188854783773422,0.009896507486701012
001662_JPG_jpg.rf.97c2b266f1a788361d25be2305f03736.jpg,1,0.5208793878555298,0.020525656640529633,0.04398496448993683,0.041051313281059265,0.0038036557380110025
001662_JPG_jpg.rf.97c2b266f1a788361d25be2305f03736.jpg,9,0.44194281101226807,0.6536350846290588,0.02779538743197918,0.07923522591590881,0.0026292495895177126
001662_JPG_jpg.rf.97c2b266f1a788361d25be2305f03736.jpg,0,0.6482262015342712,0.3793737590312958,0.4628886878490448,0.7587475180625916,0.0010680665727704763
001693_JPG_jpg.rf.9c74f3077d05257d04e7a58a48642fe0.jpg,1,0.5298483371734619,0.3182253837585449,0.2111295908689499,0.11052845418453217,0.9960219264030457
001693_JPG_jpg.rf.9c74f3077d05257d04e7a58a48642fe0.jpg,11,0.5211496353149414,0.3246854543685913,0.1936895251274109,0.10968302190303802,0.008105088956654072
001700_JPG_jpg.rf.4f29277e7dfa7365978e572fe9f9eee3.jpg,1,0.5469996929168701,0.11151187121868134,0.19938333332538605,0.05717873573303223,0.8439320921897888
001700_JPG_jpg.rf.4f29277e7dfa7365978e572fe9f9eee3.jpg,1,0.46067288517951965,0.29180794954299927,0.07260124385356903,0.03511839732527733,0.10999879986047745
001700_JPG_jpg.rf.4f29277e7dfa7365978e572fe9f9eee3.jpg,1,0.5484987497329712,0.13517920672893524,0.20699313282966614,0.10113367438316345,0.025786511600017548
001700_JPG_jpg.rf.4f29277e7dfa7365978e572fe9f9eee3.jpg,0,0.5701483488082886,0.10894061625003815,0.14654551446437836,0.051782745867967606,0.019121989607810974
001700_JPG_jpg.rf.4f29277e7dfa7365978e572fe9f9eee3.jpg,1,0.5170387625694275,0.19482174515724182,0.2494714856147766,0.23071108758449554,0.016077803447842598
001700_JPG_jpg.rf.4f29277e7dfa7365978e572fe9f9eee3.jpg,9,0.08793072402477264,0.4209599792957306,0.02182905562222004,0.0685572624206543,0.007902504876255989
001700_JPG_jpg.rf.4f29277e7dfa7365978e572fe9f9eee3.jpg,9,0.4434656798839569,0.3370567560195923,0.02206527255475521,0.04410490766167641,0.004386174958199263
001700_JPG_jpg.rf.4f29277e7dfa7365978e572fe9f9eee3.jpg,1,0.15379570424556732,0.24969416856765747,0.02512604370713234,0.10387910157442093,0.0027457361575216055
001700_JPG_jpg.rf.4f29277e7dfa7365978e572fe9f9eee3.jpg,10,0.5575911998748779,0.5540819764137268,0.013570968993008137,0.018999870866537094,0.0010023185750469565
001813_JPG_jpg.rf.2a732d7bc29b893c586a2bebea876f72.jpg,1,0.12381024658679962,0.9390174150466919,0.24762049317359924,0.11610353738069534,0.9679467678070068
001813_JPG_jpg.rf.2a732d7bc29b893c586a2bebea876f72.jpg,1,0.6224762201309204,0.6554594039916992,0.28706127405166626,0.6795777678489685,0.27049142122268677
001813_JPG_jpg.rf.2a732d7bc29b893c586a2bebea876f72.jpg,1,0.08399523049592972,0.9481276273727417,0.16799046099185944,0.095421202480793,0.09968699514865875
001813_JPG_jpg.rf.2a732d7bc29b893c586a2bebea876f72.jpg,11,0.6164677739143372,0.450809121131897,0.14587582647800446,0.2410273551940918,0.09012626111507416
001813_JPG_jpg.rf.2a732d7bc29b893c586a2bebea876f72.jpg,1,0.7186676263809204,0.6347334384918213,0.5563953518867493,0.6744528412818909,0.08958003669977188
001813_JPG_jpg.rf.2a732d7bc29b893c586a2bebea876f72.jpg,1,0.06457491964101791,0.9078627824783325,0.01960141770541668,0.05567110329866409,0.08341679722070694
001813_JPG_jpg.rf.2a732d7bc29b893c586a2bebea876f72.jpg,1,0.6244935393333435,0.5601728558540344,0.1621570587158203,0.47985994815826416,0.0416397824883461
001813_JPG_jpg.rf.2a732d7bc29b893c586a2bebea876f72.jpg,1,0.08478236943483353,0.9278818368911743,0.12223172187805176,0.10044750571250916,0.022553415969014168
001813_JPG_jpg.rf.2a732d7bc29b893c586a2bebea876f72.jpg,1,0.18896722793579102,0.9365450739860535,0.3699434697628021,0.12690983712673187,0.018612008541822433
001813_JPG_jpg.rf.2a732d7bc29b893c586a2bebea876f72.jpg,1,0.0654347762465477,0.9197098612785339,0.02698955126106739,0.07883226126432419,0.016731636598706245
001813_JPG_jpg.rf.2a732d7bc29b893c586a2bebea876f72.jpg,1,0.03836376592516899,0.9167001247406006,0.020225750282406807,0.07370948791503906,0.014618651941418648
001813_JPG_jpg.rf.2a732d7bc29b893c586a2bebea876f72.jpg,1,0.47419387102127075,0.1797543168067932,0.07527560740709305,0.14858528971672058,0.014495233073830605
001813_JPG_jpg.rf.2a732d7bc29b893c586a2bebea876f72.jpg,0,0.23135170340538025,0.6192003488540649,0.4627034068107605,0.753369927406311,0.008684606291353703
001813_JPG_jpg.rf.2a732d7bc29b893c586a2bebea876f72.jpg,10,0.07949680835008621,0.9408184289932251,0.15394160151481628,0.11056137084960938,0.005984509829431772
001813_JPG_jpg.rf.2a732d7bc29b893c586a2bebea876f72.jpg,1,0.46288061141967773,0.024954600259661674,0.16540981829166412,0.04990920051932335,0.005194500554352999
001813_JPG_jpg.rf.2a732d7bc29b893c586a2bebea876f72.jpg,5,0.6133768558502197,0.4517517685890198,0.14102400839328766,0.24242466688156128,0.005157836712896824
001813_JPG_jpg.rf.2a732d7bc29b893c586a2bebea876f72.jpg,1,0.0819353237748146,0.9088548421859741,0.013124635443091393,0.052463531494140625,0.005039770621806383
001813_JPG_jpg.rf.2a732d7bc29b893c586a2bebea876f72.jpg,1,0.11588065326213837,0.9570570588111877,0.18404124677181244,0.0858859270811081,0.0037700564134866
001813_JPG_jpg.rf.2a732d7bc29b893c586a2bebea876f72.jpg,1,0.03614772856235504,0.9392926096916199,0.027734680101275444,0.12141477316617966,0.0034566048998385668
001813_JPG_jpg.rf.2a732d7bc29b893c586a2bebea876f72.jpg,14,0.6177124381065369,0.4487347900867462,0.1485207974910736,0.24616806209087372,0.0027341439854353666
001813_JPG_jpg.rf.2a732d7bc29b893c586a2bebea876f72.jpg,1,0.06619150191545486,0.9560387134552002,0.13238300383090973,0.06556342542171478,0.0023001243826001883
001813_JPG_jpg.rf.2a732d7bc29b893c586a2bebea876f72.jpg,1,0.6169852018356323,0.4487096965312958,0.14712268114089966,0.24910123646259308,0.002224602736532688
001813_JPG_jpg.rf.2a732d7bc29b893c586a2bebea876f72.jpg,1,0.6278356313705444,0.6127696633338928,0.26650089025497437,0.29323646426200867,0.00184914143756032
001813_JPG_jpg.rf.2a732d7bc29b893c586a2bebea876f72.jpg,1,0.5577355027198792,0.6241503357887268,0.12069012224674225,0.2742674946784973,0.0016646579606458545
001813_JPG_jpg.rf.2a732d7bc29b893c586a2bebea876f72.jpg,11,0.08217302709817886,0.9429700374603271,0.15758179128170013,0.11084556579589844,0.0014976918464526534
001813_JPG_jpg.rf.2a732d7bc29b893c586a2bebea876f72.jpg,9,0.08223819732666016,0.9427676796913147,0.15999475121498108,0.11107613146305084,0.0013164354022592306
001813_JPG_jpg.rf.2a732d7bc29b893c586a2bebea876f72.jpg,0,0.8659968972206116,0.014141901396214962,0.2680063247680664,0.027108512818813324,0.001263051526620984
001813_JPG_jpg.rf.2a732d7bc29b893c586a2bebea876f72.jpg,1,0.13397753238677979,0.9403280019760132,0.1600048542022705,0.09464029222726822,0.0011123360600322485
001813_JPG_jpg.rf.2a732d7bc29b893c586a2bebea876f72.jpg,1,0.5256837010383606,0.023771971464157104,0.29825735092163086,0.046621859073638916,0.0010773311369121075
001813_JPG_jpg.rf.2a732d7bc29b893c586a2bebea876f72.jpg,0,0.5523415207862854,0.02513519860804081,0.35513564944267273,0.05027039721608162,0.0010546502890065312
001813_JPG_jpg.rf.2a732d7bc29b893c586a2bebea876f72.jpg,1,0.04160831868648529,0.9409809112548828,0.08321663737297058,0.10159015655517578,0.0010332198580726981
001826_JPG_jpg.rf.a805482f1c979ccfd35e378a2d5d78a6.jpg,0,0.555016815662384,0.19484546780586243,0.22259466350078583,0.08959149569272995,0.9791805148124695
001826_JPG_jpg.rf.a805482f1c979ccfd35e378a2d5d78a6.jpg,8,0.12976139783859253,0.10659323632717133,0.12693145871162415,0.19717606902122498,0.9211292266845703
001826_JPG_jpg.rf.a805482f1c979ccfd35e378a2d5d78a6.jpg,8,0.373973548412323,0.1946803629398346,0.12338227778673172,0.20528626441955566,0.026403849944472313
001826_JPG_jpg.rf.a805482f1c979ccfd35e378a2d5d78a6.jpg,8,0.1002674549818039,0.10732854902744293,0.2005349099636078,0.19429978728294373,0.007575484458357096
001826_JPG_jpg.rf.a805482f1c979ccfd35e378a2d5d78a6.jpg,1,0.5745986700057983,0.19418123364448547,0.17353171110153198,0.09038440883159637,0.003582979552447796
001826_JPG_jpg.rf.a805482f1c979ccfd35e378a2d5d78a6.jpg,1,0.555112898349762,0.27394768595695496,0.23469924926757812,0.2630845904350281,0.002411887049674988
001826_JPG_jpg.rf.a805482f1c979ccfd35e378a2d5d78a6.jpg,0,0.5664145946502686,0.1382492035627365,0.2447662055492401,0.21587318181991577,0.001362730166874826
001826_JPG_jpg.rf.a805482f1c979ccfd35e378a2d5d78a6.jpg,13,0.9957932829856873,0.19906297326087952,0.008093833923339844,0.01424721535295248,0.0012961303582414985
001826_JPG_jpg.rf.a805482f1c979ccfd35e378a2d5d78a6.jpg,1,0.04798701032996178,0.6049845218658447,0.09597402065992355,0.2852018177509308,0.0011533156502991915
001826_JPG_jpg.rf.a805482f1c979ccfd35e378a2d5d78a6.jpg,0,0.0508994460105896,0.6316498517990112,0.1017988920211792,0.5866608619689941,0.0010544126853346825
001830_JPG_jpg.rf.80271bce54a1933c1c80ae661932ee2f.jpg,1,0.4384225606918335,0.12236858904361725,0.1011405736207962,0.04629449546337128,0.8331465125083923
001830_JPG_jpg.rf.80271bce54a1933c1c80ae661932ee2f.jpg,1,0.15301580727100372,0.22471769154071808,0.030023079365491867,0.12068542838096619,0.33192238211631775
001830_JPG_jpg.rf.80271bce54a1933c1c80ae661932ee2f.jpg,1,0.15287739038467407,0.2051362693309784,0.025398731231689453,0.08736615628004074,0.04260000213980675
001830_JPG_jpg.rf.80271bce54a1933c1c80ae661932ee2f.jpg,5,0.10555551946163177,0.48533520102500916,0.05116896331310272,0.03324824199080467,0.011347726918756962
001830_JPG_jpg.rf.80271bce54a1933c1c80ae661932ee2f.jpg,9,0.805621862411499,0.4022437632083893,0.01752721332013607,0.0260306503623724,0.0018784826388582587
001830_JPG_jpg.rf.80271bce54a1933c1c80ae661932ee2f.jpg,1,0.41176164150238037,0.12815245985984802,0.15371762216091156,0.08516722172498703,0.0018485060427337885
001830_JPG_jpg.rf.80271bce54a1933c1c80ae661932ee2f.jpg,8,0.10677342116832733,0.48499488830566406,0.04687843099236488,0.031654540449380875,0.0015186996897682548
001833_JPG_jpg.rf.b6092f0bd597484bb9c205017e5c389f.jpg,1,0.5393518209457397,0.24213244020938873,0.24334716796875,0.09370532631874084,0.9643101096153259
001833_JPG_jpg.rf.b6092f0bd597484bb9c205017e5c389f.jpg,0,0.5334486365318298,0.24196681380271912,0.25753098726272583,0.09164982289075851,0.5573007464408875
001833_JPG_jpg.rf.b6092f0bd597484bb9c205017e5c389f.jpg,11,0.3369438350200653,0.25039345026016235,0.13895903527736664,0.1913575977087021,0.06919821351766586
001833_JPG_jpg.rf.b6092f0bd597484bb9c205017e5c389f.jpg,0,0.17176932096481323,0.984623908996582,0.021709498018026352,0.027884703129529953,0.012350866571068764
001833_JPG_jpg.rf.b6092f0bd597484bb9c205017e5c389f.jpg,0,0.1765556037425995,0.9850655198097229,0.03544893488287926,0.02986893244087696,0.0029845042154192924
001833_JPG_jpg.rf.b6092f0bd597484bb9c205017e5c389f.jpg,1,0.4924152195453644,0.2471492886543274,0.16654092073440552,0.08854618668556213,0.0029360654298216105
001833_JPG_jpg.rf.b6092f0bd597484bb9c205017e5c389f.jpg,1,0.5219592452049255,0.3631715476512909,0.25825703144073486,0.36879870295524597,0.0020530957262963057
001833_JPG_jpg.rf.b6092f0bd597484bb9c205017e5c389f.jpg,0,0.5819430351257324,0.23514796793460846,0.1741081327199936,0.07416648417711258,0.0014264772180467844
001857_JPG_jpg.rf.d447fe7f6ff27a88a5e983e0b5f2a821.jpg,0,0.45177555084228516,0.229979008436203,0.04254227504134178,0.03017577715218067,0.6185163259506226
001857_JPG_jpg.rf.d447fe7f6ff27a88a5e983e0b5f2a821.jpg,9,0.391136109828949,0.24659329652786255,0.03424215316772461,0.052670203149318695,0.12872366607189178
001857_JPG_jpg.rf.d447fe7f6ff27a88a5e983e0b5f2a821.jpg,8,0.39083194732666016,0.24633857607841492,0.032339975237846375,0.052463531494140625,0.08897131681442261
001857_JPG_jpg.rf.d447fe7f6ff27a88a5e983e0b5f2a821.jpg,1,0.4769366383552551,0.5201215147972107,0.05974655970931053,0.042691413313150406,0.02263003960251808
001857_JPG_jpg.rf.d447fe7f6ff27a88a5e983e0b5f2a821.jpg,0,0.4420763850212097,0.23332303762435913,0.07340013235807419,0.028976257890462875,0.014792300760746002
001857_JPG_jpg.rf.d447fe7f6ff27a88a5e983e0b5f2a821.jpg,1,0.3907238841056824,0.24712122976779938,0.032141026109457016,0.05398440361022949,0.005790372379124165
001857_JPG_jpg.rf.d447fe7f6ff27a88a5e983e0b5f2a821.jpg,0,0.6362698078155518,0.16579701006412506,0.03256819769740105,0.017752885818481445,0.0027497473638504744
001857_JPG_jpg.rf.d447fe7f6ff27a88a5e983e0b5f2a821.jpg,0,0.6001822352409363,0.382337749004364,0.06415821611881256,0.031077604740858078,0.0015920617152005434
001857_JPG_jpg.rf.d447fe7f6ff27a88a5e983e0b5f2a821.jpg,1,0.08523111790418625,0.5554825663566589,0.04306650906801224,0.02564782276749611,0.0014844529796391726
001857_JPG_jpg.rf.d447fe7f6ff27a88a5e983e0b5f2a821.jpg,1,0.8637726306915283,0.01981537416577339,0.04001639410853386,0.03744451329112053,0.0013947157422080636
001857_JPG_jpg.rf.d447fe7f6ff27a88a5e983e0b5f2a821.jpg,1,0.9303684234619141,0.6699756979942322,0.02696763537824154,0.02499675750732422,0.0010288851335644722
001860_JPG_jpg.rf.6e8d22dbd246ecfaf521fbb30ff5e2fe.jpg,0,0.5262527465820312,0.26132458448410034,0.16914664208889008,0.0910027027130127,0.8504183292388916
001860_JPG_jpg.rf.6e8d22dbd246ecfaf521fbb30ff5e2fe.jpg,9,0.38392403721809387,0.3150840103626251,0.08900965005159378,0.18216821551322937,0.5706201195716858
001860_JPG_jpg.rf.6e8d22dbd246ecfaf521fbb30ff5e2fe.jpg,0,0.8298652172088623,0.9619945883750916,0.0161434318870306,0.06455039978027344,0.18036797642707825
001860_JPG_jpg.rf.6e8d22dbd246ecfaf521fbb30ff5e2fe.jpg,0,0.9154495000839233,0.9209729433059692,0.03704599291086197,0.01984897069633007,0.1681116372346878
001860_JPG_jpg.rf.6e8d22dbd246ecfaf521fbb30ff5e2fe.jpg,11,0.38357236981391907,0.31599506735801697,0.09065866470336914,0.18171340227127075,0.07380817830562592
001860_JPG_jpg.rf.6e8d22dbd246ecfaf521fbb30ff5e2fe.jpg,0,0.8342326283454895,0.9658292531967163,0.03137229010462761,0.0658145323395729,0.07000430673360825
001860_JPG_jpg.rf.6e8d22dbd246ecfaf521fbb30ff5e2fe.jpg,8,0.8569198250770569,0.9666789174079895,0.02384149096906185,0.0524614043533802,0.03240242227911949
001860_JPG_jpg.rf.6e8d22dbd246ecfaf521fbb30ff5e2fe.jpg,8,0.8047595620155334,0.9645713567733765,0.02272510528564453,0.059416551142930984,0.010630732402205467
001860_JPG_jpg.rf.6e8d22dbd246ecfaf521fbb30ff5e2fe.jpg,1,0.5305010676383972,0.26031988859176636,0.1532423347234726,0.0877523422241211,0.008380180224776268
001860_JPG_jpg.rf.6e8d22dbd246ecfaf521fbb30ff5e2fe.jpg,0,0.9215737581253052,0.9228911995887756,0.025544019415974617,0.022085996344685555,0.004154724534600973
001860_JPG_jpg.rf.6e8d22dbd246ecfaf521fbb30ff5e2fe.jpg,0,0.5404285192489624,0.25476962327957153,0.12308216094970703,0.07448682188987732,0.0036665259394794703
001860_JPG_jpg.rf.6e8d22dbd246ecfaf521fbb30ff5e2fe.jpg,0,0.8110895752906799,0.9661756753921509,0.06516324728727341,0.06763304024934769,0.003164915135130286
001860_JPG_jpg.rf.6e8d22dbd246ecfaf521fbb30ff5e2fe.jpg,0,0.8207855224609375,0.9633446335792542,0.03466796875,0.06923308968544006,0.002889675786718726
001860_JPG_jpg.rf.6e8d22dbd246ecfaf521fbb30ff5e2fe.jpg,0,0.9039732217788696,0.9239083528518677,0.03389549255371094,0.0219573974609375,0.0024608054663985968
001860_JPG_jpg.rf.6e8d22dbd246ecfaf521fbb30ff5e2fe.jpg,0,0.9207311868667603,0.9133740663528442,0.019680537283420563,0.035094115883111954,0.002104426035657525
001860_JPG_jpg.rf.6e8d22dbd246ecfaf521fbb30ff5e2fe.jpg,0,0.8245271444320679,0.9630634784698486,0.016661424189805984,0.06371534615755081,0.0014444758417084813
001860_JPG_jpg.rf.6e8d22dbd246ecfaf521fbb30ff5e2fe.jpg,0,0.843267560005188,0.9691870808601379,0.050217773765325546,0.05726469308137894,0.0011123630683869123
001860_JPG_jpg.rf.6e8d22dbd246ecfaf521fbb30ff5e2fe.jpg,1,0.8931781053543091,0.9275366067886353,0.019772162660956383,0.03122175671160221,0.0010460802586749196
001860_JPG_jpg.rf.6e8d22dbd246ecfaf521fbb30ff5e2fe.jpg,0,0.45256540179252625,0.9178466796875,0.014114012941718102,0.021648040041327477,0.0010353102115914226
001918_jpg.rf.cf4263574ace70aef2c9045b9cde5a85.jpg,8,0.508715033531189,0.7444974184036255,0.23142096400260925,0.3059367835521698,0.20897360146045685
001918_jpg.rf.cf4263574ace70aef2c9045b9cde5a85.jpg,7,0.5094134211540222,0.7451248168945312,0.23421375453472137,0.30755001306533813,0.10043931752443314
001918_jpg.rf.cf4263574ace70aef2c9045b9cde5a85.jpg,8,0.527239203453064,0.3597051203250885,0.4215131998062134,0.43740469217300415,0.002642635488882661
001982_jpg.rf.6d24adf886f0c39c03910738d4ecc170.jpg,1,0.7616881132125854,0.2652331590652466,0.07987088710069656,0.26108506321907043,0.9410119652748108
001982_jpg.rf.6d24adf886f0c39c03910738d4ecc170.jpg,1,0.7716758251190186,0.23278525471687317,0.095059834420681,0.18070976436138153,0.13316494226455688
001982_jpg.rf.6d24adf886f0c39c03910738d4ecc170.jpg,1,0.7491816282272339,0.3182927370071411,0.1314680427312851,0.38478928804397583,0.05751805007457733
001982_jpg.rf.6d24adf886f0c39c03910738d4ecc170.jpg,1,0.7565628886222839,0.22693541646003723,0.06466036289930344,0.13713781535625458,0.05205099657177925
001982_jpg.rf.6d24adf886f0c39c03910738d4ecc170.jpg,1,0.7570318579673767,0.1945819854736328,0.062413290143013,0.08150994032621384,0.05092272534966469
001982_jpg.rf.6d24adf886f0c39c03910738d4ecc170.jpg,8,0.7720603942871094,0.4400327801704407,0.06635130196809769,0.09290805459022522,0.02179606445133686
001982_jpg.rf.6d24adf886f0c39c03910738d4ecc170.jpg,1,0.23372796177864075,0.9560596942901611,0.09360770136117935,0.04158247262239456,0.004143348429352045
001982_jpg.rf.6d24adf886f0c39c03910738d4ecc170.jpg,1,0.3420361280441284,0.9571872353553772,0.08757586032152176,0.04267582669854164,0.0037513254210352898
001982_jpg.rf.6d24adf886f0c39c03910738d4ecc170.jpg,1,0.7746363282203674,0.35677748918533325,0.1098102405667305,0.4900361895561218,0.0028781795408576727
001982_jpg.rf.6d24adf886f0c39c03910738d4ecc170.jpg,8,0.38391736149787903,0.9569823741912842,0.019548453390598297,0.039210908114910126,0.002439242321997881
001982_jpg.rf.6d24adf886f0c39c03910738d4ecc170.jpg,1,0.8022066950798035,0.19896943867206573,0.03151688352227211,0.10482481867074966,0.002073870040476322
001982_jpg.rf.6d24adf886f0c39c03910738d4ecc170.jpg,6,0.18195073306560516,0.4522956609725952,0.021917782723903656,0.034165382385253906,0.002047274261713028
001982_jpg.rf.6d24adf886f0c39c03910738d4ecc170.jpg,1,0.7242963314056396,0.3333699107170105,0.20873260498046875,0.4454648792743683,0.0015817100647836924
001982_jpg.rf.6d24adf886f0c39c03910738d4ecc170.jpg,14,0.7573039531707764,0.19028832018375397,0.061591736972332,0.05947551503777504,0.0015056896954774857
001982_jpg.rf.6d24adf886f0c39c03910738d4ecc170.jpg,9,0.7736733555793762,0.43821847438812256,0.06386155635118484,0.09381341934204102,0.001466726534999907
001982_jpg.rf.6d24adf886f0c39c03910738d4ecc170.jpg,0,0.37647613883018494,0.9587737321853638,0.038142938166856766,0.04575025290250778,0.0012157137971371412
001982_jpg.rf.6d24adf886f0c39c03910738d4ecc170.jpg,3,0.7740628123283386,0.5127503275871277,0.03972339630126953,0.04037952423095703,0.0010977674974128604
001996_jpg.rf.e04928f5210adad4b15f5a851c83b514.jpg,1,0.34317344427108765,0.6446285843849182,0.5843573212623596,0.5064148306846619,0.5588771104812622
001996_jpg.rf.e04928f5210adad4b15f5a851c83b514.jpg,1,0.6427590847015381,0.5122205018997192,0.1728605180978775,0.48584869503974915,0.22702576220035553
001996_jpg.rf.e04928f5210adad4b15f5a851c83b514.jpg,8,0.8714423775672913,0.7736561298370361,0.1489940732717514,0.17897261679172516,0.1331811547279358
001996_jpg.rf.e04928f5210adad4b15f5a851c83b514.jpg,1,0.5991477370262146,0.4409570097923279,0.10721283406019211,0.3203578591346741,0.08566132932901382
001996_jpg.rf.e04928f5210adad4b15f5a851c83b514.jpg,0,0.6239474415779114,0.4982146620750427,0.1471376121044159,0.4406789541244507,0.060122061520814896
001996_jpg.rf.e04928f5210adad4b15f5a851c83b514.jpg,1,0.36538487672805786,0.4969159662723541,0.37929248809814453,0.19907008111476898,0.04929168522357941
001996_jpg.rf.e04928f5210adad4b15f5a851c83b514.jpg,1,0.6175860166549683,0.48808595538139343,0.09642571955919266,0.4196940064430237,0.04047296568751335
001996_jpg.rf.e04928f5210adad4b15f5a851c83b514.jpg,11,0.8691450357437134,0.7773802876472473,0.14406929910182953,0.18816588819026947,0.008007527329027653
001996_jpg.rf.e04928f5210adad4b15f5a851c83b514.jpg,1,0.7624843120574951,0.6713994741439819,0.16565822064876556,0.33423614501953125,0.004644236993044615
001996_jpg.rf.e04928f5210adad4b15f5a851c83b514.jpg,1,0.6026831269264221,0.4294475018978119,0.08078546077013016,0.18389636278152466,0.00445885956287384
001996_jpg.rf.e04928f5210adad4b15f5a851c83b514.jpg,1,0.32770010828971863,0.7668038606643677,0.6465219259262085,0.4498090147972107,0.004075340460985899
001996_jpg.rf.e04928f5210adad4b15f5a851c83b514.jpg,1,0.6066220998764038,0.3954935669898987,0.08045999705791473,0.0878453254699707,0.003867331426590681
001996_jpg.rf.e04928f5210adad4b15f5a851c83b514.jpg,1,0.2675882577896118,0.7782113552093506,0.020336775109171867,0.04577445983886719,0.002707204781472683
001996_jpg.rf.e04928f5210adad4b15f5a851c83b514.jpg,1,0.2534777820110321,0.5122385025024414,0.43870559334754944,0.23725908994674683,0.0021619268227368593
001996_jpg.rf.e04928f5210adad4b15f5a851c83b514.jpg,1,0.6640385389328003,0.4877805709838867,0.15888550877571106,0.2779013216495514,0.0017380111385136843
001996_jpg.rf.e04928f5210adad4b15f5a851c83b514.jpg,1,0.016050590202212334,0.4509757161140442,0.027158331125974655,0.09702987223863602,0.0016549951396882534
001996_jpg.rf.e04928f5210adad4b15f5a851c83b514.jpg,1,0.6475265026092529,0.4206829369068146,0.1863611340522766,0.23918846249580383,0.0014368718257173896
001996_jpg.rf.e04928f5210adad4b15f5a851c83b514.jpg,1,0.2728867828845978,0.5740400552749634,0.46068650484085083,0.36788490414619446,0.001405057730153203
001996_jpg.rf.e04928f5210adad4b15f5a851c83b514.jpg,3,0.6662261486053467,0.48879897594451904,0.027342062443494797,0.08232850581407547,0.0013511342694982886
002188_jpg.rf.0c0627398b64450d4f392c77290207fe.jpg,0,0.7391903400421143,0.32850903272628784,0.30468064546585083,0.14650270342826843,0.9169711470603943
002188_jpg.rf.0c0627398b64450d4f392c77290207fe.jpg,1,0.6860096454620361,0.344234824180603,0.2662177085876465,0.14708825945854187,0.8557819128036499
002188_jpg.rf.0c0627398b64450d4f392c77290207fe.jpg,11,0.38928428292274475,0.37820199131965637,0.13453739881515503,0.24483241140842438,0.2997190058231354
002188_jpg.rf.0c0627398b64450d4f392c77290207fe.jpg,1,0.633318305015564,0.3718639612197876,0.14935724437236786,0.08619260787963867,0.01856931485235691
002188_jpg.rf.0c0627398b64450d4f392c77290207fe.jpg,1,0.6872520446777344,0.6080449819564819,0.3445752263069153,0.7483940124511719,0.006382276304066181
002188_jpg.rf.0c0627398b64450d4f392c77290207fe.jpg,1,0.5795954465866089,0.6139775514602661,0.5794553756713867,0.772044837474823,0.004663256462663412
002188_jpg.rf.0c0627398b64450d4f392c77290207fe.jpg,14,0.6078497171401978,0.3507760465145111,0.10267360508441925,0.14531230926513672,0.0025392721872776747
002188_jpg.rf.0c0627398b64450d4f392c77290207fe.jpg,1,0.6297102570533752,0.3564612567424774,0.1550564020872116,0.16755405068397522,0.0015413425862789154
002188_jpg.rf.0c0627398b64450d4f392c77290207fe.jpg,0,0.746174156665802,0.2076101452112198,0.3857311010360718,0.3895737826824188,0.0013267239555716515
002188_jpg.rf.0c0627398b64450d4f392c77290207fe.jpg,14,0.6303467154502869,0.3562418818473816,0.13364781439304352,0.11477723717689514,0.0013054306618869305
0023f366-a173-4ba7-952c-63f5698c022d_jpg.rf.9edd5a29eae0884e275e51ee445d1a10.jpg,1,0.5301492810249329,0.5136520862579346,0.5734390020370483,0.8736404180526733,0.9768577814102173
0023f366-a173-4ba7-952c-63f5698c022d_jpg.rf.9edd5a29eae0884e275e51ee445d1a10.jpg,6,0.9095485210418701,0.5279483795166016,0.17792584002017975,0.9177775979042053,0.018978560343384743
0230d0a6-0eac-4bf1-bc0c-560f18ad7415_jpg.rf.48f1963e9fbe5a6b0179b33762a2eb65.jpg,1,0.5837002992630005,0.4997291564941406,0.6369266510009766,0.8434486389160156,0.793733537197113
0230d0a6-0eac-4bf1-bc0c-560f18ad7415_jpg.rf.48f1963e9fbe5a6b0179b33762a2eb65.jpg,0,0.5821468234062195,0.6169426441192627,0.6092921495437622,0.618054986000061,0.16233941912651062
0313fdea-c8b1-458b-adac-adcb4aac3622_jpg.rf.78780f33ec642080187f26937e8005be.jpg,1,0.5696409940719604,0.5337710976600647,0.6825805306434631,0.7890743017196655,0.9441779851913452
0313fdea-c8b1-458b-adac-adcb4aac3622_jpg.rf.78780f33ec642080187f26937e8005be.jpg,0,0.5514245629310608,0.5393006801605225,0.6285041570663452,0.8063862919807434,0.004157096613198519
0313fdea-c8b1-458b-adac-adcb4aac3622_jpg.rf.78780f33ec642080187f26937e8005be.jpg,1,0.5906398296356201,0.45462924242019653,0.4612555205821991,0.6534165740013123,0.0025384596083313227
0590a57d-491c-4322-b287-594d5511e79b_jpg.rf.654f0a4f98fad473e55cc437d1c9d902.jpg,0,0.4707619547843933,0.6058328151702881,0.5393060445785522,0.69222092628479,0.9052051901817322
0590a57d-491c-4322-b287-594d5511e79b_jpg.rf.654f0a4f98fad473e55cc437d1c9d902.jpg,0,0.5038155913352966,0.4666087031364441,0.5351704955101013,0.5407174825668335,0.00941423885524273
0629fae7-2357-4fa2-a599-750358cf7e2e_jpg.rf.363911291d5f6f7fe0e031331fd7e4e9.jpg,0,0.49853479862213135,0.5310574173927307,0.6783809661865234,0.7806670069694519,0.9610340595245361
080e28db-6b07-4f03-a3c3-0803f43cc2ea_jpg.rf.8db090c85fe85dbff2c2f30a30efb0e1.jpg,1,0.5580969452857971,0.5291944146156311,0.4812729060649872,0.9111363887786865,0.9608734846115112
080e28db-6b07-4f03-a3c3-0803f43cc2ea_jpg.rf.8db090c85fe85dbff2c2f30a30efb0e1.jpg,0,0.5060375928878784,0.6578506827354431,0.4283990263938904,0.6376830339431763,0.4367920160293579
080e28db-6b07-4f03-a3c3-0803f43cc2ea_jpg.rf.8db090c85fe85dbff2c2f30a30efb0e1.jpg,6,0.08456135541200638,0.3075493276119232,0.1655222326517105,0.26916876435279846,0.05294300243258476
080e28db-6b07-4f03-a3c3-0803f43cc2ea_jpg.rf.8db090c85fe85dbff2c2f30a30efb0e1.jpg,11,0.08447791635990143,0.30606788396835327,0.16634409129619598,0.2828625738620758,0.012762654572725296
080e28db-6b07-4f03-a3c3-0803f43cc2ea_jpg.rf.8db090c85fe85dbff2c2f30a30efb0e1.jpg,1,0.7773289084434509,0.533790647983551,0.4281139075756073,0.9288482069969177,0.0015053435927256942
080e28db-6b07-4f03-a3c3-0803f43cc2ea_jpg.rf.8db090c85fe85dbff2c2f30a30efb0e1.jpg,1,0.0888369232416153,0.2924606204032898,0.1776738464832306,0.3396303355693817,0.0011769828852266073
080e28db-6b07-4f03-a3c3-0803f43cc2ea_jpg.rf.8db090c85fe85dbff2c2f30a30efb0e1.jpg,0,0.6431990265846252,0.6859663724899292,0.1436963826417923,0.5929315686225891,0.0011474742786958814
0866866d-298d-4bff-afa0-6456ad7fd807_jpg.rf.3bcf97c79a92aac15ad03419bbadf199.jpg,1,0.4416431188583374,0.4958145320415497,0.5786562561988831,0.9133914113044739,0.9551081657409668
0866866d-298d-4bff-afa0-6456ad7fd807_jpg.rf.3bcf97c79a92aac15ad03419bbadf199.jpg,1,0.20225343108177185,0.4819403290748596,0.4035361111164093,0.9621182680130005,0.0574658028781414
0866866d-298d-4bff-afa0-6456ad7fd807_jpg.rf.3bcf97c79a92aac15ad03419bbadf199.jpg,0,0.20831315219402313,0.4734590947628021,0.41551998257637024,0.9469181895256042,0.019066575914621353
0866866d-298d-4bff-afa0-6456ad7fd807_jpg.rf.3bcf97c79a92aac15ad03419bbadf199.jpg,0,0.44281449913978577,0.5195781588554382,0.5787920951843262,0.8598174452781677,0.009773214347660542
0866866d-298d-4bff-afa0-6456ad7fd807_jpg.rf.3bcf97c79a92aac15ad03419bbadf199.jpg,1,0.6008355617523193,0.5095307230949402,0.7983288168907166,0.9547995328903198,0.006118400953710079
0866866d-298d-4bff-afa0-6456ad7fd807_jpg.rf.3bcf97c79a92aac15ad03419bbadf199.jpg,14,0.6213129758834839,0.5148293375968933,0.7573741674423218,0.9703413248062134,0.002411436289548874
08724eba-901b-4e19-883d-1cc236532391_jpg.rf.58818e500202bb38a13268b4cd2c4f4a.jpg,0,0.5876272916793823,0.5503698587417603,0.495111346244812,0.7864001393318176,0.770629346370697
08724eba-901b-4e19-883d-1cc236532391_jpg.rf.58818e500202bb38a13268b4cd2c4f4a.jpg,1,0.5697094202041626,0.565976083278656,0.4665687680244446,0.8280662298202515,0.04342687875032425
08724eba-901b-4e19-883d-1cc236532391_jpg.rf.58818e500202bb38a13268b4cd2c4f4a.jpg,0,0.43993598222732544,0.5485838651657104,0.8401769399642944,0.8007925748825073,0.0025736794341355562
09282467-3e63-4506-9252-a0fd5b913deb_jpg.rf.7c3a79616a712d7b1f231bc9108d8db7.jpg,0,0.5412424802780151,0.4820253551006317,0.6875123977661133,0.7562597990036011,0.9679931998252869
098904b8-c355-46e6-b644-52387480db96_jpg.rf.ed1b718605fa48e5c0cfbc438da6d050.jpg,0,0.5343655943870544,0.5050890445709229,0.655209481716156,0.8826520442962646,0.9210180044174194
10a18f3d-79d7-447f-ab9e-6de78b09477f_jpg.rf.8ce6805731f28537f453028a8d5a4885.jpg,1,0.5629355907440186,0.4709837734699249,0.80122309923172,0.8304147720336914,0.9829683899879456
10a18f3d-79d7-447f-ab9e-6de78b09477f_jpg.rf.8ce6805731f28537f453028a8d5a4885.jpg,0,0.5713053345680237,0.4831908941268921,0.7901076078414917,0.8314540386199951,0.05740099027752876
10a18f3d-79d7-447f-ab9e-6de78b09477f_jpg.rf.8ce6805731f28537f453028a8d5a4885.jpg,1,0.42230474948883057,0.3100021779537201,0.04165975749492645,0.043878648430109024,0.0017325124936178327
10a18f3d-79d7-447f-ab9e-6de78b09477f_jpg.rf.8ce6805731f28537f453028a8d5a4885.jpg,1,0.4414917826652527,0.3129258453845978,0.03563249856233597,0.03576737269759178,0.0013656228547915816
1141c383-3413-40a0-a550-7253129d4a4a_jpg.rf.5d2d3eba0b2dbca166bc5c51fe7e607d.jpg,0,0.592565655708313,0.5008838176727295,0.6357975006103516,0.8542404174804688,0.9580132365226746
182a7c98-60cb-46a4-a89b-ad3500515c3a_jpg.rf.2a5a1477064c1cd7dbe34e2e9a982a9e.jpg,0,0.5265581011772156,0.5407314300537109,0.8783813714981079,0.8335483074188232,0.8687729239463806
182a7c98-60cb-46a4-a89b-ad3500515c3a_jpg.rf.2a5a1477064c1cd7dbe34e2e9a982a9e.jpg,0,0.6547820568084717,0.44540563225746155,0.6098355054855347,0.871419370174408,0.0024481636937707663
182a7c98-60cb-46a4-a89b-ad3500515c3a_jpg.rf.2a5a1477064c1cd7dbe34e2e9a982a9e.jpg,1,0.6446192860603333,0.45503532886505127,0.6888850331306458,0.7841702103614807,0.001896121189929545
2257b962-595c-43ae-8f0d-575f1b55beb8_jpg.rf.d8ba84a72e00584f12f54d3cf03c8dc0.jpg,0,0.5210341215133667,0.48621082305908203,0.47718679904937744,0.8116340637207031,0.7179790139198303
2257b962-595c-43ae-8f0d-575f1b55beb8_jpg.rf.d8ba84a72e00584f12f54d3cf03c8dc0.jpg,1,0.5246598720550537,0.4879530072212219,0.4666493535041809,0.8235713243484497,0.6452516317367554
24085f02-5dde-4b59-ad8e-887935bd08e1_jpg.rf.d216c61af0d1adf927b98f242a4fe85f.jpg,0,0.4715217053890228,0.47908174991607666,0.7295685410499573,0.9280751943588257,0.942894697189331
24085f02-5dde-4b59-ad8e-887935bd08e1_jpg.rf.d216c61af0d1adf927b98f242a4fe85f.jpg,0,0.526656985282898,0.3377467393875122,0.6104759573936462,0.6447092890739441,0.009080080315470695
24085f02-5dde-4b59-ad8e-887935bd08e1_jpg.rf.d216c61af0d1adf927b98f242a4fe85f.jpg,0,0.06534881889820099,0.5070644021034241,0.13069763779640198,0.9335324764251709,0.003087839111685753
27beeb65-e6ea-4c4a-9dea-597500f26e7f_jpg.rf.29ca4c588d77178889b70d59993eb0ff.jpg,0,0.5350788831710815,0.4633466303348541,0.7380692958831787,0.8498051166534424,0.8670560717582703
27beeb65-e6ea-4c4a-9dea-597500f26e7f_jpg.rf.29ca4c588d77178889b70d59993eb0ff.jpg,0,0.7099024057388306,0.16185201704502106,0.04507996514439583,0.13757231831550598,0.0010754828108474612
643854b9-b9d9-4b74-99fb-830fde4a0b74_jpg.rf.4d252deec56db095b1acab7c1c0f1bdc.jpg,1,0.5740947723388672,0.5158072113990784,0.6586710214614868,0.8583926558494568,0.9192752242088318
643854b9-b9d9-4b74-99fb-830fde4a0b74_jpg.rf.4d252deec56db095b1acab7c1c0f1bdc.jpg,0,0.48396411538124084,0.6581982970237732,0.638477623462677,0.49523890018463135,0.542775571346283
643854b9-b9d9-4b74-99fb-830fde4a0b74_jpg.rf.4d252deec56db095b1acab7c1c0f1bdc.jpg,0,0.5132776498794556,0.5493309497833252,0.6032772064208984,0.7726539969444275,0.004060444422066212
FisheyeCamera_1_00000_png.rf.51e7c2d131818f5ac51613cb3d152380.jpg,14,0.6046167612075806,0.5439399480819702,0.022780967876315117,0.03165149688720703,0.921496570110321
FisheyeCamera_1_00000_png.rf.51e7c2d131818f5ac51613cb3d152380.jpg,0,0.27905625104904175,0.506014883518219,0.01419210433959961,0.004724576137959957,0.006408404093235731
FisheyeCamera_1_00000_png.rf.51e7c2d131818f5ac51613cb3d152380.jpg,6,0.4288654923439026,0.546259880065918,0.006703486666083336,0.009749596007168293,0.005119868088513613
FisheyeCamera_1_00000_png.rf.51e7c2d131818f5ac51613cb3d152380.jpg,0,0.6441932320594788,0.4981948733329773,0.008128313347697258,0.010269531980156898,0.00472436286509037
FisheyeCamera_1_00000_png.rf.51e7c2d131818f5ac51613cb3d152380.jpg,1,0.33412063121795654,0.42036211490631104,0.01522064208984375,0.013939454220235348,0.004643595777451992
FisheyeCamera_1_00000_png.rf.51e7c2d131818f5ac51613cb3d152380.jpg,0,0.686153769493103,0.48340559005737305,0.010567884892225266,0.009652724489569664,0.0030001183040440083
FisheyeCamera_1_00000_png.rf.51e7c2d131818f5ac51613cb3d152380.jpg,14,0.6015175580978394,0.5658197402954102,0.02005767822265625,0.0748434066772461,0.0029386195819824934
FisheyeCamera_1_00000_png.rf.51e7c2d131818f5ac51613cb3d152380.jpg,0,0.3041154146194458,0.5201363563537598,0.012045915238559246,0.015503516420722008,0.0025621475651860237
FisheyeCamera_1_00000_png.rf.51e7c2d131818f5ac51613cb3d152380.jpg,0,0.7048057913780212,0.5187972784042358,0.007085579913109541,0.009998688474297523,0.002429378917440772
FisheyeCamera_1_00000_png.rf.51e7c2d131818f5ac51613cb3d152380.jpg,1,0.32311713695526123,0.4070046544075012,0.012590188533067703,0.009272758848965168,0.0020011798478662968
FisheyeCamera_1_00000_png.rf.51e7c2d131818f5ac51613cb3d152380.jpg,0,0.6453574895858765,0.5012964606285095,0.007384079974144697,0.009991462342441082,0.001534139970317483
FisheyeCamera_1_00000_png.rf.51e7c2d131818f5ac51613cb3d152380.jpg,0,0.7208407521247864,0.5032865405082703,0.01213051751255989,0.006693253293633461,0.001338341971859336
FisheyeCamera_1_00000_png.rf.51e7c2d131818f5ac51613cb3d152380.jpg,0,0.34172409772872925,0.49319618940353394,0.010733604431152344,0.008624810725450516,0.00118644954636693
FisheyeCamera_1_00000_png.rf.51e7c2d131818f5ac51613cb3d152380.jpg,1,0.465332567691803,0.5209642052650452,0.008877460844814777,0.004925948102027178,0.0011299244360998273
FisheyeCamera_1_00000_png.rf.51e7c2d131818f5ac51613cb3d152380.jpg,0,0.29287803173065186,0.5156466960906982,0.011266910471022129,0.012592132203280926,0.001056553446687758
FisheyeCamera_1_00000_png.rf.51e7c2d131818f5ac51613cb3d152380.jpg,0,0.7074105739593506,0.40539175271987915,0.009980568662285805,0.007048350293189287,0.0010129917645826936
FisheyeCamera_1_00005_png.rf.2c3a5ef517c817ce7872439ac76a7c08.jpg,14,0.6435353755950928,0.538402259349823,0.02882135845720768,0.04414881020784378,0.9224821329116821
FisheyeCamera_1_00005_png.rf.2c3a5ef517c817ce7872439ac76a7c08.jpg,6,0.43522995710372925,0.5451124906539917,0.008878231048583984,0.009088149294257164,0.0539802685379982
FisheyeCamera_1_00005_png.rf.2c3a5ef517c817ce7872439ac76a7c08.jpg,0,0.2473526895046234,0.4402105510234833,0.0141447139903903,0.009804065339267254,0.013758539222180843
FisheyeCamera_1_00005_png.rf.2c3a5ef517c817ce7872439ac76a7c08.jpg,0,0.25912174582481384,0.41499459743499756,0.011481761932373047,0.03866470605134964,0.012421615421772003
FisheyeCamera_1_00005_png.rf.2c3a5ef517c817ce7872439ac76a7c08.jpg,0,0.46403807401657104,0.5186211466789246,0.010647187009453773,0.002497379668056965,0.0036390682216733694
FisheyeCamera_1_00005_png.rf.2c3a5ef517c817ce7872439ac76a7c08.jpg,0,0.2577570378780365,0.4221644103527069,0.012828533537685871,0.0355309322476387,0.0025010041426867247
FisheyeCamera_1_00005_png.rf.2c3a5ef517c817ce7872439ac76a7c08.jpg,6,0.43883025646209717,0.547072172164917,0.010107113979756832,0.008514807559549809,0.0017578145489096642
FisheyeCamera_1_00005_png.rf.2c3a5ef517c817ce7872439ac76a7c08.jpg,1,0.435573935508728,0.4944338798522949,0.009938826784491539,0.008418450132012367,0.001284863566979766
FisheyeCamera_1_00005_png.rf.2c3a5ef517c817ce7872439ac76a7c08.jpg,0,0.31307902932167053,0.4037688970565796,0.011747634969651699,0.013455684296786785,0.001085412222892046
FisheyeCamera_1_00012_png.rf.72d6e678caad674f4fe8c948471cf743.jpg,2,0.33092471957206726,0.519261360168457,0.030916213989257812,0.04516524448990822,0.9657461047172546
FisheyeCamera_1_00012_png.rf.72d6e678caad674f4fe8c948471cf743.jpg,2,0.6126362681388855,0.5349016785621643,0.016771720722317696,0.024291809648275375,0.8800198435783386
FisheyeCamera_1_00012_png.rf.72d6e678caad674f4fe8c948471cf743.jpg,2,0.3977365791797638,0.5389522314071655,0.015144641511142254,0.02132643200457096,0.6842467784881592
FisheyeCamera_1_00012_png.rf.72d6e678caad674f4fe8c948471cf743.jpg,2,0.5573529601097107,0.5425581336021423,0.01183586847037077,0.016435440629720688,0.13471737504005432
FisheyeCamera_1_00012_png.rf.72d6e678caad674f4fe8c948471cf743.jpg,2,0.4019354283809662,0.5406526327133179,0.02466619946062565,0.021336078643798828,0.008077858947217464
FisheyeCamera_1_00012_png.rf.72d6e678caad674f4fe8c948471cf743.jpg,0,0.5084350109100342,0.47378844022750854,0.918681800365448,0.9475768804550171,0.00801616720855236
FisheyeCamera_1_00012_png.rf.72d6e678caad674f4fe8c948471cf743.jpg,0,0.4131772816181183,0.5431125164031982,0.021278271451592445,0.018376899883151054,0.0014375020982697606
FisheyeCamera_1_00018_png.rf.765c48e66c9a0a7d70f6e4b0af00494c.jpg,2,0.6392291784286499,0.5221036076545715,0.02775617688894272,0.04303686320781708,0.9720470905303955
FisheyeCamera_1_00018_png.rf.765c48e66c9a0a7d70f6e4b0af00494c.jpg,2,0.30292826890945435,0.5277039408683777,0.021541833877563477,0.03081483021378517,0.7720446586608887
FisheyeCamera_1_00018_png.rf.765c48e66c9a0a7d70f6e4b0af00494c.jpg,6,0.5350133180618286,0.5384203195571899,0.01591348648071289,0.02226121537387371,0.536609947681427
FisheyeCamera_1_00018_png.rf.765c48e66c9a0a7d70f6e4b0af00494c.jpg,2,0.0404115654528141,0.4378083348274231,0.02835424430668354,0.10221462696790695,0.4275889992713928
FisheyeCamera_1_00018_png.rf.765c48e66c9a0a7d70f6e4b0af00494c.jpg,2,0.3496190309524536,0.5389686822891235,0.013140604831278324,0.020830631256103516,0.01223507896065712
FisheyeCamera_1_00018_png.rf.765c48e66c9a0a7d70f6e4b0af00494c.jpg,6,0.03850406035780907,0.43343251943588257,0.03346424922347069,0.1035473495721817,0.0042531793005764484
FisheyeCamera_1_00018_png.rf.765c48e66c9a0a7d70f6e4b0af00494c.jpg,0,0.46598565578460693,0.4609675407409668,0.8884098529815674,0.9219350814819336,0.003069803351536393
FisheyeCamera_1_00018_png.rf.765c48e66c9a0a7d70f6e4b0af00494c.jpg,6,0.03921370953321457,0.4461243748664856,0.024832764640450478,0.0874253436923027,0.0022777500562369823
FisheyeCamera_1_00018_png.rf.765c48e66c9a0a7d70f6e4b0af00494c.jpg,6,0.34992700815200806,0.5389381051063538,0.012882232666015625,0.02000970020890236,0.0014321723720058799
FisheyeCamera_1_00018_png.rf.765c48e66c9a0a7d70f6e4b0af00494c.jpg,9,0.37699735164642334,0.544258177280426,0.008579254150390625,0.01037968136370182,0.0012968971859663725
FisheyeCamera_1_00018_png.rf.765c48e66c9a0a7d70f6e4b0af00494c.jpg,0,0.43218377232551575,0.6153097748756409,0.013070032931864262,0.009357672184705734,0.0010482660727575421
FisheyeCamera_1_00021_png.rf.703e3c27438f8fe990ef8ffbd48f2b51.jpg,6,0.3514658212661743,0.5309191942214966,0.0189847219735384,0.028371628373861313,0.7642327547073364
FisheyeCamera_1_00021_png.rf.703e3c27438f8fe990ef8ffbd48f2b51.jpg,0,0.45549970865249634,0.5089725255966187,0.006362731568515301,0.005613913759589195,0.20155051350593567
FisheyeCamera_1_00021_png.rf.703e3c27438f8fe990ef8ffbd48f2b51.jpg,1,0.4434915781021118,0.5074447393417358,0.0014415520709007978,0.003620074363425374,0.004661652259528637
FisheyeCamera_1_00021_png.rf.703e3c27438f8fe990ef8ffbd48f2b51.jpg,1,0.4341967701911926,0.5056201219558716,0.0068828510120511055,0.0038847189862281084,0.0035671277437359095
FisheyeCamera_1_00021_png.rf.703e3c27438f8fe990ef8ffbd48f2b51.jpg,1,0.4162701368331909,0.5056421160697937,0.008501052856445312,0.0048793647438287735,0.0014941421104595065
FisheyeCamera_1_00022_png.rf.783465f75a2393c7aaa0ec3c3cd3ed4d.jpg,6,0.33859995007514954,0.52825927734375,0.01900331862270832,0.03234327584505081,0.7991224527359009
FisheyeCamera_1_00022_png.rf.783465f75a2393c7aaa0ec3c3cd3ed4d.jpg,0,0.45540061593055725,0.5089016556739807,0.006366252899169922,0.005549724213778973,0.2576570212841034
FisheyeCamera_1_00022_png.rf.783465f75a2393c7aaa0ec3c3cd3ed4d.jpg,1,0.4338504672050476,0.505205512046814,0.007563297636806965,0.005815432406961918,0.004280632361769676
FisheyeCamera_1_00022_png.rf.783465f75a2393c7aaa0ec3c3cd3ed4d.jpg,0,0.3838219940662384,0.5468737483024597,0.005683422088623047,0.008047837764024734,0.0038778178859502077
FisheyeCamera_1_00022_png.rf.783465f75a2393c7aaa0ec3c3cd3ed4d.jpg,1,0.43202731013298035,0.49549055099487305,0.008961494080722332,0.010758399963378906,0.001735958969220519
FisheyeCamera_1_00022_png.rf.783465f75a2393c7aaa0ec3c3cd3ed4d.jpg,1,0.44308382272720337,0.5075473785400391,0.0018905859906226397,0.004222869873046875,0.0011751233832910657
FisheyeCamera_1_00023_png.rf.cd1aa333b9e78ad2f7b2de3c154e7429.jpg,6,0.32440000772476196,0.5255282521247864,0.020815078169107437,0.03543395176529884,0.5814989805221558
FisheyeCamera_1_00023_png.rf.cd1aa333b9e78ad2f7b2de3c154e7429.jpg,2,0.324451744556427,0.5257507562637329,0.020950134843587875,0.03479433059692383,0.3922482132911682
FisheyeCamera_1_00023_png.rf.cd1aa333b9e78ad2f7b2de3c154e7429.jpg,0,0.454786092042923,0.5079179406166077,0.0060031963512301445,0.004122954327613115,0.11856876313686371
FisheyeCamera_1_00023_png.rf.cd1aa333b9e78ad2f7b2de3c154e7429.jpg,0,0.38127487897872925,0.5473855137825012,0.004428533371537924,0.008401760831475258,0.004191665910184383
FisheyeCamera_1_00023_png.rf.cd1aa333b9e78ad2f7b2de3c154e7429.jpg,1,0.4334227442741394,0.5047143697738647,0.007388591766357422,0.0049953460693359375,0.0027222277130931616
FisheyeCamera_1_00023_png.rf.cd1aa333b9e78ad2f7b2de3c154e7429.jpg,0,0.3828083276748657,0.5526958107948303,0.0059583368711173534,0.009130258113145828,0.001870538922958076
FisheyeCamera_1_00023_png.rf.cd1aa333b9e78ad2f7b2de3c154e7429.jpg,0,0.35936209559440613,0.5190263986587524,0.015158763155341148,0.02239839918911457,0.0010426233056932688
FisheyeCamera_1_00027_png.rf.dfb965799faeb1514f927e69c5ec0fd2.jpg,2,0.23547203838825226,0.5069575905799866,0.02554192952811718,0.051886558532714844,0.6959367394447327
FisheyeCamera_1_00027_png.rf.dfb965799faeb1514f927e69c5ec0fd2.jpg,6,0.2357887625694275,0.5068100690841675,0.025534924119710922,0.051441486924886703,0.45796602964401245
FisheyeCamera_1_00027_png.rf.dfb965799faeb1514f927e69c5ec0fd2.jpg,1,0.4519639015197754,0.5065262317657471,0.009214987978339195,0.004633426666259766,0.1598534882068634
FisheyeCamera_1_00027_png.rf.dfb965799faeb1514f927e69c5ec0fd2.jpg,1,0.4485913813114166,0.5074173808097839,0.009795849211513996,0.004316109698265791,0.02092466503381729
FisheyeCamera_1_00027_png.rf.dfb965799faeb1514f927e69c5ec0fd2.jpg,0,0.40452703833580017,0.5072883367538452,0.007629981264472008,0.005421455018222332,0.0072683910839259624
FisheyeCamera_1_00027_png.rf.dfb965799faeb1514f927e69c5ec0fd2.jpg,7,0.37123268842697144,0.5431938171386719,0.005465214140713215,0.006096656434237957,0.007018634583801031
FisheyeCamera_1_00027_png.rf.dfb965799faeb1514f927e69c5ec0fd2.jpg,0,0.5894429683685303,0.5341046452522278,0.00863504409790039,0.012816429138183594,0.006188803352415562
FisheyeCamera_1_00027_png.rf.dfb965799faeb1514f927e69c5ec0fd2.jpg,0,0.48287588357925415,0.554019570350647,0.008860111236572266,0.0121614383533597,0.004918508697301149
FisheyeCamera_1_00027_png.rf.dfb965799faeb1514f927e69c5ec0fd2.jpg,1,0.4285961389541626,0.508054792881012,0.006241028197109699,0.0048435283824801445,0.0040993159636855125
FisheyeCamera_1_00027_png.rf.dfb965799faeb1514f927e69c5ec0fd2.jpg,1,0.42012375593185425,0.5076112747192383,0.009307494387030602,0.006074538454413414,0.0014673196710646152
FisheyeCamera_1_00027_png.rf.dfb965799faeb1514f927e69c5ec0fd2.jpg,0,0.40369606018066406,0.5468577146530151,0.005944618955254555,0.009413352236151695,0.0013789854710921645
FisheyeCamera_1_00028_png.rf.f6f0a58dd52d1cf0fe75c8496a37b067.jpg,6,0.2013329714536667,0.4989701807498932,0.024363812059164047,0.056957244873046875,0.8617581725120544
FisheyeCamera_1_00028_png.rf.f6f0a58dd52d1cf0fe75c8496a37b067.jpg,1,0.4513596296310425,0.5050323009490967,0.01004541851580143,0.004488394595682621,0.16459938883781433
FisheyeCamera_1_00028_png.rf.f6f0a58dd52d1cf0fe75c8496a37b067.jpg,0,0.4042247533798218,0.5071730017662048,0.010077843442559242,0.006764228455722332,0.009048604406416416
FisheyeCamera_1_00028_png.rf.f6f0a58dd52d1cf0fe75c8496a37b067.jpg,7,0.369484007358551,0.5437101721763611,0.005073730833828449,0.005966956727206707,0.0038279350847005844
FisheyeCamera_1_00028_png.rf.f6f0a58dd52d1cf0fe75c8496a37b067.jpg,1,0.41922950744628906,0.505266547203064,0.011350631713867188,0.0066921161487698555,0.0028395254630595446
FisheyeCamera_1_00028_png.rf.f6f0a58dd52d1cf0fe75c8496a37b067.jpg,1,0.4287567138671875,0.5054019689559937,0.005790417082607746,0.004182522185146809,0.0025600220542401075
FisheyeCamera_1_00028_png.rf.f6f0a58dd52d1cf0fe75c8496a37b067.jpg,1,0.42839178442955017,0.4927055537700653,0.009198775514960289,0.011686618439853191,0.0020524286665022373
FisheyeCamera_1_00028_png.rf.f6f0a58dd52d1cf0fe75c8496a37b067.jpg,6,0.42162448167800903,0.5452611446380615,0.007479190826416016,0.00839358102530241,0.0014292484847828746
FisheyeCamera_1_00036_png.rf.a4fcf0fd896e50b389c7a93fae4d3a07.jpg,2,0.582137405872345,0.5265645384788513,0.02791595458984375,0.038329895585775375,0.702124297618866
FisheyeCamera_1_00036_png.rf.a4fcf0fd896e50b389c7a93fae4d3a07.jpg,6,0.059888582676649094,0.47323518991470337,0.022538872435688972,0.06292383372783661,0.44277697801589966
FisheyeCamera_1_00036_png.rf.a4fcf0fd896e50b389c7a93fae4d3a07.jpg,9,0.05954154208302498,0.4730164408683777,0.023151159286499023,0.06367279589176178,0.2502796947956085
FisheyeCamera_1_00036_png.rf.a4fcf0fd896e50b389c7a93fae4d3a07.jpg,7,0.5823735594749451,0.5266227126121521,0.027219589799642563,0.038533393293619156,0.15454265475273132
FisheyeCamera_1_00036_png.rf.a4fcf0fd896e50b389c7a93fae4d3a07.jpg,6,0.3511800169944763,0.5358723998069763,0.015831543132662773,0.02122611179947853,0.13487961888313293
FisheyeCamera_1_00036_png.rf.a4fcf0fd896e50b389c7a93fae4d3a07.jpg,9,0.3514041304588318,0.5361964106559753,0.015772636979818344,0.022295217961072922,0.08361665904521942
FisheyeCamera_1_00036_png.rf.a4fcf0fd896e50b389c7a93fae4d3a07.jpg,11,0.3511107563972473,0.5364674925804138,0.016535868868231773,0.02236546017229557,0.0449344664812088
FisheyeCamera_1_00036_png.rf.a4fcf0fd896e50b389c7a93fae4d3a07.jpg,8,0.06107296794652939,0.4727587401866913,0.02111678011715412,0.06255608052015305,0.022465543821454048
FisheyeCamera_1_00036_png.rf.a4fcf0fd896e50b389c7a93fae4d3a07.jpg,2,0.5339219570159912,0.5422980189323425,0.010344908572733402,0.016935348510742188,0.002849390497431159
FisheyeCamera_1_00041_png.rf.402d963ad90df5846463e66a301debd3.jpg,0,0.44127368927001953,0.4951971471309662,0.008432021364569664,0.005543635226786137,0.3317795395851135
FisheyeCamera_1_00041_png.rf.402d963ad90df5846463e66a301debd3.jpg,1,0.4181292653083801,0.4946925938129425,0.006432130001485348,0.003989989869296551,0.013365719467401505
FisheyeCamera_1_00041_png.rf.402d963ad90df5846463e66a301debd3.jpg,1,0.4354470372200012,0.49584630131721497,0.008681297302246094,0.005114261992275715,0.004803835414350033
FisheyeCamera_1_00041_png.rf.402d963ad90df5846463e66a301debd3.jpg,0,0.6010341048240662,0.49004942178726196,0.010479743592441082,0.008414818905293941,0.0038219266571104527
FisheyeCamera_1_00041_png.rf.402d963ad90df5846463e66a301debd3.jpg,0,0.6039445400238037,0.5313024520874023,0.006394496187567711,0.01220846176147461,0.003759270766749978
FisheyeCamera_1_00041_png.rf.402d963ad90df5846463e66a301debd3.jpg,6,0.39077404141426086,0.535681426525116,0.011261573061347008,0.01374053955078125,0.003739237552508712
FisheyeCamera_1_00041_png.rf.402d963ad90df5846463e66a301debd3.jpg,1,0.4094120264053345,0.4941781163215637,0.011920085176825523,0.0049014827236533165,0.0019973390735685825
FisheyeCamera_1_00041_png.rf.402d963ad90df5846463e66a301debd3.jpg,0,0.5985456705093384,0.4897359311580658,0.00994091760367155,0.009253428317606449,0.001964547438547015
FisheyeCamera_1_00041_png.rf.402d963ad90df5846463e66a301debd3.jpg,0,0.2774800956249237,0.5198802947998047,0.00905790738761425,0.011541366577148438,0.0019387576030567288
FisheyeCamera_1_00041_png.rf.402d963ad90df5846463e66a301debd3.jpg,10,0.5829302072525024,0.5423694849014282,0.006582810543477535,0.009487922303378582,0.0015636635944247246
FisheyeCamera_1_00041_png.rf.402d963ad90df5846463e66a301debd3.jpg,1,0.5974664092063904,0.48588407039642334,0.00899773370474577,0.010419478639960289,0.001419398351572454
FisheyeCamera_1_00041_png.rf.402d963ad90df5846463e66a301debd3.jpg,0,0.31443914771080017,0.5372443795204163,0.00875729788094759,0.013411521911621094,0.0013925929088145494
FisheyeCamera_1_00041_png.rf.402d963ad90df5846463e66a301debd3.jpg,7,0.42854544520378113,0.5524796843528748,0.00594722293317318,0.008654117584228516,0.0011334794107824564
FisheyeCamera_1_00041_png.rf.402d963ad90df5846463e66a301debd3.jpg,0,0.3142394721508026,0.540698766708374,0.009064674377441406,0.008114044554531574,0.001066397177055478
FisheyeCamera_1_00041_png.rf.402d963ad90df5846463e66a301debd3.jpg,0,0.4194512367248535,0.504967987537384,0.007526397705078125,0.006032466888427734,0.0010218730894848704
FisheyeCamera_1_00089_png.rf.3a437fe3f7f2a546183b5ef50bf92eab.jpg,0,0.258132666349411,0.3031158745288849,0.026166383177042007,0.018418679013848305,0.1943005472421646
FisheyeCamera_1_00089_png.rf.3a437fe3f7f2a546183b5ef50bf92eab.jpg,1,0.4411061704158783,0.4907740354537964,0.00855379831045866,0.0060882568359375,0.12422555685043335
FisheyeCamera_1_00089_png.rf.3a437fe3f7f2a546183b5ef50bf92eab.jpg,0,0.26158443093299866,0.3005558252334595,0.026436420157551765,0.018490828573703766,0.101462721824646
FisheyeCamera_1_00089_png.rf.3a437fe3f7f2a546183b5ef50bf92eab.jpg,7,0.31106826663017273,0.5393388271331787,0.009673393331468105,0.010596752166748047,0.04337190091609955
FisheyeCamera_1_00089_png.rf.3a437fe3f7f2a546183b5ef50bf92eab.jpg,1,0.4363205134868622,0.49048712849617004,0.010587985627353191,0.006618793122470379,0.039637915790081024
FisheyeCamera_1_00089_png.rf.3a437fe3f7f2a546183b5ef50bf92eab.jpg,1,0.29797032475471497,0.2972324788570404,0.017616180703043938,0.011647114530205727,0.02786528505384922
FisheyeCamera_1_00089_png.rf.3a437fe3f7f2a546183b5ef50bf92eab.jpg,0,0.25335776805877686,0.3061772584915161,0.02838769368827343,0.017071614041924477,0.025160104036331177
FisheyeCamera_1_00089_png.rf.3a437fe3f7f2a546183b5ef50bf92eab.jpg,1,0.37824776768684387,0.5471742153167725,0.006236002780497074,0.007822293788194656,0.018551044166088104
FisheyeCamera_1_00089_png.rf.3a437fe3f7f2a546183b5ef50bf92eab.jpg,1,0.2622593641281128,0.2992127537727356,0.027638159692287445,0.021558579057455063,0.01559644564986229
FisheyeCamera_1_00089_png.rf.3a437fe3f7f2a546183b5ef50bf92eab.jpg,0,0.27818238735198975,0.5212434530258179,0.00887359119951725,0.009565720334649086,0.00842833798378706
FisheyeCamera_1_00089_png.rf.3a437fe3f7f2a546183b5ef50bf92eab.jpg,7,0.3133828043937683,0.5397865176200867,0.010748753324151039,0.011418635956943035,0.006468476727604866
FisheyeCamera_1_00089_png.rf.3a437fe3f7f2a546183b5ef50bf92eab.jpg,0,0.6807990670204163,0.48615187406539917,0.00831332616508007,0.010422119870781898,0.005687823984771967
FisheyeCamera_1_00089_png.rf.3a437fe3f7f2a546183b5ef50bf92eab.jpg,1,0.4425012469291687,0.48712050914764404,0.007371315732598305,0.011831357143819332,0.002616790821775794
FisheyeCamera_1_00089_png.rf.3a437fe3f7f2a546183b5ef50bf92eab.jpg,0,0.47212398052215576,0.49526455998420715,0.6366256475448608,0.9848347902297974,0.00207662396132946
FisheyeCamera_1_00089_png.rf.3a437fe3f7f2a546183b5ef50bf92eab.jpg,0,0.2430841326713562,0.3135985732078552,0.02812880650162697,0.0149381710216403,0.0013636889634653926
FisheyeCamera_1_00089_png.rf.3a437fe3f7f2a546183b5ef50bf92eab.jpg,0,0.4804399311542511,0.5539646148681641,0.0083009647205472,0.01686345599591732,0.0013373004039749503
FisheyeCamera_1_00089_png.rf.3a437fe3f7f2a546183b5ef50bf92eab.jpg,1,0.4513115882873535,0.49034595489501953,0.01044464111328125,0.007445812225341797,0.0012203400256112218
FisheyeCamera_1_00089_png.rf.3a437fe3f7f2a546183b5ef50bf92eab.jpg,1,0.4069925546646118,0.4912547469139099,0.003977005369961262,0.005680854432284832,0.0011917969677597284
FisheyeCamera_1_00095_png.rf.7339640275f9c4483536f89fb2c815e0.jpg,1,0.43129152059555054,0.4825679659843445,0.007636840455234051,0.0049175117164850235,0.37952861189842224
FisheyeCamera_1_00095_png.rf.7339640275f9c4483536f89fb2c815e0.jpg,7,0.26998457312583923,0.5351404547691345,0.009356388822197914,0.014999132603406906,0.2639126181602478
FisheyeCamera_1_00095_png.rf.7339640275f9c4483536f89fb2c815e0.jpg,0,0.4790492057800293,0.5549718737602234,0.008362183347344398,0.016580361872911453,0.009183401241898537
FisheyeCamera_1_00095_png.rf.7339640275f9c4483536f89fb2c815e0.jpg,1,0.43815183639526367,0.48305028676986694,0.012631049379706383,0.0069270869717001915,0.003602416720241308
FisheyeCamera_1_00095_png.rf.7339640275f9c4483536f89fb2c815e0.jpg,7,0.37311282753944397,0.5462079644203186,0.008961200714111328,0.007566231768578291,0.0014213420217856765
FisheyeCamera_1_00095_png.rf.7339640275f9c4483536f89fb2c815e0.jpg,0,0.4388967752456665,0.4816991686820984,0.7684741616249084,0.9633983373641968,0.0012097324943169951
FisheyeCamera_1_00097_png.rf.fb72097a4038b905024bea71b14c1434.jpg,7,0.25244683027267456,0.5331071019172668,0.009383018128573895,0.016751693561673164,0.4606703519821167
FisheyeCamera_1_00097_png.rf.fb72097a4038b905024bea71b14c1434.jpg,1,0.42722785472869873,0.4783511459827423,0.009219536557793617,0.006414339877665043,0.36522817611694336
FisheyeCamera_1_00097_png.rf.fb72097a4038b905024bea71b14c1434.jpg,1,0.4248415231704712,0.4778934121131897,0.012223427183926105,0.007037162780761719,0.02515191212296486
FisheyeCamera_1_00097_png.rf.fb72097a4038b905024bea71b14c1434.jpg,1,0.4270896315574646,0.4749356806278229,0.00972480047494173,0.012469585053622723,0.01578342728316784
FisheyeCamera_1_00097_png.rf.fb72097a4038b905024bea71b14c1434.jpg,0,0.478254497051239,0.5552905201911926,0.007778754457831383,0.01754283905029297,0.009549453854560852
FisheyeCamera_1_00097_png.rf.fb72097a4038b905024bea71b14c1434.jpg,4,0.3162255585193634,0.5437517762184143,0.006002242676913738,0.007293407805263996,0.005296041257679462
FisheyeCamera_1_00097_png.rf.fb72097a4038b905024bea71b14c1434.jpg,1,0.37212854623794556,0.5455993413925171,0.00731215113773942,0.00642644427716732,0.0015500388108193874
FisheyeCamera_1_00097_png.rf.fb72097a4038b905024bea71b14c1434.jpg,1,0.46370917558670044,0.5194547176361084,0.010721023194491863,0.007113456726074219,0.001140024745836854
FisheyeCamera_1_00098_png.rf.937d582ee38fb9c9007c37c872df3176.jpg,7,0.2427653670310974,0.5318969488143921,0.008929693140089512,0.01732749119400978,0.5716918110847473
FisheyeCamera_1_00098_png.rf.937d582ee38fb9c9007c37c872df3176.jpg,1,0.4266969561576843,0.47752058506011963,0.00993083044886589,0.007508094422519207,0.11269676685333252
FisheyeCamera_1_00098_png.rf.937d582ee38fb9c9007c37c872df3176.jpg,1,0.42415422201156616,0.4773626923561096,0.01098365057259798,0.007810115814208984,0.066346175968647
FisheyeCamera_1_00098_png.rf.937d582ee38fb9c9007c37c872df3176.jpg,1,0.4264165461063385,0.4739471673965454,0.01038360595703125,0.010451500304043293,0.03565456345677376
FisheyeCamera_1_00098_png.rf.937d582ee38fb9c9007c37c872df3176.jpg,0,0.47881487011909485,0.5548930168151855,0.008410637266933918,0.0177005622535944,0.0026373895816504955
FisheyeCamera_1_00098_png.rf.937d582ee38fb9c9007c37c872df3176.jpg,1,0.39007994532585144,0.4778878092765808,0.007921328768134117,0.00703503517434001,0.0022561452351510525
FisheyeCamera_1_00098_png.rf.937d582ee38fb9c9007c37c872df3176.jpg,1,0.3711584210395813,0.5458566546440125,0.005786235444247723,0.00611187843605876,0.0013969975989311934
FisheyeCamera_1_00098_png.rf.937d582ee38fb9c9007c37c872df3176.jpg,4,0.31600335240364075,0.5449829697608948,0.006433560512959957,0.006603240966796875,0.0011450115125626326
FisheyeCamera_1_00100_png.rf.683a106328c4647fb8dcd00c1c2af90f.jpg,1,0.4238937199115753,0.4720296859741211,0.011378398165106773,0.0068759918212890625,0.47129085659980774
FisheyeCamera_1_00100_png.rf.683a106328c4647fb8dcd00c1c2af90f.jpg,7,0.2210765779018402,0.5287982821464539,0.009979614987969398,0.01900959014892578,0.4214414656162262
FisheyeCamera_1_00100_png.rf.683a106328c4647fb8dcd00c1c2af90f.jpg,1,0.42409294843673706,0.47517240047454834,0.011322021484375,0.012168517336249352,0.014371983706951141
FisheyeCamera_1_00100_png.rf.683a106328c4647fb8dcd00c1c2af90f.jpg,1,0.38271695375442505,0.4701959192752838,0.005203540436923504,0.003909881226718426,0.0025475090369582176
FisheyeCamera_1_00104_png.rf.4b7fdfa8ad94152180492a204dfd629d.jpg,4,0.36018720269203186,0.5253198742866516,0.02787560597062111,0.03800392150878906,0.3650863468647003
FisheyeCamera_1_00104_png.rf.4b7fdfa8ad94152180492a204dfd629d.jpg,9,0.36032092571258545,0.525356650352478,0.027861008420586586,0.03748541697859764,0.22390487790107727
FisheyeCamera_1_00104_png.rf.4b7fdfa8ad94152180492a204dfd629d.jpg,11,0.36059901118278503,0.5249072909355164,0.029100418090820312,0.03817536309361458,0.11910966783761978
FisheyeCamera_1_00104_png.rf.4b7fdfa8ad94152180492a204dfd629d.jpg,2,0.7124585509300232,0.5339882373809814,0.012920746579766273,0.01851940155029297,0.11079699546098709
FisheyeCamera_1_00104_png.rf.4b7fdfa8ad94152180492a204dfd629d.jpg,12,0.595865786075592,0.5465255975723267,0.005528450012207031,0.009441559202969074,0.056450553238391876
FisheyeCamera_1_00104_png.rf.4b7fdfa8ad94152180492a204dfd629d.jpg,11,0.453220009803772,0.5469602346420288,0.008895103819668293,0.014437749050557613,0.03583748638629913
FisheyeCamera_1_00104_png.rf.4b7fdfa8ad94152180492a204dfd629d.jpg,12,0.5329319834709167,0.5522242188453674,0.005295386537909508,0.009856407530605793,0.029054783284664154
FisheyeCamera_1_00104_png.rf.4b7fdfa8ad94152180492a204dfd629d.jpg,12,0.5329244136810303,0.5494635105133057,0.00446712039411068,0.012010574340820312,0.001824076403863728
FisheyeCamera_1_00142_png.rf.def6aeee07cff082ea33cd3d659e7024.jpg,9,0.5969296097755432,0.5440874695777893,0.006709098815917969,0.012425019405782223,0.7345184683799744
FisheyeCamera_1_00142_png.rf.def6aeee07cff082ea33cd3d659e7024.jpg,9,0.5641639232635498,0.5477750301361084,0.009210183285176754,0.008969783782958984,0.08042378723621368
FisheyeCamera_1_00142_png.rf.def6aeee07cff082ea33cd3d659e7024.jpg,9,0.6229819059371948,0.5436310768127441,0.008497018367052078,0.011906256899237633,0.05831422656774521
FisheyeCamera_1_00142_png.rf.def6aeee07cff082ea33cd3d659e7024.jpg,1,0.4831915497779846,0.5166999697685242,0.0056171417236328125,0.004706309176981449,0.01706630177795887
FisheyeCamera_1_00142_png.rf.def6aeee07cff082ea33cd3d659e7024.jpg,1,0.4538555443286896,0.5183110237121582,0.005939777009189129,0.0035040928050875664,0.01574947126209736
FisheyeCamera_1_00142_png.rf.def6aeee07cff082ea33cd3d659e7024.jpg,0,0.5616056323051453,0.5483624935150146,0.010725755244493484,0.009734997525811195,0.014740049839019775
FisheyeCamera_1_00142_png.rf.def6aeee07cff082ea33cd3d659e7024.jpg,9,0.6002184748649597,0.5433080792427063,0.01206471398472786,0.012630462646484375,0.012245415709912777
FisheyeCamera_1_00142_png.rf.def6aeee07cff082ea33cd3d659e7024.jpg,7,0.5644591450691223,0.5499578714370728,0.008632476441562176,0.012660980224609375,0.00835147313773632
FisheyeCamera_1_00142_png.rf.def6aeee07cff082ea33cd3d659e7024.jpg,1,0.46540820598602295,0.5170495510101318,0.00809229351580143,0.004177937284111977,0.007152220234274864
FisheyeCamera_1_00142_png.rf.def6aeee07cff082ea33cd3d659e7024.jpg,12,0.3447889983654022,0.5430104732513428,0.0061817169189453125,0.010264873504638672,0.005421219859272242
FisheyeCamera_1_00142_png.rf.def6aeee07cff082ea33cd3d659e7024.jpg,1,0.44812262058258057,0.5193443894386292,0.009600529447197914,0.004824087955057621,0.0021633252035826445
FisheyeCamera_1_00142_png.rf.def6aeee07cff082ea33cd3d659e7024.jpg,9,0.6266117691993713,0.5434449911117554,0.009290548041462898,0.010461733676493168,0.002086366293951869
FisheyeCamera_1_00142_png.rf.def6aeee07cff082ea33cd3d659e7024.jpg,10,0.46737104654312134,0.5520344376564026,0.016069961711764336,0.02741157077252865,0.0020185287576168776
FisheyeCamera_1_00142_png.rf.def6aeee07cff082ea33cd3d659e7024.jpg,1,0.4906015694141388,0.5190176367759705,0.007251152768731117,0.0032404018566012383,0.001556276809424162
FisheyeCamera_1_00142_png.rf.def6aeee07cff082ea33cd3d659e7024.jpg,1,0.5971133708953857,0.5408640503883362,0.007438953034579754,0.01937979832291603,0.0014068767195567489
FisheyeCamera_1_00150_png.rf.59de5a3cfa738990cf21ba7d18b79444.jpg,4,0.36335474252700806,0.52945876121521,0.02083202451467514,0.02919732592999935,0.3924044370651245
FisheyeCamera_1_00150_png.rf.59de5a3cfa738990cf21ba7d18b79444.jpg,12,0.5320514440536499,0.5481396317481995,0.0060321735218167305,0.010211394168436527,0.2971833348274231
FisheyeCamera_1_00150_png.rf.59de5a3cfa738990cf21ba7d18b79444.jpg,13,0.36358481645584106,0.5297631025314331,0.02112949825823307,0.0300441887229681,0.1344391256570816
FisheyeCamera_1_00150_png.rf.59de5a3cfa738990cf21ba7d18b79444.jpg,5,0.3635702133178711,0.529999852180481,0.02133864536881447,0.03019094467163086,0.0831315889954567
FisheyeCamera_1_00150_png.rf.59de5a3cfa738990cf21ba7d18b79444.jpg,11,0.4045673608779907,0.5450107455253601,0.007280166260898113,0.012263884767889977,0.07229810208082199
FisheyeCamera_1_00150_png.rf.59de5a3cfa738990cf21ba7d18b79444.jpg,2,0.6155725121498108,0.5427653789520264,0.008458614349365234,0.014132206328213215,0.011337460950016975
FisheyeCamera_1_00150_png.rf.59de5a3cfa738990cf21ba7d18b79444.jpg,12,0.4439162611961365,0.5495745539665222,0.0058452533558011055,0.011926870793104172,0.011244868859648705
FisheyeCamera_1_00151_png.rf.ff1355b3e842019c0228380552ea0c2c.jpg,4,0.353737473487854,0.5278181433677673,0.023143071681261063,0.03040427342057228,0.47452107071876526
FisheyeCamera_1_00151_png.rf.ff1355b3e842019c0228380552ea0c2c.jpg,9,0.4033704102039337,0.544797420501709,0.008290584199130535,0.014284133911132812,0.47066280245780945
FisheyeCamera_1_00151_png.rf.ff1355b3e842019c0228380552ea0c2c.jpg,12,0.4459415674209595,0.549181342124939,0.005136306397616863,0.011134147644042969,0.063933365046978
FisheyeCamera_1_00151_png.rf.ff1355b3e842019c0228380552ea0c2c.jpg,12,0.6218997240066528,0.5419977903366089,0.009742150083184242,0.013593306764960289,0.049862876534461975
FisheyeCamera_1_00151_png.rf.ff1355b3e842019c0228380552ea0c2c.jpg,12,0.5343480110168457,0.5483909845352173,0.006485939025878906,0.010410712100565434,0.03293140232563019
FisheyeCamera_1_00151_png.rf.ff1355b3e842019c0228380552ea0c2c.jpg,5,0.35374340415000916,0.5292333960533142,0.02425791695713997,0.0312078557908535,0.031644877046346664
FisheyeCamera_1_00151_png.rf.ff1355b3e842019c0228380552ea0c2c.jpg,3,0.355347216129303,0.5274102687835693,0.027158517390489578,0.029516110196709633,0.003963444381952286
FisheyeCamera_1_00151_png.rf.ff1355b3e842019c0228380552ea0c2c.jpg,13,0.3557346761226654,0.5275809168815613,0.026549633592367172,0.029794765636324883,0.0011182123562321067
FisheyeCamera_1_00153_png.rf.19444df592470cf02432f62dfd784f12.jpg,9,0.585808277130127,0.5449917912483215,0.009197602048516273,0.012002174742519855,0.6968047618865967
FisheyeCamera_1_00153_png.rf.19444df592470cf02432f62dfd784f12.jpg,9,0.6634421944618225,0.534896194934845,0.013775678351521492,0.02327108383178711,0.6602455377578735
FisheyeCamera_1_00153_png.rf.19444df592470cf02432f62dfd784f12.jpg,1,0.4529886245727539,0.5153595805168152,0.00734710693359375,0.006905922666192055,0.07226691395044327
FisheyeCamera_1_00153_png.rf.19444df592470cf02432f62dfd784f12.jpg,1,0.48092252016067505,0.5105077028274536,0.0043621063232421875,0.008557796478271484,0.019813865423202515
FisheyeCamera_1_00153_png.rf.19444df592470cf02432f62dfd784f12.jpg,1,0.48252713680267334,0.5142906904220581,0.004707519896328449,0.00893383752554655,0.019204512238502502
FisheyeCamera_1_00153_png.rf.19444df592470cf02432f62dfd784f12.jpg,1,0.44690996408462524,0.5162753462791443,0.007752821780741215,0.0054767681285738945,0.016544314101338387
FisheyeCamera_1_00153_png.rf.19444df592470cf02432f62dfd784f12.jpg,10,0.46507853269577026,0.5494127869606018,0.012650196440517902,0.028083983808755875,0.006174206733703613
FisheyeCamera_1_00153_png.rf.19444df592470cf02432f62dfd784f12.jpg,1,0.4534403681755066,0.5099690556526184,0.0061991033144295216,0.007922356016933918,0.004816872533410788
FisheyeCamera_1_00153_png.rf.19444df592470cf02432f62dfd784f12.jpg,1,0.4676101505756378,0.513855516910553,0.007478310726583004,0.009807953611016273,0.003984886687248945
FisheyeCamera_1_00153_png.rf.19444df592470cf02432f62dfd784f12.jpg,9,0.6854425668716431,0.5388665199279785,0.009014936164021492,0.01571141742169857,0.0035355014260858297
FisheyeCamera_1_00153_png.rf.19444df592470cf02432f62dfd784f12.jpg,0,0.5515297651290894,0.5207812786102295,0.009634604677557945,0.005750179290771484,0.0028894394636154175
FisheyeCamera_1_00153_png.rf.19444df592470cf02432f62dfd784f12.jpg,1,0.49089616537094116,0.5158096551895142,0.0068401554599404335,0.006190483458340168,0.002478303387761116
FisheyeCamera_1_00153_png.rf.19444df592470cf02432f62dfd784f12.jpg,1,0.469129741191864,0.5101565718650818,0.004976639524102211,0.007902328856289387,0.0014824132667854428
FisheyeCamera_1_00153_png.rf.19444df592470cf02432f62dfd784f12.jpg,1,0.4888744652271271,0.5106149315834045,0.010126333683729172,0.008971874602138996,0.001463528024032712
FisheyeCamera_1_00153_png.rf.19444df592470cf02432f62dfd784f12.jpg,12,0.33472082018852234,0.5416944026947021,0.007067203521728516,0.008526618592441082,0.001115985563956201
FisheyeCamera_1_00154_png.rf.be661e0bba8aead34dbcded1d4e5b260.jpg,9,0.5893842577934265,0.5450837016105652,0.009111330844461918,0.01374031975865364,0.8557140231132507
FisheyeCamera_1_00154_png.rf.be661e0bba8aead34dbcded1d4e5b260.jpg,9,0.6732988357543945,0.5327743291854858,0.014274303801357746,0.023243609815835953,0.42118915915489197
FisheyeCamera_1_00154_png.rf.be661e0bba8aead34dbcded1d4e5b260.jpg,1,0.4828769862651825,0.5142590999603271,0.004984378814697266,0.009003822691738605,0.030840475112199783
FisheyeCamera_1_00154_png.rf.be661e0bba8aead34dbcded1d4e5b260.jpg,1,0.48188525438308716,0.5107439756393433,0.004837879911065102,0.009040465578436852,0.019261667504906654
FisheyeCamera_1_00154_png.rf.be661e0bba8aead34dbcded1d4e5b260.jpg,0,0.4520074725151062,0.5155043005943298,0.009377699345350266,0.006916816346347332,0.014010164886713028
FisheyeCamera_1_00154_png.rf.be661e0bba8aead34dbcded1d4e5b260.jpg,0,0.4684600830078125,0.5139239430427551,0.009087452664971352,0.009688927792012691,0.0049888575449585915
FisheyeCamera_1_00154_png.rf.be661e0bba8aead34dbcded1d4e5b260.jpg,1,0.49115049839019775,0.5160571932792664,0.006433303467929363,0.0057909307070076466,0.0037920682225376368
FisheyeCamera_1_00154_png.rf.be661e0bba8aead34dbcded1d4e5b260.jpg,11,0.6934877634048462,0.5371522307395935,0.012307753786444664,0.018269356340169907,0.0027038995176553726
FisheyeCamera_1_00154_png.rf.be661e0bba8aead34dbcded1d4e5b260.jpg,9,0.6912174224853516,0.5364996194839478,0.01666736602783203,0.020568665117025375,0.0026427460834383965
FisheyeCamera_1_00154_png.rf.be661e0bba8aead34dbcded1d4e5b260.jpg,0,0.4467247426509857,0.5167116522789001,0.007758433930575848,0.005434146150946617,0.0012888690689578652
FisheyeCamera_1_00154_png.rf.be661e0bba8aead34dbcded1d4e5b260.jpg,1,0.48858964443206787,0.511104941368103,0.01070899236947298,0.009967620484530926,0.0012608476681634784
FisheyeCamera_1_00154_png.rf.be661e0bba8aead34dbcded1d4e5b260.jpg,1,0.4529082179069519,0.5094897150993347,0.0073545160703361034,0.007376450579613447,0.001142201479524374
FisheyeCamera_1_00154_png.rf.be661e0bba8aead34dbcded1d4e5b260.jpg,10,0.46465522050857544,0.5492310523986816,0.011953170411288738,0.0281520988792181,0.0010850266553461552
FisheyeCamera_1_00194_png.rf.21c8dbe947c18776eaab4e5caec1585b.jpg,1,0.3545147478580475,0.48344123363494873,0.008190155029296875,0.005415916442871094,0.3989144563674927
FisheyeCamera_1_00194_png.rf.21c8dbe947c18776eaab4e5caec1585b.jpg,10,0.31656092405319214,0.5478678345680237,0.009675612673163414,0.01698930375277996,0.11118555068969727
FisheyeCamera_1_00194_png.rf.21c8dbe947c18776eaab4e5caec1585b.jpg,1,0.32033810019493103,0.48172056674957275,0.007646083831787109,0.006956650875508785,0.10291550308465958
FisheyeCamera_1_00194_png.rf.21c8dbe947c18776eaab4e5caec1585b.jpg,10,0.3114137649536133,0.5447499752044678,0.010827045887708664,0.010316738858819008,0.05403663218021393
FisheyeCamera_1_00194_png.rf.21c8dbe947c18776eaab4e5caec1585b.jpg,0,0.34990546107292175,0.48330914974212646,0.012395601719617844,0.005037491209805012,0.03444291278719902
FisheyeCamera_1_00194_png.rf.21c8dbe947c18776eaab4e5caec1585b.jpg,1,0.31847330927848816,0.48903921246528625,0.008143975399434566,0.00959282647818327,0.03005245327949524
FisheyeCamera_1_00194_png.rf.21c8dbe947c18776eaab4e5caec1585b.jpg,0,0.2895898222923279,0.5172600150108337,0.00926703680306673,0.012189681641757488,0.024519717320799828
FisheyeCamera_1_00194_png.rf.21c8dbe947c18776eaab4e5caec1585b.jpg,0,0.2868761420249939,0.5160194635391235,0.011405174620449543,0.010235309600830078,0.021101098507642746
FisheyeCamera_1_00194_png.rf.21c8dbe947c18776eaab4e5caec1585b.jpg,0,0.41785913705825806,0.5214662551879883,0.006995201110839844,0.01082361675798893,0.020339250564575195
FisheyeCamera_1_00194_png.rf.21c8dbe947c18776eaab4e5caec1585b.jpg,10,0.3102458119392395,0.5321028828620911,0.008837791159749031,0.008514881134033203,0.018221667036414146
FisheyeCamera_1_00194_png.rf.21c8dbe947c18776eaab4e5caec1585b.jpg,1,0.32534152269363403,0.4811953008174896,0.01182431448251009,0.005692298524081707,0.008173830807209015
FisheyeCamera_1_00194_png.rf.21c8dbe947c18776eaab4e5caec1585b.jpg,0,0.2908060848712921,0.4920113682746887,0.008586736395955086,0.005927562713623047,0.006485076621174812
FisheyeCamera_1_00194_png.rf.21c8dbe947c18776eaab4e5caec1585b.jpg,10,0.31559687852859497,0.5339200496673584,0.008490562438964844,0.00865441095083952,0.005527912173420191
FisheyeCamera_1_00194_png.rf.21c8dbe947c18776eaab4e5caec1585b.jpg,1,0.36232200264930725,0.48401832580566406,0.013292936608195305,0.006705284118652344,0.0054426733404397964
FisheyeCamera_1_00194_png.rf.21c8dbe947c18776eaab4e5caec1585b.jpg,0,0.2901405692100525,0.5132642984390259,0.009235088713467121,0.01571768894791603,0.003940045367926359
FisheyeCamera_1_00194_png.rf.21c8dbe947c18776eaab4e5caec1585b.jpg,1,0.30610164999961853,0.48214060068130493,0.0077274213545024395,0.008063499815762043,0.00307229976169765
FisheyeCamera_1_00194_png.rf.21c8dbe947c18776eaab4e5caec1585b.jpg,1,0.30701273679733276,0.48946958780288696,0.006122240796685219,0.008725166320800781,0.002942355116829276
FisheyeCamera_1_00194_png.rf.21c8dbe947c18776eaab4e5caec1585b.jpg,0,0.4214453399181366,0.5134862661361694,0.008191805332899094,0.016465554013848305,0.0022973171435296535
FisheyeCamera_1_00194_png.rf.21c8dbe947c18776eaab4e5caec1585b.jpg,1,0.2940419018268585,0.4839949607849121,0.00616455078125,0.00729619525372982,0.002286589005962014
FisheyeCamera_1_00194_png.rf.21c8dbe947c18776eaab4e5caec1585b.jpg,0,0.2861582338809967,0.4923959970474243,0.009954654611647129,0.00581877026706934,0.0018304599216207862
FisheyeCamera_1_00194_png.rf.21c8dbe947c18776eaab4e5caec1585b.jpg,0,0.2864702045917511,0.5119869709014893,0.010619787499308586,0.014645576477050781,0.001510791014879942
FisheyeCamera_1_00194_png.rf.21c8dbe947c18776eaab4e5caec1585b.jpg,9,0.2561681270599365,0.5355477929115295,0.005493347533047199,0.010820388793945312,0.0011576556134968996
FisheyeCamera_1_00195_png.rf.c958e21bb68e76adac7817623d7c1f75.jpg,0,0.4626079797744751,0.38234835863113403,0.022403534501791,0.013385515660047531,0.6339595317840576
FisheyeCamera_1_00195_png.rf.c958e21bb68e76adac7817623d7c1f75.jpg,0,0.5529733896255493,0.3984518349170685,0.019244376569986343,0.013028731569647789,0.4194871187210083
FisheyeCamera_1_00195_png.rf.c958e21bb68e76adac7817623d7c1f75.jpg,9,0.7670891284942627,0.5253018140792847,0.015946974977850914,0.02527897246181965,0.07603855431079865
FisheyeCamera_1_00195_png.rf.c958e21bb68e76adac7817623d7c1f75.jpg,5,0.767103910446167,0.525490403175354,0.01611577533185482,0.02477378025650978,0.01482013612985611
FisheyeCamera_1_00195_png.rf.c958e21bb68e76adac7817623d7c1f75.jpg,0,0.4608968496322632,0.378304123878479,0.0260776374489069,0.02278984524309635,0.01039705891162157
FisheyeCamera_1_00195_png.rf.c958e21bb68e76adac7817623d7c1f75.jpg,0,0.45643842220306396,0.3810504376888275,0.034644126892089844,0.014305701479315758,0.009495382197201252
FisheyeCamera_1_00195_png.rf.c958e21bb68e76adac7817623d7c1f75.jpg,0,0.4319741129875183,0.3798309564590454,0.02738666534423828,0.011230945587158203,0.008383148349821568
FisheyeCamera_1_00195_png.rf.c958e21bb68e76adac7817623d7c1f75.jpg,1,0.4296356439590454,0.4722975492477417,0.0068424297496676445,0.007239341735839844,0.0010942363878712058
FisheyeCamera_1_00202_png.rf.ee30ccd577d5cfc9c2f6c16edaeacdf2.jpg,0,0.6388442516326904,0.32971346378326416,0.026231398805975914,0.017082324251532555,0.6980750560760498
FisheyeCamera_1_00202_png.rf.ee30ccd577d5cfc9c2f6c16edaeacdf2.jpg,0,0.5106431841850281,0.30233317613601685,0.03263876959681511,0.021426916122436523,0.6454176306724548
FisheyeCamera_1_00202_png.rf.ee30ccd577d5cfc9c2f6c16edaeacdf2.jpg,1,0.5334781408309937,0.4636738896369934,0.012689773924648762,0.010204718448221684,0.018107285723090172
FisheyeCamera_1_00202_png.rf.ee30ccd577d5cfc9c2f6c16edaeacdf2.jpg,1,0.47686368227005005,0.4595668613910675,0.010708808898925781,0.0073749469593167305,0.016406957060098648
FisheyeCamera_1_00202_png.rf.ee30ccd577d5cfc9c2f6c16edaeacdf2.jpg,0,0.4947410821914673,0.29619312286376953,0.05117368698120117,0.028865447267889977,0.01297918614000082
FisheyeCamera_1_00202_png.rf.ee30ccd577d5cfc9c2f6c16edaeacdf2.jpg,0,0.49493101239204407,0.3019288182258606,0.049734003841876984,0.01814822107553482,0.009149758145213127
FisheyeCamera_1_00202_png.rf.ee30ccd577d5cfc9c2f6c16edaeacdf2.jpg,0,0.5142560601234436,0.30116957426071167,0.04175996780395508,0.029020491987466812,0.007043519988656044
FisheyeCamera_1_00202_png.rf.ee30ccd577d5cfc9c2f6c16edaeacdf2.jpg,0,0.633078932762146,0.3283926844596863,0.03339114412665367,0.014390871860086918,0.0066873785108327866
FisheyeCamera_1_00202_png.rf.ee30ccd577d5cfc9c2f6c16edaeacdf2.jpg,0,0.5091336369514465,0.30582284927368164,0.035667236894369125,0.03391992300748825,0.006274381186813116
FisheyeCamera_1_00202_png.rf.ee30ccd577d5cfc9c2f6c16edaeacdf2.jpg,0,0.5086018443107605,0.29141876101493835,0.026561956852674484,0.040228016674518585,0.003173788310959935
FisheyeCamera_1_00202_png.rf.ee30ccd577d5cfc9c2f6c16edaeacdf2.jpg,0,0.502571165561676,0.2886176109313965,0.02605694904923439,0.045500095933675766,0.0029823030345141888
FisheyeCamera_1_00202_png.rf.ee30ccd577d5cfc9c2f6c16edaeacdf2.jpg,0,0.6382068991661072,0.33638623356819153,0.029068946838378906,0.03112899325788021,0.0016192997572943568
FisheyeCamera_1_00204_png.rf.19edfa32d48b66e0365f54c7325dcbd4.jpg,0,0.5279480814933777,0.2654182016849518,0.03626515343785286,0.024146465584635735,0.6926077008247375
FisheyeCamera_1_00204_png.rf.19edfa32d48b66e0365f54c7325dcbd4.jpg,0,0.6722154021263123,0.29810383915901184,0.031181849539279938,0.018505720421671867,0.5567886829376221
FisheyeCamera_1_00204_png.rf.19edfa32d48b66e0365f54c7325dcbd4.jpg,1,0.49449899792671204,0.45459210872650146,0.011287285946309566,0.007301147095859051,0.047919780015945435
FisheyeCamera_1_00204_png.rf.19edfa32d48b66e0365f54c7325dcbd4.jpg,0,0.6570762395858765,0.2932572066783905,0.06329932808876038,0.018361806869506836,0.022729113698005676
FisheyeCamera_1_00204_png.rf.19edfa32d48b66e0365f54c7325dcbd4.jpg,1,0.5520673990249634,0.45769163966178894,0.011911575682461262,0.007961456663906574,0.0195061843842268
FisheyeCamera_1_00204_png.rf.19edfa32d48b66e0365f54c7325dcbd4.jpg,0,0.5252780914306641,0.25566768646240234,0.02458953857421875,0.04031581059098244,0.017760789021849632
FisheyeCamera_1_00204_png.rf.19edfa32d48b66e0365f54c7325dcbd4.jpg,0,0.6692361235618591,0.2866610288619995,0.037443969398736954,0.03792361170053482,0.013688904233276844
FisheyeCamera_1_00204_png.rf.19edfa32d48b66e0365f54c7325dcbd4.jpg,0,0.6725226044654846,0.31878307461738586,0.03506528586149216,0.06280321627855301,0.004768442362546921
FisheyeCamera_1_00204_png.rf.19edfa32d48b66e0365f54c7325dcbd4.jpg,0,0.5698303580284119,0.27850356698036194,0.023355593904852867,0.009984401986002922,0.00433764886111021
FisheyeCamera_1_00204_png.rf.19edfa32d48b66e0365f54c7325dcbd4.jpg,0,0.6757017970085144,0.29778438806533813,0.042568646371364594,0.028081178665161133,0.003153064986690879
FisheyeCamera_1_00204_png.rf.19edfa32d48b66e0365f54c7325dcbd4.jpg,0,0.6553054451942444,0.28086090087890625,0.0675530806183815,0.04142456874251366,0.0019180275266990066
FisheyeCamera_1_00204_png.rf.19edfa32d48b66e0365f54c7325dcbd4.jpg,0,0.5544176697731018,0.2677154242992401,0.032559577375650406,0.02703705243766308,0.0016778518911451101
FisheyeCamera_1_00204_png.rf.19edfa32d48b66e0365f54c7325dcbd4.jpg,0,0.6511479616165161,0.2900705635547638,0.06916786730289459,0.015099911019206047,0.0014858468202874064
FisheyeCamera_1_00211_png.rf.4d937346689834589353be2d154dc924.jpg,0,0.5759204030036926,0.0861177146434784,0.059761449694633484,0.04068247973918915,0.7147189974784851
FisheyeCamera_1_00211_png.rf.4d937346689834589353be2d154dc924.jpg,1,0.5177459716796875,0.4702109694480896,0.012449447996914387,0.007795150391757488,0.4561334550380707
FisheyeCamera_1_00211_png.rf.4d937346689834589353be2d154dc924.jpg,1,0.5884683132171631,0.47358500957489014,0.014183154329657555,0.010083491913974285,0.37309107184410095
FisheyeCamera_1_00211_png.rf.4d937346689834589353be2d154dc924.jpg,0,0.7787735462188721,0.17867153882980347,0.03720555081963539,0.023043394088745117,0.24832472205162048
FisheyeCamera_1_00211_png.rf.4d937346689834589353be2d154dc924.jpg,0,0.7692649364471436,0.1728517860174179,0.05208514258265495,0.019097749143838882,0.002793926279991865
FisheyeCamera_1_00211_png.rf.4d937346689834589353be2d154dc924.jpg,0,0.5720775127410889,0.09588980674743652,0.05569344386458397,0.02453443594276905,0.0019599099177867174
FisheyeCamera_1_00211_png.rf.4d937346689834589353be2d154dc924.jpg,0,0.7818564176559448,0.184188112616539,0.0356958843767643,0.030832676216959953,0.0013284909073263407
FisheyeCamera_1_00211_png.rf.4d937346689834589353be2d154dc924.jpg,1,0.5227782726287842,0.47050780057907104,0.017383025959134102,0.008963658474385738,0.0012024936731904745
FisheyeCamera_1_00211_png.rf.4d937346689834589353be2d154dc924.jpg,0,0.5543189644813538,0.0904397964477539,0.03906022757291794,0.03055206686258316,0.0011298938188701868
FisheyeCamera_1_00211_png.rf.4d937346689834589353be2d154dc924.jpg,1,0.5180267095565796,0.474016010761261,0.014921188354492188,0.014844894409179688,0.0010365976486355066
FisheyeCamera_1_00230_png.rf.0abfb32b639a38aefee3263df7d3733e.jpg,1,0.7169904112815857,0.45361584424972534,0.031026620417833328,0.019683361053466797,0.7659082412719727
FisheyeCamera_1_00230_png.rf.0abfb32b639a38aefee3263df7d3733e.jpg,1,0.5518589615821838,0.439334511756897,0.046029750257730484,0.02531568892300129,0.7261649370193481
FisheyeCamera_1_00230_png.rf.0abfb32b639a38aefee3263df7d3733e.jpg,1,0.6136949062347412,0.4515311121940613,0.014305518008768559,0.009739802218973637,0.016378846019506454
FisheyeCamera_1_00230_png.rf.0abfb32b639a38aefee3263df7d3733e.jpg,1,0.6618646383285522,0.4528818130493164,0.013073774054646492,0.007548038847744465,0.0019625299610197544
FisheyeCamera_1_00230_png.rf.de641278e85b0675e5c4ec40b2fdf74f.jpg,10,0.3125114440917969,0.5244698524475098,0.022160328924655914,0.03752708435058594,0.9226245880126953
FisheyeCamera_1_00230_png.rf.de641278e85b0675e5c4ec40b2fdf74f.jpg,1,0.4351552128791809,0.3763381540775299,0.020845595747232437,0.012349128723144531,0.6071916818618774
FisheyeCamera_1_00230_png.rf.de641278e85b0675e5c4ec40b2fdf74f.jpg,1,0.33827245235443115,0.3801700174808502,0.016892066225409508,0.023244014009833336,0.44991812109947205
FisheyeCamera_1_00230_png.rf.de641278e85b0675e5c4ec40b2fdf74f.jpg,1,0.3375071883201599,0.3848121464252472,0.01941688172519207,0.023040514439344406,0.1456194669008255
FisheyeCamera_1_00230_png.rf.de641278e85b0675e5c4ec40b2fdf74f.jpg,0,0.4988662898540497,0.5103698968887329,0.016360942274332047,0.010596825741231441,0.10032722353935242
FisheyeCamera_1_00230_png.rf.de641278e85b0675e5c4ec40b2fdf74f.jpg,0,0.39076218008995056,0.5263659358024597,0.008837039582431316,0.021960478276014328,0.07316746562719345
FisheyeCamera_1_00230_png.rf.de641278e85b0675e5c4ec40b2fdf74f.jpg,0,0.49781322479248047,0.513874351978302,0.01362342108041048,0.009858314879238605,0.06965141743421555
FisheyeCamera_1_00230_png.rf.de641278e85b0675e5c4ec40b2fdf74f.jpg,0,0.5014895796775818,0.5136911869049072,0.014181027188897133,0.010183921083807945,0.012129496783018112
FisheyeCamera_1_00230_png.rf.de641278e85b0675e5c4ec40b2fdf74f.jpg,1,0.3025093376636505,0.3910420536994934,0.012410659343004227,0.006954486481845379,0.011640633456408978
FisheyeCamera_1_00230_png.rf.de641278e85b0675e5c4ec40b2fdf74f.jpg,0,0.5970238447189331,0.37428078055381775,0.009858718141913414,0.013434557244181633,0.0035955719649791718
FisheyeCamera_1_00230_png.rf.de641278e85b0675e5c4ec40b2fdf74f.jpg,1,0.29855483770370483,0.39172273874282837,0.013844581320881844,0.006995311006903648,0.0027349761221557856
FisheyeCamera_1_00230_png.rf.de641278e85b0675e5c4ec40b2fdf74f.jpg,0,0.5342586040496826,0.506718635559082,0.0075954655185341835,0.0064724041149020195,0.00253240205347538
FisheyeCamera_1_00230_png.rf.de641278e85b0675e5c4ec40b2fdf74f.jpg,0,0.5548456907272339,0.5355694890022278,0.0068096015602350235,0.012162758968770504,0.0024911630898714066
FisheyeCamera_1_00230_png.rf.de641278e85b0675e5c4ec40b2fdf74f.jpg,13,0.6418591737747192,0.5279341340065002,0.0064769890159368515,0.014011089690029621,0.0019926982931792736
FisheyeCamera_1_00230_png.rf.de641278e85b0675e5c4ec40b2fdf74f.jpg,0,0.3133573830127716,0.39122846722602844,0.012434501200914383,0.008917038328945637,0.0014614230021834373
FisheyeCamera_1_00230_png.rf.de641278e85b0675e5c4ec40b2fdf74f.jpg,0,0.5579149127006531,0.5216788053512573,0.007402199786156416,0.009381294250488281,0.0011647208593785763
FisheyeCamera_1_00239_png.rf.d6a3e883bbb92412f2642432771f2d09.jpg,1,0.46241018176078796,0.2550777792930603,0.03534258157014847,0.022714320570230484,0.6802612543106079
FisheyeCamera_1_00239_png.rf.d6a3e883bbb92412f2642432771f2d09.jpg,1,0.3255334198474884,0.2973557114601135,0.02834242954850197,0.01915597915649414,0.552852988243103
FisheyeCamera_1_00239_png.rf.d6a3e883bbb92412f2642432771f2d09.jpg,0,0.5667746663093567,0.5023330450057983,0.01851804368197918,0.010913188569247723,0.5043032169342041
FisheyeCamera_1_00239_png.rf.d6a3e883bbb92412f2642432771f2d09.jpg,0,0.40037691593170166,0.5180654525756836,0.011818042024970055,0.014860739931464195,0.23018242418766022
FisheyeCamera_1_00239_png.rf.d6a3e883bbb92412f2642432771f2d09.jpg,0,0.39931634068489075,0.520531952381134,0.011656724847853184,0.010745231993496418,0.0843123197555542
FisheyeCamera_1_00239_png.rf.d6a3e883bbb92412f2642432771f2d09.jpg,1,0.5180460214614868,0.5462744832038879,0.004315926693379879,0.00894682202488184,0.03235090151429176
FisheyeCamera_1_00239_png.rf.d6a3e883bbb92412f2642432771f2d09.jpg,13,0.38287991285324097,0.5477339625358582,0.005513301119208336,0.008999604731798172,0.0193471796810627
FisheyeCamera_1_00239_png.rf.d6a3e883bbb92412f2642432771f2d09.jpg,1,0.32326653599739075,0.313140869140625,0.02704326994717121,0.053681518882513046,0.016849329695105553
FisheyeCamera_1_00239_png.rf.d6a3e883bbb92412f2642432771f2d09.jpg,1,0.22032326459884644,0.6040294766426086,0.07700509577989578,0.07133608311414719,0.011032897979021072
FisheyeCamera_1_00239_png.rf.d6a3e883bbb92412f2642432771f2d09.jpg,1,0.31994152069091797,0.30125921964645386,0.02993646077811718,0.022650260478258133,0.010187390260398388
FisheyeCamera_1_00239_png.rf.d6a3e883bbb92412f2642432771f2d09.jpg,0,0.6093205809593201,0.4941087067127228,0.007404143922030926,0.004721934907138348,0.00931880809366703
FisheyeCamera_1_00239_png.rf.d6a3e883bbb92412f2642432771f2d09.jpg,0,0.46202927827835083,0.2560751736164093,0.038420677185058594,0.02867845445871353,0.005268883425742388
FisheyeCamera_1_00239_png.rf.d6a3e883bbb92412f2642432771f2d09.jpg,1,0.3094286620616913,0.31362268328666687,0.016570182517170906,0.01657240279018879,0.005097764544188976
FisheyeCamera_1_00239_png.rf.d6a3e883bbb92412f2642432771f2d09.jpg,0,0.5705451369285583,0.501437783241272,0.021629150956869125,0.011004557833075523,0.003408866235986352
FisheyeCamera_1_00239_png.rf.d6a3e883bbb92412f2642432771f2d09.jpg,1,0.5473319292068481,0.25175920128822327,0.015150840394198895,0.009416965767741203,0.003150344593450427
FisheyeCamera_1_00239_png.rf.d6a3e883bbb92412f2642432771f2d09.jpg,14,0.21889543533325195,0.5997400283813477,0.06722921878099442,0.06940742582082748,0.0030088897328823805
FisheyeCamera_1_00239_png.rf.d6a3e883bbb92412f2642432771f2d09.jpg,0,0.3974800705909729,0.5026277303695679,0.010524713434278965,0.03836631774902344,0.002862923312932253
FisheyeCamera_1_00239_png.rf.d6a3e883bbb92412f2642432771f2d09.jpg,0,0.6414690613746643,0.5174193382263184,0.009703049436211586,0.008215537294745445,0.002678640652447939
FisheyeCamera_1_00239_png.rf.d6a3e883bbb92412f2642432771f2d09.jpg,0,0.42875543236732483,0.26825782656669617,0.019748028367757797,0.011735348030924797,0.002481321804225445
FisheyeCamera_1_00239_png.rf.d6a3e883bbb92412f2642432771f2d09.jpg,1,0.3239067494869232,0.29466623067855835,0.023534847423434258,0.028739819303154945,0.0024630411062389612
FisheyeCamera_1_00239_png.rf.d6a3e883bbb92412f2642432771f2d09.jpg,1,0.609754204750061,0.4837493896484375,0.007676784880459309,0.018499191850423813,0.0022402647882699966
FisheyeCamera_1_00239_png.rf.d6a3e883bbb92412f2642432771f2d09.jpg,0,0.6475687623023987,0.5058351159095764,0.011096513830125332,0.005602543242275715,0.0019362615421414375
FisheyeCamera_1_00239_png.rf.d6a3e883bbb92412f2642432771f2d09.jpg,9,0.3478824198246002,0.4889402389526367,0.016012558713555336,0.056923866271972656,0.001925783115439117
FisheyeCamera_1_00239_png.rf.d6a3e883bbb92412f2642432771f2d09.jpg,0,0.40052464604377747,0.5035074949264526,0.011557175777852535,0.03901613503694534,0.0018780134851112962
FisheyeCamera_1_00239_png.rf.d6a3e883bbb92412f2642432771f2d09.jpg,1,0.3330271542072296,0.29810410737991333,0.03241274878382683,0.017645450308918953,0.0014975471422076225
FisheyeCamera_1_00239_png.rf.d6a3e883bbb92412f2642432771f2d09.jpg,0,0.39487630128860474,0.48362043499946594,0.010749523527920246,0.006844043731689453,0.0012167419772595167
FisheyeCamera_1_00257_png.rf.fd48c32db227dac063bcd71340f4f334.jpg,13,0.7709391713142395,0.5354086756706238,0.0061222221702337265,0.010115843266248703,0.7529310584068298
FisheyeCamera_1_00257_png.rf.fd48c32db227dac063bcd71340f4f334.jpg,0,0.751720666885376,0.45429784059524536,0.02662115916609764,0.014844894409179688,0.4488958418369293
FisheyeCamera_1_00257_png.rf.fd48c32db227dac063bcd71340f4f334.jpg,0,0.6956571340560913,0.5309085845947266,0.004416319075971842,0.010051140561699867,0.07835394889116287
FisheyeCamera_1_00257_png.rf.fd48c32db227dac063bcd71340f4f334.jpg,1,0.6222124695777893,0.5408424139022827,0.007000849582254887,0.008889198303222656,0.06379187107086182
FisheyeCamera_1_00257_png.rf.fd48c32db227dac063bcd71340f4f334.jpg,1,0.6264594197273254,0.5398807525634766,0.009584720246493816,0.009486088529229164,0.05861165001988411
FisheyeCamera_1_00257_png.rf.fd48c32db227dac063bcd71340f4f334.jpg,0,0.668860673904419,0.5273300409317017,0.0045474860817193985,0.00921898614615202,0.03826311230659485
FisheyeCamera_1_00257_png.rf.fd48c32db227dac063bcd71340f4f334.jpg,13,0.7750454545021057,0.5351203083992004,0.012499002739787102,0.012161805294454098,0.02094421163201332
FisheyeCamera_1_00257_png.rf.fd48c32db227dac063bcd71340f4f334.jpg,0,0.7018043994903564,0.5307711362838745,0.008935121819376945,0.01163093838840723,0.01571926847100258
FisheyeCamera_1_00257_png.rf.fd48c32db227dac063bcd71340f4f334.jpg,0,0.75663161277771,0.45255810022354126,0.027602562680840492,0.015470504760742188,0.014195462688803673
FisheyeCamera_1_00257_png.rf.fd48c32db227dac063bcd71340f4f334.jpg,0,0.6672270894050598,0.5240787863731384,0.0065997932106256485,0.011978846043348312,0.004553151782602072
FisheyeCamera_1_00257_png.rf.fd48c32db227dac063bcd71340f4f334.jpg,11,0.3714747130870819,0.5397235155105591,0.007848592475056648,0.01521671749651432,0.0029774634167551994
FisheyeCamera_1_00257_png.rf.fd48c32db227dac063bcd71340f4f334.jpg,0,0.681096076965332,0.5322883725166321,0.004994906019419432,0.008085250854492188,0.002030422678217292
FisheyeCamera_1_00257_png.rf.fd48c32db227dac063bcd71340f4f334.jpg,1,0.6226857900619507,0.5379403233528137,0.00791021529585123,0.013558571226894855,0.0018757880898192525
FisheyeCamera_1_00257_png.rf.fd48c32db227dac063bcd71340f4f334.jpg,0,0.6974550485610962,0.5265982747077942,0.007901191711425781,0.017231758683919907,0.001399954897351563
FisheyeCamera_1_00257_png.rf.fd48c32db227dac063bcd71340f4f334.jpg,0,0.540952742099762,0.30153214931488037,0.65972900390625,0.5926570892333984,0.001125770970247686
FisheyeCamera_1_00257_png.rf.fd48c32db227dac063bcd71340f4f334.jpg,9,0.5693945288658142,0.5483430624008179,0.004537765868008137,0.009673705324530602,0.0010414920980110765
FisheyeCamera_1_00282_png.rf.8432bcb7705139cd0bcd1421987aaff7.jpg,13,0.8170900940895081,0.5239035487174988,0.013577094301581383,0.024381857365369797,0.7686821818351746
FisheyeCamera_1_00282_png.rf.8432bcb7705139cd0bcd1421987aaff7.jpg,0,0.5951219797134399,0.527144193649292,0.007921402342617512,0.019327346235513687,0.7149401307106018
FisheyeCamera_1_00282_png.rf.8432bcb7705139cd0bcd1421987aaff7.jpg,1,0.4713329076766968,0.5393929481506348,0.005390937440097332,0.009758582338690758,0.238131582736969
FisheyeCamera_1_00282_png.rf.8432bcb7705139cd0bcd1421987aaff7.jpg,11,0.3837445378303528,0.5461327433586121,0.005866160616278648,0.009106416255235672,0.16828104853630066
FisheyeCamera_1_00282_png.rf.8432bcb7705139cd0bcd1421987aaff7.jpg,0,0.5442871451377869,0.48274457454681396,0.010390758514404297,0.00827770959585905,0.0953821912407875
FisheyeCamera_1_00282_png.rf.8432bcb7705139cd0bcd1421987aaff7.jpg,0,0.5906947255134583,0.5091019868850708,0.008372783660888672,0.013508613221347332,0.013213647529482841
FisheyeCamera_1_00282_png.rf.8432bcb7705139cd0bcd1421987aaff7.jpg,1,0.4526897668838501,0.5420604348182678,0.0074497004970908165,0.006256103515625,0.012448486872017384
FisheyeCamera_1_00282_png.rf.8432bcb7705139cd0bcd1421987aaff7.jpg,0,0.5893486738204956,0.4984286427497864,0.009817123413085938,0.009852592833340168,0.007571269292384386
FisheyeCamera_1_00282_png.rf.8432bcb7705139cd0bcd1421987aaff7.jpg,0,0.555460512638092,0.5336662530899048,0.0059604644775390625,0.008859817869961262,0.005367863457649946
FisheyeCamera_1_00282_png.rf.8432bcb7705139cd0bcd1421987aaff7.jpg,11,0.15242791175842285,0.5177596211433411,0.01173892430961132,0.0214422307908535,0.0033064268063753843
FisheyeCamera_1_00282_png.rf.8432bcb7705139cd0bcd1421987aaff7.jpg,0,0.5498775839805603,0.48270994424819946,0.013314357027411461,0.009738518856465816,0.002918547485023737
FisheyeCamera_1_00282_png.rf.8432bcb7705139cd0bcd1421987aaff7.jpg,1,0.47593963146209717,0.5392516851425171,0.010622024536132812,0.010781655088067055,0.002692789537832141
FisheyeCamera_1_00282_png.rf.8432bcb7705139cd0bcd1421987aaff7.jpg,11,0.3098837435245514,0.5325507521629333,0.00745577085763216,0.013577277772128582,0.002544245682656765
FisheyeCamera_1_00282_png.rf.8432bcb7705139cd0bcd1421987aaff7.jpg,1,0.4483676552772522,0.5433434247970581,0.009274482727050781,0.005173683166503906,0.0017074699280783534
FisheyeCamera_1_00282_png.rf.8432bcb7705139cd0bcd1421987aaff7.jpg,1,0.5721656680107117,0.4673083424568176,0.014547567814588547,0.011948035098612309,0.0016137725906446576
FisheyeCamera_1_00282_png.rf.8432bcb7705139cd0bcd1421987aaff7.jpg,0,0.5419145226478577,0.5209518671035767,0.011355400085449219,0.008999641053378582,0.0014435654738917947
FisheyeCamera_1_00282_png.rf.8432bcb7705139cd0bcd1421987aaff7.jpg,0,0.5451019406318665,0.4766031503677368,0.010874748229980469,0.018969131633639336,0.0011929514585062861
FisheyeCamera_1_00282_png.rf.8432bcb7705139cd0bcd1421987aaff7.jpg,0,0.5579933524131775,0.5408262014389038,0.004498298279941082,0.012101760134100914,0.001186527544632554
FisheyeCamera_1_00283_png.rf.e88cf39eb00a52dfcceb2fcfddf89260.jpg,13,0.8298631906509399,0.5209541320800781,0.014061341062188148,0.023087868466973305,0.7285168170928955
FisheyeCamera_1_00283_png.rf.e88cf39eb00a52dfcceb2fcfddf89260.jpg,0,0.5967246890068054,0.526410698890686,0.007985848933458328,0.019973572343587875,0.6598432064056396
FisheyeCamera_1_00283_png.rf.e88cf39eb00a52dfcceb2fcfddf89260.jpg,1,0.47140562534332275,0.5371828675270081,0.0055454326793551445,0.012499699369072914,0.1880638748407364
FisheyeCamera_1_00283_png.rf.e88cf39eb00a52dfcceb2fcfddf89260.jpg,9,0.38057783246040344,0.5453490018844604,0.005421161651611328,0.008353233337402344,0.11055529117584229
FisheyeCamera_1_00283_png.rf.e88cf39eb00a52dfcceb2fcfddf89260.jpg,1,0.44700270891189575,0.5424496531486511,0.006644652225077152,0.0069811162538826466,0.05361892655491829
FisheyeCamera_1_00283_png.rf.e88cf39eb00a52dfcceb2fcfddf89260.jpg,0,0.5450225472450256,0.48077332973480225,0.00928497314453125,0.007313068024814129,0.05162721499800682
FisheyeCamera_1_00283_png.rf.e88cf39eb00a52dfcceb2fcfddf89260.jpg,13,0.9520288705825806,0.505867063999176,0.008568910881876945,0.014985854737460613,0.03644581139087677
FisheyeCamera_1_00283_png.rf.e88cf39eb00a52dfcceb2fcfddf89260.jpg,0,0.540993332862854,0.5194936394691467,0.012783600948750973,0.006982729770243168,0.011637210845947266
FisheyeCamera_1_00283_png.rf.e88cf39eb00a52dfcceb2fcfddf89260.jpg,0,0.5923541784286499,0.5190665125846863,0.00815600622445345,0.02870684489607811,0.00814860686659813
FisheyeCamera_1_00283_png.rf.e88cf39eb00a52dfcceb2fcfddf89260.jpg,11,0.30711066722869873,0.5325559377670288,0.006126679014414549,0.01352196466177702,0.005411586724221706
FisheyeCamera_1_00283_png.rf.e88cf39eb00a52dfcceb2fcfddf89260.jpg,0,0.5424026846885681,0.49829310178756714,0.010069076903164387,0.03040541149675846,0.0038959751836955547
FisheyeCamera_1_00283_png.rf.e88cf39eb00a52dfcceb2fcfddf89260.jpg,0,0.5511975884437561,0.48315149545669556,0.011080961674451828,0.007271363399922848,0.0037913802079856396
FisheyeCamera_1_00283_png.rf.e88cf39eb00a52dfcceb2fcfddf89260.jpg,0,0.5897160172462463,0.4977693557739258,0.010222434997558594,0.008996193297207355,0.003270118497312069
FisheyeCamera_1_00283_png.rf.e88cf39eb00a52dfcceb2fcfddf89260.jpg,0,0.5568658709526062,0.5310577154159546,0.00611950783059001,0.007110008969902992,0.0026597436517477036
FisheyeCamera_1_00283_png.rf.e88cf39eb00a52dfcceb2fcfddf89260.jpg,0,0.5395336747169495,0.5120033025741577,0.010634422302246094,0.014890487305819988,0.002640266204252839
FisheyeCamera_1_00283_png.rf.e88cf39eb00a52dfcceb2fcfddf89260.jpg,0,0.5367700457572937,0.5167936682701111,0.011404771357774734,0.007730300538241863,0.0019349672365933657
FisheyeCamera_1_00283_png.rf.e88cf39eb00a52dfcceb2fcfddf89260.jpg,1,0.4506953954696655,0.5410301089286804,0.011127178557217121,0.007700699847191572,0.0015793233178555965
FisheyeCamera_1_00283_png.rf.e88cf39eb00a52dfcceb2fcfddf89260.jpg,0,0.5489130616188049,0.5278729200363159,0.011041237972676754,0.008191695436835289,0.0010719866259023547
FisheyeCamera_1_00283_png.rf.e88cf39eb00a52dfcceb2fcfddf89260.jpg,1,0.4760590195655823,0.5387669205665588,0.010386576876044273,0.012115771882236004,0.0010212472407147288
FisheyeCamera_1_00285_png.rf.cbc33d5d21aad4b5d0d195479cb4f9ef.jpg,13,0.8597934246063232,0.5162354111671448,0.013971695676445961,0.023532317951321602,0.6989522576332092
FisheyeCamera_1_00285_png.rf.cbc33d5d21aad4b5d0d195479cb4f9ef.jpg,0,0.5990151166915894,0.5245101451873779,0.01059209369122982,0.021932419389486313,0.6068146228790283
FisheyeCamera_1_00285_png.rf.cbc33d5d21aad4b5d0d195479cb4f9ef.jpg,11,0.3719974756240845,0.5450999140739441,0.006785282865166664,0.009426116943359375,0.4050624966621399
FisheyeCamera_1_00285_png.rf.cbc33d5d21aad4b5d0d195479cb4f9ef.jpg,1,0.4669097065925598,0.5375169515609741,0.0055217742919921875,0.013378803618252277,0.24038448929786682
FisheyeCamera_1_00285_png.rf.cbc33d5d21aad4b5d0d195479cb4f9ef.jpg,0,0.543662428855896,0.4787452816963196,0.010137631557881832,0.008592605590820312,0.0427689291536808
FisheyeCamera_1_00285_png.rf.cbc33d5d21aad4b5d0d195479cb4f9ef.jpg,1,0.4364895820617676,0.5406597256660461,0.010529885068535805,0.009453773498535156,0.04235358536243439
FisheyeCamera_1_00285_png.rf.cbc33d5d21aad4b5d0d195479cb4f9ef.jpg,11,0.2975662350654602,0.5313629508018494,0.007691658567637205,0.013688857667148113,0.015306239947676659
FisheyeCamera_1_00285_png.rf.cbc33d5d21aad4b5d0d195479cb4f9ef.jpg,11,0.14034946262836456,0.516574501991272,0.012692570686340332,0.022984981536865234,0.013369066640734673
FisheyeCamera_1_00285_png.rf.cbc33d5d21aad4b5d0d195479cb4f9ef.jpg,0,0.5964370965957642,0.5197531580924988,0.009700224734842777,0.03031121753156185,0.011760595254600048
FisheyeCamera_1_00285_png.rf.cbc33d5d21aad4b5d0d195479cb4f9ef.jpg,0,0.5926923751831055,0.49482080340385437,0.012243270874023438,0.004969706758856773,0.011532747186720371
FisheyeCamera_1_00285_png.rf.cbc33d5d21aad4b5d0d195479cb4f9ef.jpg,0,0.5404928922653198,0.5196242332458496,0.011447539553046227,0.006315524689853191,0.005697642918676138
FisheyeCamera_1_00285_png.rf.cbc33d5d21aad4b5d0d195479cb4f9ef.jpg,0,0.552143394947052,0.48073551058769226,0.012476224452257156,0.007953350432217121,0.005613889545202255
FisheyeCamera_1_00285_png.rf.cbc33d5d21aad4b5d0d195479cb4f9ef.jpg,0,0.5568940043449402,0.5304276943206787,0.005824455991387367,0.00773745309561491,0.0031269912142306566
FisheyeCamera_1_00285_png.rf.cbc33d5d21aad4b5d0d195479cb4f9ef.jpg,0,0.536611020565033,0.5169529914855957,0.011072342284023762,0.008837993256747723,0.002445968333631754
FisheyeCamera_1_00285_png.rf.cbc33d5d21aad4b5d0d195479cb4f9ef.jpg,0,0.5362245440483093,0.5109351277351379,0.010259408503770828,0.015571190975606441,0.0021041417494416237
FisheyeCamera_1_00285_png.rf.cbc33d5d21aad4b5d0d195479cb4f9ef.jpg,11,0.37530091404914856,0.5440638661384583,0.011902332305908203,0.00902311597019434,0.0018629186088219285
FisheyeCamera_1_00285_png.rf.cbc33d5d21aad4b5d0d195479cb4f9ef.jpg,0,0.5406095385551453,0.5007617473602295,0.011839279904961586,0.030994011089205742,0.0015531538520008326
FisheyeCamera_1_00298_png.rf.a4bc4257abfe5a5f97a7ab4671d5a682.jpg,1,0.4315395951271057,0.5332480072975159,0.006411735899746418,0.016229335218667984,0.6610420942306519
FisheyeCamera_1_00298_png.rf.a4bc4257abfe5a5f97a7ab4671d5a682.jpg,0,0.6264594793319702,0.5077952146530151,0.012655405327677727,0.033535003662109375,0.6569113731384277
FisheyeCamera_1_00298_png.rf.a4bc4257abfe5a5f97a7ab4671d5a682.jpg,11,0.2881850600242615,0.5377563834190369,0.011158430017530918,0.0138551639392972,0.3819268047809601
FisheyeCamera_1_00298_png.rf.a4bc4257abfe5a5f97a7ab4671d5a682.jpg,0,0.523942232131958,0.5033736228942871,0.011916453950107098,0.0072193145751953125,0.005920123308897018
FisheyeCamera_1_00298_png.rf.a4bc4257abfe5a5f97a7ab4671d5a682.jpg,0,0.5290295481681824,0.506809413433075,0.013493318110704422,0.005439171567559242,0.005118656437844038
FisheyeCamera_1_00298_png.rf.a4bc4257abfe5a5f97a7ab4671d5a682.jpg,0,0.5590842962265015,0.5201693177223206,0.0097959591075778,0.008047323673963547,0.003929495811462402
FisheyeCamera_1_00298_png.rf.a4bc4257abfe5a5f97a7ab4671d5a682.jpg,0,0.6014435887336731,0.47966820001602173,0.011412217281758785,0.009416580200195312,0.00368227856233716
FisheyeCamera_1_00302_png.rf.89395bab7d8fb4a6da3324a58b3497cd.jpg,1,0.4216808080673218,0.5305808782577515,0.006948104128241539,0.016238983720541,0.6559880971908569
FisheyeCamera_1_00302_png.rf.89395bab7d8fb4a6da3324a58b3497cd.jpg,0,0.649208128452301,0.4963587522506714,0.01461175736039877,0.03963697701692581,0.6115612387657166
FisheyeCamera_1_00302_png.rf.89395bab7d8fb4a6da3324a58b3497cd.jpg,11,0.25219905376434326,0.5338200330734253,0.00997471809387207,0.015551934018731117,0.5369717478752136
FisheyeCamera_1_00302_png.rf.89395bab7d8fb4a6da3324a58b3497cd.jpg,0,0.6088288426399231,0.47081083059310913,0.01186638604849577,0.0110628055408597,0.006288441363722086
FisheyeCamera_1_00302_png.rf.89395bab7d8fb4a6da3324a58b3497cd.jpg,0,0.5675109028816223,0.5160783529281616,0.007093026302754879,0.00947820208966732,0.005480374209582806
FisheyeCamera_1_00302_png.rf.89395bab7d8fb4a6da3324a58b3497cd.jpg,1,0.42512285709381104,0.5301763415336609,0.012256219051778316,0.01582871936261654,0.0016277296235784888
FisheyeCamera_1_00302_png.rf.89395bab7d8fb4a6da3324a58b3497cd.jpg,1,0.421902596950531,0.5345624089241028,0.0065318988636136055,0.018528755754232407,0.0016237337840721011
FisheyeCamera_1_00302_png.rf.89395bab7d8fb4a6da3324a58b3497cd.jpg,11,0.250227153301239,0.5356060266494751,0.013072820380330086,0.01678067073225975,0.0011193110840395093
FisheyeCamera_1_00314_png.rf.f10aa9e570183b2892515007c415b9cf.jpg,11,0.13406826555728912,0.5145737528800964,0.012917179614305496,0.022944670170545578,0.6768410205841064
FisheyeCamera_1_00314_png.rf.f10aa9e570183b2892515007c415b9cf.jpg,1,0.42975062131881714,0.5224464535713196,0.008733529597520828,0.02337360382080078,0.4674428701400757
FisheyeCamera_1_00314_png.rf.f10aa9e570183b2892515007c415b9cf.jpg,0,0.8726733922958374,0.40843406319618225,0.02544637769460678,0.08348850160837173,0.35968172550201416
FisheyeCamera_1_00315_png.rf.14c625eca5ff0f371a2459cb470b6dd5.jpg,11,0.12190122157335281,0.5121880173683167,0.01373238768428564,0.02457791194319725,0.595158576965332
FisheyeCamera_1_00315_png.rf.14c625eca5ff0f371a2459cb470b6dd5.jpg,1,0.4323796033859253,0.5221752524375916,0.009386429563164711,0.022897720336914062,0.42521950602531433
FisheyeCamera_1_00315_png.rf.14c625eca5ff0f371a2459cb470b6dd5.jpg,0,0.9068018794059753,0.39201560616493225,0.023639531806111336,0.0885937362909317,0.1813303679227829
FisheyeCamera_1_00315_png.rf.14c625eca5ff0f371a2459cb470b6dd5.jpg,13,0.914759635925293,0.507681667804718,0.009356718510389328,0.01826763153076172,0.008118263445794582
FisheyeCamera_1_00315_png.rf.14c625eca5ff0f371a2459cb470b6dd5.jpg,13,0.17080068588256836,0.5108200907707214,0.006523058749735355,0.018647266551852226,0.004179271869361401
FisheyeCamera_1_00315_png.rf.14c625eca5ff0f371a2459cb470b6dd5.jpg,0,0.9099864959716797,0.40228497982025146,0.019064683467149734,0.06558113545179367,0.0029084505513310432
FisheyeCamera_1_00315_png.rf.14c625eca5ff0f371a2459cb470b6dd5.jpg,14,0.16936630010604858,0.5351280570030212,0.008499475196003914,0.011583438143134117,0.002153150737285614
FisheyeCamera_1_00315_png.rf.14c625eca5ff0f371a2459cb470b6dd5.jpg,7,0.17141106724739075,0.5101547837257385,0.00693891616538167,0.01741754077374935,0.0014389962889254093
FisheyeCamera_1_00351_png.rf.0c9f77a62c69eb9b4b91da5b1454eda5.jpg,12,0.4418969750404358,0.546944797039032,0.007885272614657879,0.01200228463858366,0.9079661965370178
FisheyeCamera_1_00351_png.rf.0c9f77a62c69eb9b4b91da5b1454eda5.jpg,13,0.21429356932640076,0.5317708253860474,0.009069259278476238,0.011349568143486977,0.08948970586061478
FisheyeCamera_1_00351_png.rf.0c9f77a62c69eb9b4b91da5b1454eda5.jpg,13,0.21182063221931458,0.5317596793174744,0.011177154257893562,0.011138072237372398,0.07268494367599487
FisheyeCamera_1_00351_png.rf.0c9f77a62c69eb9b4b91da5b1454eda5.jpg,13,0.11609320342540741,0.5197347402572632,0.009411811828613281,0.013869285583496094,0.007338239811360836
FisheyeCamera_1_00351_png.rf.0c9f77a62c69eb9b4b91da5b1454eda5.jpg,13,0.13293111324310303,0.5227254033088684,0.007389160338789225,0.014230985194444656,0.002779610687866807
FisheyeCamera_1_00351_png.rf.0c9f77a62c69eb9b4b91da5b1454eda5.jpg,14,0.2142905592918396,0.535334050655365,0.009323890320956707,0.01706068404018879,0.002212644089013338
FisheyeCamera_1_00351_png.rf.0c9f77a62c69eb9b4b91da5b1454eda5.jpg,9,0.17602118849754333,0.481280118227005,0.012414088472723961,0.026642249897122383,0.001283892896026373
FisheyeCamera_1_00364_png.rf.a9a2ae260182758dd32759d27a3f08ae.jpg,12,0.520926833152771,0.5418641567230225,0.012279693968594074,0.018718170002102852,0.7350931763648987
FisheyeCamera_1_00364_png.rf.a9a2ae260182758dd32759d27a3f08ae.jpg,13,0.18550482392311096,0.5275411605834961,0.011043841950595379,0.01792680285871029,0.44637227058410645
FisheyeCamera_1_00364_png.rf.a9a2ae260182758dd32759d27a3f08ae.jpg,13,0.11551690846681595,0.5196916460990906,0.008864860981702805,0.014349717646837234,0.009357118979096413
FisheyeCamera_1_00364_png.rf.a9a2ae260182758dd32759d27a3f08ae.jpg,13,0.05675817281007767,0.5086712837219238,0.006789734587073326,0.009128863923251629,0.004425292834639549
FisheyeCamera_1_00364_png.rf.a9a2ae260182758dd32759d27a3f08ae.jpg,13,0.1327829658985138,0.5215421319007874,0.008244853466749191,0.015636444091796875,0.0035957032814621925
FisheyeCamera_1_00364_png.rf.a9a2ae260182758dd32759d27a3f08ae.jpg,0,0.5144944190979004,0.4873455762863159,0.9374182224273682,0.9746911525726318,0.001005845027975738
FisheyeCamera_1_00382_png.rf.da9f23f9bb25ab0a204cb881a5ccf798.jpg,13,0.05503753945231438,0.49884480237960815,0.015348168089985847,0.028982896357774734,0.39197370409965515
FisheyeCamera_1_00382_png.rf.da9f23f9bb25ab0a204cb881a5ccf798.jpg,14,0.05486786365509033,0.5009368062019348,0.01641342230141163,0.03627204895019531,0.0084642069414258
FisheyeCamera_1_00382_png.rf.da9f23f9bb25ab0a204cb881a5ccf798.jpg,0,0.5154851675033569,0.49379798769950867,0.9559640288352966,0.9875959753990173,0.0029606150928884745
FisheyeCamera_1_00382_png.rf.da9f23f9bb25ab0a204cb881a5ccf798.jpg,3,0.052742116153240204,0.49936410784721375,0.01817288249731064,0.027276810258626938,0.0019940698985010386
FisheyeCamera_1_00382_png.rf.da9f23f9bb25ab0a204cb881a5ccf798.jpg,11,0.11969558894634247,0.5068873167037964,0.03118806704878807,0.04261893406510353,0.0017081251135095954
FisheyeCamera_1_00454_png.rf.69544c267e97e6de7d8ff36d70f8a8f6.jpg,3,0.8019111156463623,0.5243073105812073,0.011920195072889328,0.01966172084212303,0.4265449047088623
FisheyeCamera_1_00454_png.rf.69544c267e97e6de7d8ff36d70f8a8f6.jpg,13,0.8007645010948181,0.5240204334259033,0.01412472315132618,0.02024335041642189,0.05038595199584961
FisheyeCamera_1_00454_png.rf.69544c267e97e6de7d8ff36d70f8a8f6.jpg,1,0.6840187907218933,0.46099165081977844,0.00738011859357357,0.009561355225741863,0.02398815006017685
FisheyeCamera_1_00454_png.rf.69544c267e97e6de7d8ff36d70f8a8f6.jpg,0,0.7302947640419006,0.46130797266960144,0.02611050195991993,0.013187224976718426,0.018586382269859314
FisheyeCamera_1_00454_png.rf.69544c267e97e6de7d8ff36d70f8a8f6.jpg,0,0.6829817891120911,0.46413934230804443,0.0073313345201313496,0.00926953088492155,0.016040898859500885
FisheyeCamera_1_00454_png.rf.69544c267e97e6de7d8ff36d70f8a8f6.jpg,0,0.6881290674209595,0.4603315591812134,0.012126922607421875,0.008520676754415035,0.0014161262661218643
FisheyeCamera_1_00454_png.rf.69544c267e97e6de7d8ff36d70f8a8f6.jpg,0,0.5187237858772278,0.49206069111824036,0.9272626638412476,0.9841213822364807,0.0013095252215862274
FisheyeCamera_1_00454_png.rf.69544c267e97e6de7d8ff36d70f8a8f6.jpg,1,0.6469979882240295,0.4681122899055481,0.007573641370981932,0.0040920330211520195,0.0010124273831024766
FisheyeCamera_1_00471_png.rf.eb0a04fb4ec3ae41bf4b96e27bd5d26d.jpg,0,0.5191761255264282,0.4575270116329193,0.031333521008491516,0.08933763951063156,0.8043121099472046
FisheyeCamera_1_00471_png.rf.eb0a04fb4ec3ae41bf4b96e27bd5d26d.jpg,0,0.3395247757434845,0.46008941531181335,0.027027901262044907,0.0867951437830925,0.7365602850914001
FisheyeCamera_1_00471_png.rf.eb0a04fb4ec3ae41bf4b96e27bd5d26d.jpg,8,0.36636096239089966,0.46151721477508545,0.013511107303202152,0.012198448181152344,0.0026256043929606676
FisheyeCamera_1_00471_png.rf.eb0a04fb4ec3ae41bf4b96e27bd5d26d.jpg,0,0.3035828173160553,0.46673277020454407,0.012839702889323235,0.007374873384833336,0.002333808923140168
FisheyeCamera_1_00471_png.rf.eb0a04fb4ec3ae41bf4b96e27bd5d26d.jpg,0,0.3448343276977539,0.454104483127594,0.02413283847272396,0.07240486145019531,0.00216335104778409
FisheyeCamera_1_00471_png.rf.eb0a04fb4ec3ae41bf4b96e27bd5d26d.jpg,8,0.3513391315937042,0.45314711332321167,0.013289854861795902,0.06988774985074997,0.0019434163114055991
FisheyeCamera_1_00471_png.rf.eb0a04fb4ec3ae41bf4b96e27bd5d26d.jpg,8,0.5441254377365112,0.45471447706222534,0.009629066102206707,0.028286274522542953,0.0016185697168111801
FisheyeCamera_1_00471_png.rf.eb0a04fb4ec3ae41bf4b96e27bd5d26d.jpg,0,0.3542696237564087,0.458932101726532,0.00993614923208952,0.05255662649869919,0.0013740230351686478
FisheyeCamera_1_00476_png.rf.9039468fbc1dab58476b697e479807f8.jpg,0,0.5321042537689209,0.3905773162841797,0.060882970690727234,0.15110966563224792,0.7632161974906921
FisheyeCamera_1_00476_png.rf.9039468fbc1dab58476b697e479807f8.jpg,0,0.24966377019882202,0.4017334282398224,0.03551655635237694,0.12993431091308594,0.7510343194007874
FisheyeCamera_1_00476_png.rf.9039468fbc1dab58476b697e479807f8.jpg,1,0.5319544076919556,0.3807990849018097,0.0611656978726387,0.13255064189434052,0.01266093086451292
FisheyeCamera_1_00476_png.rf.9039468fbc1dab58476b697e479807f8.jpg,0,0.2472546100616455,0.4234640300273895,0.032741546630859375,0.0843343734741211,0.004931731149554253
FisheyeCamera_1_00476_png.rf.9039468fbc1dab58476b697e479807f8.jpg,0,0.25868847966194153,0.4050390124320984,0.034860335290431976,0.12504254281520844,0.0035992844495922327
FisheyeCamera_1_00476_png.rf.9039468fbc1dab58476b697e479807f8.jpg,8,0.2554374635219574,0.4028102457523346,0.03544580191373825,0.1262720227241516,0.0032584795262664557
FisheyeCamera_1_00476_png.rf.9039468fbc1dab58476b697e479807f8.jpg,9,0.2557251453399658,0.3628775179386139,0.030218418687582016,0.050772666931152344,0.00139516347553581
FisheyeCamera_1_00479_png.rf.f7e77b725ba1e70b5dc8b0697e0b1f92.jpg,3,0.9322923421859741,0.5026888251304626,0.013218366540968418,0.028190430253744125,0.4698095917701721
FisheyeCamera_1_00479_png.rf.f7e77b725ba1e70b5dc8b0697e0b1f92.jpg,0,0.5043670535087585,0.41801249980926514,0.01596355438232422,0.009526252746582031,0.3932189643383026
FisheyeCamera_1_00479_png.rf.f7e77b725ba1e70b5dc8b0697e0b1f92.jpg,13,0.9323108196258545,0.5025830864906311,0.012047547847032547,0.028188705444335938,0.18159347772598267
FisheyeCamera_1_00479_png.rf.f7e77b725ba1e70b5dc8b0697e0b1f92.jpg,0,0.7339845895767212,0.4025192856788635,0.041210249066352844,0.022183014079928398,0.09067954123020172
FisheyeCamera_1_00479_png.rf.f7e77b725ba1e70b5dc8b0697e0b1f92.jpg,1,0.5030308365821838,0.47323065996170044,0.00865419115871191,0.008994102478027344,0.057333290576934814
FisheyeCamera_1_00479_png.rf.f7e77b725ba1e70b5dc8b0697e0b1f92.jpg,1,0.733453631401062,0.40238717198371887,0.04335762932896614,0.023129940032958984,0.0476648174226284
FisheyeCamera_1_00479_png.rf.f7e77b725ba1e70b5dc8b0697e0b1f92.jpg,1,0.5035184621810913,0.4766384959220886,0.009416580200195312,0.009232594631612301,0.009480996988713741
FisheyeCamera_1_00479_png.rf.f7e77b725ba1e70b5dc8b0697e0b1f92.jpg,0,0.5089974403381348,0.41808202862739563,0.020069122314453125,0.01009350549429655,0.006703710649162531
FisheyeCamera_1_00479_png.rf.f7e77b725ba1e70b5dc8b0697e0b1f92.jpg,1,0.49861767888069153,0.47306516766548157,0.009987537749111652,0.008659766055643559,0.003592747263610363
FisheyeCamera_1_00479_png.rf.f7e77b725ba1e70b5dc8b0697e0b1f92.jpg,1,0.4989550709724426,0.4765094518661499,0.010883881710469723,0.009487335570156574,0.0014355143066495657
FisheyeCamera_1_00479_png.rf.f7e77b725ba1e70b5dc8b0697e0b1f92.jpg,0,0.5046318769454956,0.4148716628551483,0.016355697065591812,0.017879890277981758,0.0013509959680959582
FisheyeCamera_1_00480_png.rf.ff94615495e0c4eb7cd3a1cfce3cf2cd.jpg,3,0.951796293258667,0.4978739619255066,0.013934355229139328,0.02784585952758789,0.5994444489479065
FisheyeCamera_1_00480_png.rf.ff94615495e0c4eb7cd3a1cfce3cf2cd.jpg,0,0.5045346617698669,0.4117398262023926,0.017768602818250656,0.011175522580742836,0.39820700883865356
FisheyeCamera_1_00480_png.rf.ff94615495e0c4eb7cd3a1cfce3cf2cd.jpg,1,0.5048088431358337,0.4716266393661499,0.008772959932684898,0.00606786273419857,0.26560184359550476
FisheyeCamera_1_00480_png.rf.ff94615495e0c4eb7cd3a1cfce3cf2cd.jpg,0,0.501523494720459,0.4134196639060974,0.018843283876776695,0.011065666563808918,0.16072189807891846
FisheyeCamera_1_00480_png.rf.ff94615495e0c4eb7cd3a1cfce3cf2cd.jpg,13,0.9508790373802185,0.4981911778450012,0.014384269714355469,0.029637740924954414,0.13536275923252106
FisheyeCamera_1_00480_png.rf.ff94615495e0c4eb7cd3a1cfce3cf2cd.jpg,1,0.4998027980327606,0.4717217981815338,0.01232165563851595,0.006178305484354496,0.03284602239727974
FisheyeCamera_1_00480_png.rf.ff94615495e0c4eb7cd3a1cfce3cf2cd.jpg,0,0.7472658157348633,0.393105685710907,0.04223838075995445,0.022770294919610023,0.028235454112291336
FisheyeCamera_1_00480_png.rf.ff94615495e0c4eb7cd3a1cfce3cf2cd.jpg,1,0.7482265830039978,0.3936668634414673,0.04234335944056511,0.021845046430826187,0.003847844433039427
FisheyeCamera_1_00480_png.rf.ff94615495e0c4eb7cd3a1cfce3cf2cd.jpg,12,0.5824082493782043,0.5466820001602173,0.0039637270383536816,0.008775894530117512,0.002573869191110134
FisheyeCamera_1_00509_png.rf.a4fdcf5053bc422a3b30b4cef69e5ea6.jpg,1,0.5089746713638306,0.3180399537086487,0.018601013347506523,0.015271076932549477,0.5012567639350891
FisheyeCamera_1_00509_png.rf.a4fdcf5053bc422a3b30b4cef69e5ea6.jpg,12,0.6399486064910889,0.5456960201263428,0.008126845583319664,0.00944786798208952,0.023514706641435623
FisheyeCamera_1_00509_png.rf.a4fdcf5053bc422a3b30b4cef69e5ea6.jpg,12,0.6357825398445129,0.5452277064323425,0.009207872673869133,0.009079933166503906,0.006461664568632841
FisheyeCamera_1_00509_png.rf.a4fdcf5053bc422a3b30b4cef69e5ea6.jpg,1,0.5103273391723633,0.31998157501220703,0.023202713578939438,0.023054050281643867,0.003291422501206398
FisheyeCamera_1_00509_png.rf.a4fdcf5053bc422a3b30b4cef69e5ea6.jpg,0,0.5051029920578003,0.3185599744319916,0.02658807300031185,0.018892508000135422,0.002823643619194627
FisheyeCamera_1_00509_png.rf.a4fdcf5053bc422a3b30b4cef69e5ea6.jpg,1,0.5242090821266174,0.3215559422969818,0.0193292535841465,0.012895620428025723,0.0014828911516815424
FisheyeCamera_1_00587_png.rf.8f637c2480c931d014f8cc2877541abd.jpg,1,0.633237898349762,0.4906471073627472,0.008228154852986336,0.006343658082187176,0.22106005251407623
FisheyeCamera_1_00587_png.rf.8f637c2480c931d014f8cc2877541abd.jpg,12,0.5355440974235535,0.5472279191017151,0.008681077510118484,0.009233071468770504,0.21334396302700043
FisheyeCamera_1_00587_png.rf.8f637c2480c931d014f8cc2877541abd.jpg,12,0.5388817191123962,0.5470904111862183,0.009783854708075523,0.009346668608486652,0.07943495362997055
FisheyeCamera_1_00587_png.rf.8f637c2480c931d014f8cc2877541abd.jpg,1,0.6332204341888428,0.48721063137054443,0.00782262347638607,0.011973087675869465,0.0039726682007312775
FisheyeCamera_1_00587_png.rf.8f637c2480c931d014f8cc2877541abd.jpg,1,0.6378185749053955,0.49055635929107666,0.01200118474662304,0.006790711544454098,0.0028591728769242764
FisheyeCamera_1_00587_png.rf.8f637c2480c931d014f8cc2877541abd.jpg,4,0.5355119109153748,0.5502790212631226,0.008676271885633469,0.012095451354980469,0.0011128665646538138
FisheyeCamera_1_00594_png.rf.dc0e60f4633360af03461b14c31a1454.jpg,4,0.5203544497489929,0.5463329553604126,0.008946198970079422,0.012260840274393559,0.7708025574684143
FisheyeCamera_1_00594_png.rf.dc0e60f4633360af03461b14c31a1454.jpg,1,0.6278504729270935,0.48276662826538086,0.009459642693400383,0.0054706428200006485,0.335274338722229
FisheyeCamera_1_00594_png.rf.dc0e60f4633360af03461b14c31a1454.jpg,1,0.6247799396514893,0.48300522565841675,0.012220749631524086,0.0049686431884765625,0.12285341322422028
FisheyeCamera_1_00600_png.rf.99bc40dcb86cb45b4425a2604dd3cd8d.jpg,4,0.49585241079330444,0.544216513633728,0.010832089930772781,0.01446159090846777,0.8128489851951599
FisheyeCamera_1_00600_png.rf.99bc40dcb86cb45b4425a2604dd3cd8d.jpg,1,0.6165584921836853,0.47690582275390625,0.010260911658406258,0.008703415282070637,0.2289077639579773
FisheyeCamera_1_00600_png.rf.99bc40dcb86cb45b4425a2604dd3cd8d.jpg,1,0.6161279678344727,0.4737383723258972,0.010396957397460938,0.009996781125664711,0.213158518075943
FisheyeCamera_1_00600_png.rf.99bc40dcb86cb45b4425a2604dd3cd8d.jpg,1,0.6125929951667786,0.47664201259613037,0.012797758914530277,0.009237472899258137,0.004857203457504511
FisheyeCamera_1_00600_png.rf.99bc40dcb86cb45b4425a2604dd3cd8d.jpg,1,0.6123586297035217,0.47362810373306274,0.012352869845926762,0.009821891784667969,0.004461999982595444
FisheyeCamera_1_00600_png.rf.99bc40dcb86cb45b4425a2604dd3cd8d.jpg,1,0.5780000686645508,0.47835588455200195,0.007636180147528648,0.006191913969814777,0.001603196025826037
FisheyeCamera_1_00604_png.rf.fd483074d74e8bee0d71bb87e77ab3ef.jpg,4,0.47272810339927673,0.5427232980728149,0.013206775300204754,0.017402831465005875,0.837571918964386
FisheyeCamera_1_00604_png.rf.fd483074d74e8bee0d71bb87e77ab3ef.jpg,1,0.6053155660629272,0.4695401191711426,0.009119400754570961,0.006163597106933594,0.5886894464492798
FisheyeCamera_1_00604_png.rf.fd483074d74e8bee0d71bb87e77ab3ef.jpg,1,0.6010792851448059,0.47007739543914795,0.01470430102199316,0.005383124575018883,0.006038162391632795
FisheyeCamera_1_00604_png.rf.fd483074d74e8bee0d71bb87e77ab3ef.jpg,1,0.6118974685668945,0.469423770904541,0.014567742124199867,0.00733698345720768,0.002569925505667925
FisheyeCamera_1_00615_png.rf.6b8b9a4df61e83d15119053ea613f434.jpg,4,0.33915960788726807,0.5263863205909729,0.02408863976597786,0.03542441502213478,0.9030551910400391
FisheyeCamera_1_00615_png.rf.6b8b9a4df61e83d15119053ea613f434.jpg,1,0.560708224773407,0.4439530670642853,0.013685960322618484,0.008583802729845047,0.5902831554412842
FisheyeCamera_1_00615_png.rf.6b8b9a4df61e83d15119053ea613f434.jpg,1,0.5609605312347412,0.44808822870254517,0.012743363156914711,0.01682758331298828,0.002987938467413187
FisheyeCamera_1_00615_png.rf.6b8b9a4df61e83d15119053ea613f434.jpg,1,0.5291996598243713,0.44552502036094666,0.006773838773369789,0.004888241179287434,0.0018391018966212869
FisheyeCamera_1_00631_png.rf.ef7fde7123c71d075628496a468eb1df.jpg,1,0.5101329684257507,0.34627673029899597,0.025923142209649086,0.01724613644182682,0.6886999607086182
FisheyeCamera_1_00631_png.rf.ef7fde7123c71d075628496a468eb1df.jpg,13,0.43578264117240906,0.5462837815284729,0.009122738614678383,0.011994361877441406,0.017799679189920425
FisheyeCamera_1_00631_png.rf.ef7fde7123c71d075628496a468eb1df.jpg,11,0.4386243224143982,0.5457713007926941,0.010263700038194656,0.011198630556464195,0.015900444239377975
FisheyeCamera_1_00631_png.rf.ef7fde7123c71d075628496a468eb1df.jpg,1,0.5171686410903931,0.3460378646850586,0.04055232182145119,0.019605819135904312,0.002644748892635107
FisheyeCamera_1_00631_png.rf.ef7fde7123c71d075628496a468eb1df.jpg,1,0.5458555221557617,0.35209178924560547,0.014845261350274086,0.009315417148172855,0.0012232507579028606
FisheyeCamera_1_01013_png.rf.9464970b75fa02363baae3c682e99f39.jpg,0,0.538548469543457,0.5101785659790039,0.011196503415703773,0.008398642763495445,0.20986080169677734
FisheyeCamera_1_01013_png.rf.9464970b75fa02363baae3c682e99f39.jpg,0,0.5701290965080261,0.5103712677955627,0.012247452512383461,0.008827319368720055,0.10337984561920166
FisheyeCamera_1_01013_png.rf.9464970b75fa02363baae3c682e99f39.jpg,0,0.5695993304252625,0.5124644041061401,0.014102201908826828,0.012582852505147457,0.010728687979280949
FisheyeCamera_1_01013_png.rf.9464970b75fa02363baae3c682e99f39.jpg,13,0.55675208568573,0.5446739792823792,0.007203175686299801,0.013664648868143559,0.007273034192621708
FisheyeCamera_1_01013_png.rf.9464970b75fa02363baae3c682e99f39.jpg,0,0.5394355654716492,0.5125421285629272,0.011213669553399086,0.012424102053046227,0.005668604280799627
FisheyeCamera_1_01026_png.rf.dfb591570ded3c052e6641cb4f2d80c1.jpg,0,0.4417956471443176,0.49619024991989136,0.015297706238925457,0.00906621478497982,0.6622730493545532
FisheyeCamera_1_01026_png.rf.dfb591570ded3c052e6641cb4f2d80c1.jpg,0,0.39873775839805603,0.49324724078178406,0.016177397221326828,0.01100796926766634,0.47107696533203125
FisheyeCamera_1_01026_png.rf.dfb591570ded3c052e6641cb4f2d80c1.jpg,0,0.42160892486572266,0.5413731932640076,0.006110961548984051,0.00981921423226595,0.008808194659650326
FisheyeCamera_1_01026_png.rf.dfb591570ded3c052e6641cb4f2d80c1.jpg,0,0.44541484117507935,0.49462974071502686,0.021906303241848946,0.010758033022284508,0.0015590265393257141
FisheyeCamera_1_01026_png.rf.dfb591570ded3c052e6641cb4f2d80c1.jpg,0,0.44194430112838745,0.486860454082489,0.017297158017754555,0.03167907893657684,0.0014757849276065826
FisheyeCamera_1_01026_png.rf.dfb591570ded3c052e6641cb4f2d80c1.jpg,0,0.44595077633857727,0.4831062853336334,0.7474000453948975,0.9662125706672668,0.0011370156425982714
FisheyeCamera_1_01037_png.rf.870a2a09f0f8cb2a0b5f4a4a3b3ccadc.jpg,0,0.3109196424484253,0.46429869532585144,0.018676171079277992,0.014400298707187176,0.7038777470588684
FisheyeCamera_1_01037_png.rf.870a2a09f0f8cb2a0b5f4a4a3b3ccadc.jpg,0,0.37077638506889343,0.4705062210559845,0.01979857310652733,0.011802599765360355,0.48581114411354065
FisheyeCamera_1_01037_png.rf.870a2a09f0f8cb2a0b5f4a4a3b3ccadc.jpg,1,0.37181833386421204,0.5372846126556396,0.006507983431220055,0.012374474667012691,0.020429570227861404
FisheyeCamera_1_01037_png.rf.870a2a09f0f8cb2a0b5f4a4a3b3ccadc.jpg,0,0.5850315093994141,0.49244770407676697,0.8272628784179688,0.9848954081535339,0.011584676802158356
FisheyeCamera_1_01037_png.rf.870a2a09f0f8cb2a0b5f4a4a3b3ccadc.jpg,0,0.3726593255996704,0.4730987846851349,0.018696967512369156,0.016371507197618484,0.010872227139770985
FisheyeCamera_1_01037_png.rf.870a2a09f0f8cb2a0b5f4a4a3b3ccadc.jpg,12,0.37188926339149475,0.5380593538284302,0.006495219189673662,0.011822407133877277,0.003694199025630951
FisheyeCamera_1_01037_png.rf.870a2a09f0f8cb2a0b5f4a4a3b3ccadc.jpg,1,0.4089072346687317,0.4665555953979492,0.009437157772481441,0.0065155029296875,0.0016524571692571044
FisheyeCamera_1_01082_png.rf.da2e5bebfb023e66aacd368902a130ef.jpg,1,0.8008397221565247,0.5031633377075195,0.01101933978497982,0.02652817592024803,0.4558125436306
FisheyeCamera_1_01082_png.rf.da2e5bebfb023e66aacd368902a130ef.jpg,1,0.6817191243171692,0.5054609179496765,0.0056841191835701466,0.004456740338355303,0.17314395308494568
FisheyeCamera_1_01082_png.rf.da2e5bebfb023e66aacd368902a130ef.jpg,7,0.5961853265762329,0.5486208200454712,0.006336982361972332,0.009994910098612309,0.002539491979405284
FisheyeCamera_1_01086_png.rf.dd1b44b6d6e2e2da3f3f6ab8f823bc01.jpg,1,0.779015302658081,0.5024492144584656,0.009963255375623703,0.027332086116075516,0.5981560945510864
FisheyeCamera_1_01086_png.rf.dd1b44b6d6e2e2da3f3f6ab8f823bc01.jpg,1,0.6337566375732422,0.5081543326377869,0.006840999238193035,0.004787261597812176,0.3031626343727112
FisheyeCamera_1_01086_png.rf.dd1b44b6d6e2e2da3f3f6ab8f823bc01.jpg,1,0.6376504302024841,0.5080134272575378,0.012274742126464844,0.004831681028008461,0.00777841592207551
FisheyeCamera_1_01086_png.rf.dd1b44b6d6e2e2da3f3f6ab8f823bc01.jpg,1,0.5415917038917542,0.5487112402915955,0.0058277202770113945,0.010305294767022133,0.0015192789724096656
FisheyeCamera_1_01090_png.rf.663e34306a969d1e2d3f1ca290e1ddd7.jpg,1,0.7537998557090759,0.5015214085578918,0.011978955939412117,0.030248092487454414,0.6407891511917114
FisheyeCamera_1_01090_png.rf.663e34306a969d1e2d3f1ca290e1ddd7.jpg,1,0.5788403749465942,0.5081071853637695,0.006183073855936527,0.004608154296875,0.1806611567735672
FisheyeCamera_1_01090_png.rf.663e34306a969d1e2d3f1ca290e1ddd7.jpg,1,0.5740993022918701,0.5081940293312073,0.010793502442538738,0.004428093321621418,0.004793460946530104
FisheyeCamera_1_01090_png.rf.663e34306a969d1e2d3f1ca290e1ddd7.jpg,7,0.48060452938079834,0.5490789413452148,0.006052970886230469,0.010901634581387043,0.0012701026862487197
FisheyeCamera_1_01098_png.rf.e141b30ac0a11cc0c857435f655656fc.jpg,1,0.8081164956092834,0.48121893405914307,0.013341683894395828,0.03966914862394333,0.7473182082176208
FisheyeCamera_1_01098_png.rf.e141b30ac0a11cc0c857435f655656fc.jpg,1,0.5536491274833679,0.504688560962677,0.006544993259012699,0.004156663082540035,0.05907442420721054
FisheyeCamera_1_01098_png.rf.e141b30ac0a11cc0c857435f655656fc.jpg,7,0.44752979278564453,0.5495942234992981,0.007907390594482422,0.011961753480136395,0.0022962605580687523
FisheyeCamera_1_01098_png.rf.e141b30ac0a11cc0c857435f655656fc.jpg,1,0.5485207438468933,0.5048484206199646,0.009712953120470047,0.0038997577503323555,0.0022065392695367336
FisheyeCamera_1_01098_png.rf.e141b30ac0a11cc0c857435f655656fc.jpg,13,0.8097184896469116,0.5313090085983276,0.007266998291015625,0.01041661761701107,0.002017505932599306
FisheyeCamera_1_01098_png.rf.e141b30ac0a11cc0c857435f655656fc.jpg,0,0.5691112875938416,0.49192696809768677,0.8617773652076721,0.9838539361953735,0.0010391026735305786
FisheyeCamera_1_01099_png.rf.d3e2606bc19452ecaec7548723f05a0b.jpg,1,0.8186624050140381,0.47738251090049744,0.014524459838867188,0.0407819002866745,0.7907382249832153
FisheyeCamera_1_01099_png.rf.d3e2606bc19452ecaec7548723f05a0b.jpg,1,0.5523810386657715,0.5045050382614136,0.00857793353497982,0.004948249086737633,0.15805260837078094
FisheyeCamera_1_01099_png.rf.d3e2606bc19452ecaec7548723f05a0b.jpg,1,0.5495303869247437,0.5042374134063721,0.011621842160820961,0.005335147492587566,0.011297518387436867
FisheyeCamera_1_01099_png.rf.d3e2606bc19452ecaec7548723f05a0b.jpg,7,0.44425588846206665,0.5494427680969238,0.006543929688632488,0.011598953977227211,0.0025777292903512716
FisheyeCamera_1_01104_png.rf.1c0a4fa66929930288c5ff6e293ca501.jpg,1,0.8603257536888123,0.45932072401046753,0.016163239255547523,0.050787631422281265,0.5679914951324463
FisheyeCamera_1_01104_png.rf.1c0a4fa66929930288c5ff6e293ca501.jpg,1,0.5168209075927734,0.5027713179588318,0.007764449343085289,0.0069934772327542305,0.08622093498706818
FisheyeCamera_1_01104_png.rf.1c0a4fa66929930288c5ff6e293ca501.jpg,13,0.8643233776092529,0.5215386152267456,0.009132018312811852,0.014923462644219398,0.015908675268292427
FisheyeCamera_1_01104_png.rf.1c0a4fa66929930288c5ff6e293ca501.jpg,1,0.5161006450653076,0.499203085899353,0.008635924197733402,0.010926430113613605,0.010026402771472931
FisheyeCamera_1_01104_png.rf.1c0a4fa66929930288c5ff6e293ca501.jpg,7,0.40625131130218506,0.5486292839050293,0.006147568114101887,0.0101318359375,0.0054171462543308735
FisheyeCamera_1_01104_png.rf.1c0a4fa66929930288c5ff6e293ca501.jpg,0,0.5538985133171082,0.49413353204727173,0.8922029733657837,0.9882670640945435,0.002171420492231846
FisheyeCamera_1_01104_png.rf.1c0a4fa66929930288c5ff6e293ca501.jpg,1,0.5117980241775513,0.5027732253074646,0.011229991912841797,0.007006828673183918,0.0011024577543139458
FisheyeCamera_1_01147_png.rf.4b377ccbafe830dd921c6b606ab4f94a.jpg,1,0.4413260221481323,0.40805479884147644,0.019361495971679688,0.010808834806084633,0.02228875644505024
FisheyeCamera_1_01147_png.rf.4b377ccbafe830dd921c6b606ab4f94a.jpg,1,0.4383975863456726,0.41018083691596985,0.015969570726156235,0.011216053739190102,0.007684825453907251
FisheyeCamera_1_01147_png.rf.4b377ccbafe830dd921c6b606ab4f94a.jpg,1,0.4560893774032593,0.4058440327644348,0.013295173645019531,0.008875296451151371,0.005022984463721514
FisheyeCamera_1_01147_png.rf.4b377ccbafe830dd921c6b606ab4f94a.jpg,1,0.4360632598400116,0.41226834058761597,0.01459770929068327,0.013151902705430984,0.0011038886150345206
b413caec-028d-48e6-922b-fc63db1b7ebb_jpg.rf.259a6b31980f35168c8ec00a5e80c263.jpg,0,0.503574550151825,0.47262704372406006,0.654070258140564,0.8392651081085205,0.9290189146995544
b413caec-028d-48e6-922b-fc63db1b7ebb_jpg.rf.259a6b31980f35168c8ec00a5e80c263.jpg,1,0.5163469314575195,0.4718969166278839,0.6483472585678101,0.8446357250213623,0.426143616437912
b413caec-028d-48e6-922b-fc63db1b7ebb_jpg.rf.259a6b31980f35168c8ec00a5e80c263.jpg,0,0.49325335025787354,0.5982404351234436,0.5820710062980652,0.5607518553733826,0.01494162529706955
road104_png.rf.4468adcd7c2dcfc04377146de785c0a6.jpg,11,0.49309495091438293,0.48699644207954407,0.731086015701294,0.8853379487991333,0.9485208988189697
road104_png.rf.4468adcd7c2dcfc04377146de785c0a6.jpg,1,0.31748166680336,0.9226941466331482,0.48326998949050903,0.1530461609363556,0.006153587251901627
road104_png.rf.4468adcd7c2dcfc04377146de785c0a6.jpg,1,0.30732834339141846,0.8891109228134155,0.1207306906580925,0.07516523450613022,0.0016083630034700036
road104_png.rf.4468adcd7c2dcfc04377146de785c0a6.jpg,1,0.3251380920410156,0.9001420736312866,0.1555924266576767,0.06634213030338287,0.0015439160633832216
road104_png.rf.4468adcd7c2dcfc04377146de785c0a6.jpg,1,0.2978081703186035,0.8730977773666382,0.11211411654949188,0.07296136766672134,0.0014740756014361978
road108_png.rf.9655ebb7a27af56ab1d0360d10685ec8.jpg,6,0.451694130897522,0.5434987545013428,0.028245743364095688,0.04835950583219528,0.8409483432769775
road108_png.rf.9655ebb7a27af56ab1d0360d10685ec8.jpg,1,0.8944977521896362,0.20667830109596252,0.022077560424804688,0.04183406010270119,0.03515006974339485
road108_png.rf.9655ebb7a27af56ab1d0360d10685ec8.jpg,1,0.900088369846344,0.2178712636232376,0.03604302182793617,0.0467839241027832,0.0033575675915926695
road109_png.rf.c7fd39b9ac59c325ec73dc6b5ece99fd.jpg,8,0.6491371393203735,0.5098602175712585,0.07560069859027863,0.11473501473665237,0.9229708313941956
road109_png.rf.c7fd39b9ac59c325ec73dc6b5ece99fd.jpg,11,0.650052011013031,0.5142484903335571,0.07635384052991867,0.11416930705308914,0.005830674432218075
road109_png.rf.c7fd39b9ac59c325ec73dc6b5ece99fd.jpg,0,0.4118887782096863,0.5264337062835693,0.8237775564193726,0.9471325278282166,0.0010795076377689838
road112_png.rf.b765c2b5d3a2145d317b0ceadfb08464.jpg,5,0.511661946773529,0.3099973499774933,0.3192054331302643,0.5063906908035278,0.9399504065513611
road11_png.rf.40b76142a629faa238c042bcb209cc27.jpg,12,0.9022694826126099,0.3524770438671112,0.08781623840332031,0.7041416764259338,0.6117904186248779
road11_png.rf.40b76142a629faa238c042bcb209cc27.jpg,0,0.8120884299278259,0.6216011047363281,0.0398390106856823,0.10491811484098434,0.4666907787322998
road11_png.rf.40b76142a629faa238c042bcb209cc27.jpg,0,0.4922110438346863,0.38627052307128906,0.048621103167533875,0.11654872447252274,0.3063215911388397
road11_png.rf.40b76142a629faa238c042bcb209cc27.jpg,1,0.7056840658187866,0.1458749771118164,0.04112529754638672,0.022568702697753906,0.10009582340717316
road11_png.rf.40b76142a629faa238c042bcb209cc27.jpg,8,0.8411605358123779,0.6384045481681824,0.019001740962266922,0.06359327584505081,0.046536628156900406
road11_png.rf.40b76142a629faa238c042bcb209cc27.jpg,8,0.816012442111969,0.6286900639533997,0.04675234109163284,0.08890841901302338,0.035690728574991226
road11_png.rf.40b76142a629faa238c042bcb209cc27.jpg,1,0.6284672021865845,0.8729432821273804,0.021516066044569016,0.0662703886628151,0.03456728905439377
road11_png.rf.40b76142a629faa238c042bcb209cc27.jpg,12,0.9118945002555847,0.19446872174739838,0.12040460854768753,0.38693904876708984,0.01738252118229866
road11_png.rf.40b76142a629faa238c042bcb209cc27.jpg,0,0.8153206706047058,0.6408641338348389,0.04308509826660156,0.060528937727212906,0.01337340660393238
road11_png.rf.40b76142a629faa238c042bcb209cc27.jpg,1,0.8245925903320312,0.8421921133995056,0.03825701028108597,0.03394126892089844,0.011505432426929474
road11_png.rf.40b76142a629faa238c042bcb209cc27.jpg,1,0.6283937692642212,0.8543189167976379,0.02051052637398243,0.030851950868964195,0.010730307549238205
road11_png.rf.40b76142a629faa238c042bcb209cc27.jpg,1,0.8976042866706848,0.0996815636754036,0.07114637643098831,0.19245122373104095,0.008131828159093857
road11_png.rf.40b76142a629faa238c042bcb209cc27.jpg,12,0.8234035968780518,0.3785487413406372,0.23306693136692047,0.7544234991073608,0.007129792124032974
road11_png.rf.40b76142a629faa238c042bcb209cc27.jpg,12,0.911264181137085,0.2742929756641388,0.1555354744195938,0.5485859513282776,0.0055091590620577335
road11_png.rf.40b76142a629faa238c042bcb209cc27.jpg,6,0.27971363067626953,0.46967536211013794,0.018154529854655266,0.01445502508431673,0.0055020214058458805
road11_png.rf.40b76142a629faa238c042bcb209cc27.jpg,1,0.8266496062278748,0.8580785989761353,0.05090295523405075,0.06598201394081116,0.004636519588530064
road11_png.rf.40b76142a629faa238c042bcb209cc27.jpg,1,0.7335172891616821,0.8490716218948364,0.0403578095138073,0.02625237964093685,0.004281994421035051
road11_png.rf.40b76142a629faa238c042bcb209cc27.jpg,0,0.3673507273197174,0.749280571937561,0.7347014546394348,0.5014389157295227,0.004234922118484974
road11_png.rf.40b76142a629faa238c042bcb209cc27.jpg,1,0.09762351959943771,0.6837918162345886,0.018562408164143562,0.018598996102809906,0.003852308262139559
road11_png.rf.40b76142a629faa238c042bcb209cc27.jpg,1,0.019664717838168144,0.6734054088592529,0.032904140651226044,0.026050200685858727,0.003754908684641123
road11_png.rf.40b76142a629faa238c042bcb209cc27.jpg,0,0.7152968049049377,0.7138426899909973,0.00949984323233366,0.014097433537244797,0.003227634821087122
road11_png.rf.40b76142a629faa238c042bcb209cc27.jpg,0,0.48332151770591736,0.38559091091156006,0.031072543933987617,0.10570646822452545,0.0022835058625787497
road11_png.rf.40b76142a629faa238c042bcb209cc27.jpg,1,0.8824894428253174,0.10914599895477295,0.047944214195013046,0.17545174062252045,0.0012740077218040824
road11_png.rf.40b76142a629faa238c042bcb209cc27.jpg,1,0.4951249659061432,0.8448765277862549,0.016512980684638023,0.019235244020819664,0.0012610944686457515
road11_png.rf.40b76142a629faa238c042bcb209cc27.jpg,1,0.9005642533302307,0.1109871119260788,0.045378319919109344,0.1768321990966797,0.001180518651381135
road11_png.rf.40b76142a629faa238c042bcb209cc27.jpg,10,0.8976095914840698,0.14481042325496674,0.0682855024933815,0.2735494077205658,0.0010236313100904226
road157_png.rf.e48c88408b366592b950018ee5d6426d.jpg,8,0.72171950340271,0.20879074931144714,0.11496998369693756,0.08840668946504593,0.8965795636177063
road157_png.rf.e48c88408b366592b950018ee5d6426d.jpg,11,0.7245005369186401,0.2070695459842682,0.11892671138048172,0.08946795016527176,0.6744529008865356
road157_png.rf.e48c88408b366592b950018ee5d6426d.jpg,1,0.7279144525527954,0.3065202534198761,0.1264830380678177,0.09149444848299026,0.0011521477717906237
road16_png.rf.9aba07c7ac70aab405028e7e8a750fb7.jpg,1,0.5849707722663879,0.25445589423179626,0.04089190438389778,0.15032349526882172,0.8709546327590942
road16_png.rf.9aba07c7ac70aab405028e7e8a750fb7.jpg,1,0.5870822072029114,0.22788013517856598,0.03671693801879883,0.09736930578947067,0.39722439646720886
road16_png.rf.9aba07c7ac70aab405028e7e8a750fb7.jpg,1,0.28281649947166443,0.47113674879074097,0.04053031653165817,0.08357084542512894,0.12379428744316101
road16_png.rf.9aba07c7ac70aab405028e7e8a750fb7.jpg,9,0.3368799388408661,0.40541934967041016,0.02737562544643879,0.053192541003227234,0.03543977439403534
road16_png.rf.9aba07c7ac70aab405028e7e8a750fb7.jpg,8,0.3372413218021393,0.4044091999530792,0.025740917772054672,0.055399417877197266,0.019380496814846992
road16_png.rf.9aba07c7ac70aab405028e7e8a750fb7.jpg,1,0.4536113739013672,0.918239951133728,0.06563054770231247,0.025419235229492188,0.01353414822369814
road16_png.rf.9aba07c7ac70aab405028e7e8a750fb7.jpg,9,0.7072820663452148,0.5154002904891968,0.023296503350138664,0.03687799721956253,0.008983250707387924
road16_png.rf.9aba07c7ac70aab405028e7e8a750fb7.jpg,10,0.7075406312942505,0.5174538493156433,0.02367364428937435,0.030688652768731117,0.00738881528377533
road16_png.rf.9aba07c7ac70aab405028e7e8a750fb7.jpg,1,0.5906274318695068,0.3085325360298157,0.05476892739534378,0.26091769337654114,0.0056837452575564384
road16_png.rf.9aba07c7ac70aab405028e7e8a750fb7.jpg,1,0.5929404497146606,0.24601353704929352,0.030973324552178383,0.13150623440742493,0.005660157650709152
road16_png.rf.9aba07c7ac70aab405028e7e8a750fb7.jpg,1,0.2866503894329071,0.5140867829322815,0.06666425615549088,0.17061597108840942,0.0049813599325716496
road16_png.rf.9aba07c7ac70aab405028e7e8a750fb7.jpg,10,0.33645564317703247,0.4039081335067749,0.02675386518239975,0.05575213208794594,0.0028178347274661064
road196_png.rf.6aa5da1b76ad6487d317d27963cc00d1.jpg,8,0.5602940917015076,0.31901419162750244,0.22919699549674988,0.16549378633499146,0.9553190469741821
road196_png.rf.6aa5da1b76ad6487d317d27963cc00d1.jpg,1,0.7274573445320129,0.7615635395050049,0.01828743889927864,0.011543640866875648,0.001907002180814743
road19_png.rf.05e1657af2361aab3c4d5deb43b29087.jpg,0,0.41018491983413696,0.32402756810188293,0.0714273452758789,0.1425337791442871,0.19984345138072968
road19_png.rf.05e1657af2361aab3c4d5deb43b29087.jpg,1,0.4127214848995209,0.32770025730133057,0.07234830409288406,0.12145790457725525,0.11607987433671951
road19_png.rf.05e1657af2361aab3c4d5deb43b29087.jpg,1,0.46613532304763794,0.34123092889785767,0.040435791015625,0.10959669202566147,0.0014612043742090464
road19_png.rf.05e1657af2361aab3c4d5deb43b29087.jpg,8,0.41359809041023254,0.3284330368041992,0.06613004952669144,0.1210743859410286,0.001235639676451683
road243_png.rf.555053220adbac3849def1e4105008fd.jpg,3,0.5263429880142212,0.6100613474845886,0.04199523106217384,0.03530384972691536,0.5197222232818604
road243_png.rf.555053220adbac3849def1e4105008fd.jpg,3,0.4824201762676239,0.6099682450294495,0.0419684574007988,0.03425920754671097,0.4773029088973999
road243_png.rf.555053220adbac3849def1e4105008fd.jpg,12,0.48331117630004883,0.6105567812919617,0.04180967062711716,0.03454744070768356,0.21614515781402588
road243_png.rf.555053220adbac3849def1e4105008fd.jpg,9,0.5268495082855225,0.6093943119049072,0.04249363765120506,0.034329816699028015,0.20155063271522522
road243_png.rf.555053220adbac3849def1e4105008fd.jpg,12,0.5265880823135376,0.6101654171943665,0.040127094835042953,0.03611014410853386,0.1972097009420395
road243_png.rf.555053220adbac3849def1e4105008fd.jpg,9,0.48269957304000854,0.6103270053863525,0.04202527180314064,0.03546142578125,0.14380650222301483
road243_png.rf.555053220adbac3849def1e4105008fd.jpg,9,0.5149185061454773,0.6093161702156067,0.03141997382044792,0.03700384870171547,0.002852825680747628
road243_png.rf.555053220adbac3849def1e4105008fd.jpg,5,0.5267555117607117,0.6129156351089478,0.03717745095491409,0.0384654626250267,0.002250825287774205
road243_png.rf.555053220adbac3849def1e4105008fd.jpg,5,0.48037955164909363,0.6132692098617554,0.041898250579833984,0.037631988525390625,0.0013492479920387268
road254_png.rf.5ed92d428851755882973a8e28944076.jpg,8,0.4438937306404114,0.2420649230480194,0.1603921800851822,0.11508122086524963,0.9161721467971802
road254_png.rf.5ed92d428851755882973a8e28944076.jpg,1,0.04002511501312256,0.7854509353637695,0.016143012791872025,0.039478447288274765,0.01128994207829237
road254_png.rf.5ed92d428851755882973a8e28944076.jpg,0,0.3177582025527954,0.22182336449623108,0.11237531155347824,0.06365612894296646,0.0019425867358222604
road260_png.rf.47ad1e33078da07b4bf3b0e5712c926d.jpg,8,0.5420711636543274,0.4128400683403015,0.2203676551580429,0.17836438119411469,0.9672085046768188
road277_png.rf.3f53c2534447d823337f731b63c65c75.jpg,8,0.6595719456672668,0.32388606667518616,0.19079667329788208,0.13873741030693054,0.9384220242500305
road277_png.rf.3f53c2534447d823337f731b63c65c75.jpg,0,0.7689496278762817,0.3615724444389343,0.01614115759730339,0.05900639668107033,0.0017400624928995967
road286_png.rf.702db0cc9906e626d838a77a4e79244d.jpg,8,0.475084513425827,0.42262935638427734,0.2273348718881607,0.1725972294807434,0.9619966745376587
road286_png.rf.702db0cc9906e626d838a77a4e79244d.jpg,1,0.14635077118873596,0.04093485698103905,0.056433722376823425,0.08122476935386658,0.004096562042832375
road286_png.rf.702db0cc9906e626d838a77a4e79244d.jpg,1,0.03504498675465584,0.5036348700523376,0.05632253736257553,0.03224867954850197,0.0019244867144152522
road286_png.rf.702db0cc9906e626d838a77a4e79244d.jpg,1,0.15575434267520905,0.01616373285651207,0.03837761655449867,0.0304392259567976,0.001220927806571126
road288_png.rf.db64fffa70c02e58aabcbb10e3a19798.jpg,8,0.3974451720714569,0.47368019819259644,0.11348522454500198,0.08388614654541016,0.9572505950927734
road288_png.rf.db64fffa70c02e58aabcbb10e3a19798.jpg,1,0.4993453025817871,0.0300618726760149,0.019997963681817055,0.05872185528278351,0.0011240366147831082
road289_png.rf.ba6012fe8a27d9f53d8d66bb29db5ad8.jpg,14,0.3485407531261444,0.4558807611465454,0.2809178829193115,0.20975758135318756,0.8725806474685669
road289_png.rf.ba6012fe8a27d9f53d8d66bb29db5ad8.jpg,0,0.9278316497802734,0.8966373801231384,0.14433670043945312,0.20672519505023956,0.021443327888846397
road289_png.rf.ba6012fe8a27d9f53d8d66bb29db5ad8.jpg,1,0.34998366236686707,0.4603894352912903,0.2858377993106842,0.22006559371948242,0.005723548121750355
road289_png.rf.ba6012fe8a27d9f53d8d66bb29db5ad8.jpg,1,0.9225391745567322,0.8892656564712524,0.1549215316772461,0.2180788367986679,0.0015153591521084309
road28_png.rf.d0de3563c76ae8b60ecdaf41757d472b.jpg,9,0.7303513884544373,0.14565764367580414,0.028828181326389313,0.06352372467517853,0.36062368750572205
road28_png.rf.d0de3563c76ae8b60ecdaf41757d472b.jpg,1,0.44820964336395264,0.08137784898281097,0.038566954433918,0.14752723276615143,0.16069544851779938
road28_png.rf.d0de3563c76ae8b60ecdaf41757d472b.jpg,8,0.7309224009513855,0.1472272127866745,0.030050717294216156,0.06477770209312439,0.048170994967222214
road28_png.rf.d0de3563c76ae8b60ecdaf41757d472b.jpg,1,0.7065277695655823,0.3243843913078308,0.04492466151714325,0.15574094653129578,0.040269821882247925
road28_png.rf.d0de3563c76ae8b60ecdaf41757d472b.jpg,1,0.4484332203865051,0.052887074649333954,0.033759668469429016,0.08517085760831833,0.004934942815452814
road28_png.rf.d0de3563c76ae8b60ecdaf41757d472b.jpg,9,0.4587901830673218,0.320123553276062,0.01637774333357811,0.054221171885728836,0.004027356393635273
road28_png.rf.d0de3563c76ae8b60ecdaf41757d472b.jpg,1,0.7076311111450195,0.3051862120628357,0.03770637512207031,0.0795261338353157,0.0034948040265589952
road28_png.rf.d0de3563c76ae8b60ecdaf41757d472b.jpg,1,0.23846152424812317,0.5547152161598206,0.10111027210950851,0.20135171711444855,0.0027000177651643753
road28_png.rf.d0de3563c76ae8b60ecdaf41757d472b.jpg,8,0.7014362812042236,0.48949354887008667,0.04907013848423958,0.056735992431640625,0.002318344544619322
road28_png.rf.d0de3563c76ae8b60ecdaf41757d472b.jpg,1,0.35890352725982666,0.41739383339881897,0.0737798735499382,0.26464948058128357,0.0016609280137345195
road28_png.rf.d0de3563c76ae8b60ecdaf41757d472b.jpg,0,0.4477001428604126,0.08246377855539322,0.03844118118286133,0.1352504938840866,0.001391386496834457
road28_png.rf.d0de3563c76ae8b60ecdaf41757d472b.jpg,1,0.7078214883804321,0.29001927375793457,0.03592674434185028,0.045631811022758484,0.0010536585468798876
road305_png.rf.f807df671677244a7387d2ffbe200f58.jpg,11,0.5421097278594971,0.4207572340965271,0.4836912155151367,0.5375902652740479,0.6440344452857971
road312_png.rf.ad2229fb2f7e136d7747b9568f121af4.jpg,11,0.28795358538627625,0.36970436573028564,0.5155869722366333,0.5537876486778259,0.7632647752761841
road314_png.rf.697a2d138347ee6ee2da288b2ffe8e9d.jpg,8,0.4755301773548126,0.4930664300918579,0.1787998080253601,0.14153917133808136,0.9348945617675781
road314_png.rf.697a2d138347ee6ee2da288b2ffe8e9d.jpg,8,0.17345380783081055,0.7130675911903381,0.08109789341688156,0.06681743264198303,0.8589983582496643
road314_png.rf.697a2d138347ee6ee2da288b2ffe8e9d.jpg,5,0.6885479688644409,0.7431092858314514,0.061929408460855484,0.04920211061835289,0.005218105390667915
road320_png.rf.65f55afb9e0eb549cb01be72786c8b42.jpg,8,0.6119435429573059,0.5969734191894531,0.15849953889846802,0.12022341042757034,0.9470685124397278
road321_png.rf.f9c13308da074b8ee78f43f6c7ea54f3.jpg,8,0.517282247543335,0.4819203019142151,0.13278807699680328,0.10623891651630402,0.9324554800987244
road322_png.rf.6028574359019d435c66689704d0418f.jpg,8,0.42684629559516907,0.4510264992713928,0.15378618240356445,0.15299862623214722,0.9571044445037842
road322_png.rf.6028574359019d435c66689704d0418f.jpg,0,0.9913526773452759,0.10081649571657181,0.016988754272460938,0.08685076981782913,0.0019250006880611181
road323_png.rf.b843dd95b3d22917710ac75cca4a57b0.jpg,9,0.6018533706665039,0.6146388649940491,0.2775416970252991,0.21220214664936066,0.9625378847122192
road323_png.rf.b843dd95b3d22917710ac75cca4a57b0.jpg,14,0.5655530095100403,0.4151166081428528,0.2447606921195984,0.18101167678833008,0.9038355350494385
road339_png.rf.a176f5700f7182473dd4c3a268ebcbbd.jpg,14,0.497352659702301,0.26141101121902466,0.37050861120224,0.28764376044273376,0.910211980342865
road339_png.rf.a176f5700f7182473dd4c3a268ebcbbd.jpg,1,0.48968225717544556,0.5439401268959045,0.8886910676956177,0.9121198058128357,0.0034307027235627174
road339_png.rf.a176f5700f7182473dd4c3a268ebcbbd.jpg,1,0.460665225982666,0.24781568348407745,0.3024940490722656,0.28648531436920166,0.0023588829208165407
road339_png.rf.a176f5700f7182473dd4c3a268ebcbbd.jpg,1,0.47567224502563477,0.5527571439743042,0.4681692123413086,0.8944857716560364,0.0021024062298238277
road351_png.rf.917ea4e951348855c275b66bb4d890ad.jpg,8,0.5088456273078918,0.3805602192878723,0.25541624426841736,0.19520719349384308,0.9179263114929199
road351_png.rf.917ea4e951348855c275b66bb4d890ad.jpg,0,0.21499480307102203,0.10265104472637177,0.018703369423747063,0.034238822758197784,0.0028500775806605816
road351_png.rf.917ea4e951348855c275b66bb4d890ad.jpg,0,0.07302667200565338,0.10162469744682312,0.026017436757683754,0.03531074523925781,0.0015934607945382595
road351_png.rf.917ea4e951348855c275b66bb4d890ad.jpg,0,0.009473239071667194,0.36289602518081665,0.01830405928194523,0.02890150435268879,0.0015132315456867218
road353_png.rf.deb497f4908212e3409c887fbb0544df.jpg,8,0.44588375091552734,0.5019038915634155,0.20349542796611786,0.1376718431711197,0.7950059771537781
road353_png.rf.deb497f4908212e3409c887fbb0544df.jpg,0,0.595062792301178,0.02640240639448166,0.19221283495426178,0.05059462785720825,0.004173080902546644
road353_png.rf.deb497f4908212e3409c887fbb0544df.jpg,0,0.6388928294181824,0.21009454131126404,0.6201235055923462,0.4201890826225281,0.003846230683848262
road353_png.rf.deb497f4908212e3409c887fbb0544df.jpg,0,0.6863728165626526,0.00814083032310009,0.07046142220497131,0.01615721359848976,0.0021231479477137327
road353_png.rf.deb497f4908212e3409c887fbb0544df.jpg,0,0.3514377772808075,0.017717348411679268,0.21037589013576508,0.035122763365507126,0.0020427803974598646
road353_png.rf.deb497f4908212e3409c887fbb0544df.jpg,1,0.38189977407455444,0.017069846391677856,0.13231772184371948,0.03221563249826431,0.0015840952983126044
road355_png.rf.c43f3ac674a10af91051d8cb228747ad.jpg,8,0.41197440028190613,0.37624162435531616,0.18099069595336914,0.12598687410354614,0.9208294749259949
road355_png.rf.c43f3ac674a10af91051d8cb228747ad.jpg,1,0.17024025321006775,0.2748510241508484,0.10812410712242126,0.06939277052879333,0.001159326871857047
road362_png.rf.765355e68b8097399c60024a6f28840c.jpg,8,0.3934484124183655,0.49509093165397644,0.22780081629753113,0.17207926511764526,0.9698039293289185
road367_png.rf.68facda4326805592fce6d2bfb2dba6c.jpg,7,0.4387055039405823,0.428951621055603,0.12624245882034302,0.09588047116994858,0.5537848472595215
road367_png.rf.68facda4326805592fce6d2bfb2dba6c.jpg,12,0.4382229149341583,0.427901953458786,0.12086677551269531,0.09425390511751175,0.30428531765937805
road367_png.rf.68facda4326805592fce6d2bfb2dba6c.jpg,10,0.43911582231521606,0.43007391691207886,0.12350822985172272,0.09517823904752731,0.21261094510555267
road367_png.rf.68facda4326805592fce6d2bfb2dba6c.jpg,11,0.4371981620788574,0.42859750986099243,0.12074434012174606,0.09478242695331573,0.00359982973895967
road388_png.rf.cc49d1d1343172eaa95da35bf070a7d3.jpg,13,0.5381456613540649,0.38298872113227844,0.11120454967021942,0.08139078319072723,0.9510126709938049
road388_png.rf.cc49d1d1343172eaa95da35bf070a7d3.jpg,3,0.5365094542503357,0.3835819661617279,0.11243926733732224,0.08322502672672272,0.17131975293159485
road388_png.rf.cc49d1d1343172eaa95da35bf070a7d3.jpg,12,0.5356189608573914,0.38234850764274597,0.10748027265071869,0.08172695338726044,0.014959165826439857
road388_png.rf.cc49d1d1343172eaa95da35bf070a7d3.jpg,0,0.6384314298629761,0.6493598222732544,0.2968900501728058,0.25143903493881226,0.0019533787854015827
road388_png.rf.cc49d1d1343172eaa95da35bf070a7d3.jpg,0,0.557162880897522,0.6547213196754456,0.4955883324146271,0.23700274527072906,0.0015118876472115517
road38_png.rf.8b6e15b041aab397eb10b38728fa1e15.jpg,1,0.7534068822860718,0.6085057854652405,0.14235569536685944,0.18938365578651428,0.821044921875
road38_png.rf.8b6e15b041aab397eb10b38728fa1e15.jpg,1,0.7479501962661743,0.7460524439811707,0.15715621411800385,0.47546860575675964,0.6192841529846191
road38_png.rf.8b6e15b041aab397eb10b38728fa1e15.jpg,1,0.09467113018035889,0.3213036358356476,0.18082085251808167,0.641162633895874,0.5708922147750854
road38_png.rf.8b6e15b041aab397eb10b38728fa1e15.jpg,1,0.800792396068573,0.7333444356918335,0.24662531912326813,0.4553934335708618,0.2712268531322479
road38_png.rf.8b6e15b041aab397eb10b38728fa1e15.jpg,1,0.7423449158668518,0.7032300233840942,0.2286471575498581,0.3785822093486786,0.22209161520004272
road38_png.rf.8b6e15b041aab397eb10b38728fa1e15.jpg,1,0.7619913816452026,0.6391357779502869,0.13195191323757172,0.12303869426250458,0.20115821063518524
road38_png.rf.8b6e15b041aab397eb10b38728fa1e15.jpg,1,0.20633772015571594,0.5173825621604919,0.4114534258842468,0.9595658779144287,0.10540425777435303
road38_png.rf.8b6e15b041aab397eb10b38728fa1e15.jpg,0,0.7442421317100525,0.7055968046188354,0.13504241406917572,0.37822893261909485,0.05045309662818909
road38_png.rf.8b6e15b041aab397eb10b38728fa1e15.jpg,1,0.10013318061828613,0.19516462087631226,0.1559494435787201,0.3903292417526245,0.04790496453642845
road38_png.rf.8b6e15b041aab397eb10b38728fa1e15.jpg,1,0.6941861510276794,0.7490324378013611,0.10230636596679688,0.48509323596954346,0.0362970270216465
road38_png.rf.8b6e15b041aab397eb10b38728fa1e15.jpg,1,0.12556219100952148,0.48943185806274414,0.24742558598518372,0.9788637161254883,0.026336094364523888
road38_png.rf.8b6e15b041aab397eb10b38728fa1e15.jpg,1,0.67294842004776,0.7502325773239136,0.06404091417789459,0.4837339222431183,0.024124830961227417
road38_png.rf.8b6e15b041aab397eb10b38728fa1e15.jpg,1,0.19424813985824585,0.16361220180988312,0.13065318763256073,0.32722440361976624,0.007694463711231947
road38_png.rf.8b6e15b041aab397eb10b38728fa1e15.jpg,1,0.7398084402084351,0.5397852659225464,0.10489214211702347,0.04119337350130081,0.00496766809374094
road38_png.rf.8b6e15b041aab397eb10b38728fa1e15.jpg,1,0.7867000102996826,0.6297333836555481,0.09058702737092972,0.1421193778514862,0.004600049462169409
road38_png.rf.8b6e15b041aab397eb10b38728fa1e15.jpg,1,0.11351266503334045,0.11508096009492874,0.165749654173851,0.22888003289699554,0.004090190399438143
road38_png.rf.8b6e15b041aab397eb10b38728fa1e15.jpg,1,0.19053134322166443,0.13949048519134521,0.23310565948486328,0.27898097038269043,0.0032879109494388103
road38_png.rf.8b6e15b041aab397eb10b38728fa1e15.jpg,1,0.2048216611146927,0.08695734292268753,0.17223092913627625,0.17166918516159058,0.0025731786154210567
road38_png.rf.8b6e15b041aab397eb10b38728fa1e15.jpg,1,0.2442350685596466,0.2779354453086853,0.12750376760959625,0.553033173084259,0.002215292304754257
road38_png.rf.8b6e15b041aab397eb10b38728fa1e15.jpg,1,0.8458501100540161,0.7779969573020935,0.3082996606826782,0.24386031925678253,0.0019353992538526654
road38_png.rf.8b6e15b041aab397eb10b38728fa1e15.jpg,1,0.5704551339149475,0.7531598806381226,0.16453970968723297,0.47853702306747437,0.0018525434425100684
road38_png.rf.8b6e15b041aab397eb10b38728fa1e15.jpg,0,0.10276985168457031,0.4071304202079773,0.20138682425022125,0.8142608404159546,0.0018195533193647861
road38_png.rf.8b6e15b041aab397eb10b38728fa1e15.jpg,0,0.567710280418396,0.7242006063461304,0.15798932313919067,0.47195035219192505,0.0017246323404833674
road38_png.rf.8b6e15b041aab397eb10b38728fa1e15.jpg,1,0.10876098275184631,0.21108770370483398,0.019231529906392097,0.04489073529839516,0.0015070114750415087
road38_png.rf.8b6e15b041aab397eb10b38728fa1e15.jpg,1,0.1373940408229828,0.19101832807064056,0.0732419565320015,0.38203665614128113,0.0014920413959771395
road38_png.rf.8b6e15b041aab397eb10b38728fa1e15.jpg,1,0.1181919053196907,0.030620936304330826,0.1720646321773529,0.06124187260866165,0.0011309400433674455
road38_png.rf.8b6e15b041aab397eb10b38728fa1e15.jpg,1,0.10455714911222458,0.12906837463378906,0.016027020290493965,0.03589010238647461,0.0011263679480180144
road38_png.rf.8b6e15b041aab397eb10b38728fa1e15.jpg,1,0.2218519151210785,0.17020805180072784,0.10662258416414261,0.3404161036014557,0.0010733185335993767
road38_png.rf.8b6e15b041aab397eb10b38728fa1e15.jpg,1,0.12267784029245377,0.22280946373939514,0.05081484094262123,0.06254205107688904,0.0010486200917512178
road393_png.rf.4fe43a89433923b9841d1435d98c4aae.jpg,3,0.5457110404968262,0.6781250834465027,0.11238633841276169,0.08620599657297134,0.9588613510131836
road393_png.rf.4fe43a89433923b9841d1435d98c4aae.jpg,12,0.545596718788147,0.6778382658958435,0.11329852789640427,0.08601856231689453,0.004057866986840963
road397_png.rf.64b46468e2e241a3cb5dbce555894da3.jpg,3,0.5845226645469666,0.25297197699546814,0.30267444252967834,0.22080105543136597,0.9891401529312134
road400_png.rf.03186a0125d7e8f9ccbad9322201c91a.jpg,3,0.6337255239486694,0.5623919367790222,0.1555614471435547,0.1154438927769661,0.996479332447052
road400_png.rf.03186a0125d7e8f9ccbad9322201c91a.jpg,0,0.6344060897827148,0.5618463158607483,0.1526544988155365,0.11408460885286331,0.15554025769233704
road402_png.rf.8b57601c39d08578c3fba71d26f6dd1a.jpg,13,0.42169272899627686,0.658799409866333,0.11274528503417969,0.08520984649658203,0.9385098814964294
road402_png.rf.8b57601c39d08578c3fba71d26f6dd1a.jpg,12,0.42297622561454773,0.6587485074996948,0.11331301182508469,0.08880901336669922,0.033652033656835556
road402_png.rf.8b57601c39d08578c3fba71d26f6dd1a.jpg,3,0.42274364829063416,0.6590303182601929,0.11251115798950195,0.08887390047311783,0.003723116358742118
road402_png.rf.8b57601c39d08578c3fba71d26f6dd1a.jpg,0,0.6912527680397034,0.47934138774871826,0.6162415742874146,0.9586827754974365,0.002631605137139559
road412_png.rf.f3dc3c3dcb2d0a679c190b33c3a3178b.jpg,3,0.579154372215271,0.5116478800773621,0.08348388224840164,0.06608963012695312,0.9797443151473999
road412_png.rf.f3dc3c3dcb2d0a679c190b33c3a3178b.jpg,0,0.9459413290023804,0.9715700149536133,0.015840530395507812,0.056229811161756516,0.002206210745498538
road420_png.rf.4db7dbd13a7b9c37ddddb7df9adf0834.jpg,13,0.5342612266540527,0.6135845184326172,0.2058330625295639,0.1530233472585678,0.9912863373756409
road420_png.rf.4db7dbd13a7b9c37ddddb7df9adf0834.jpg,0,0.27858105301856995,0.36922726035118103,0.5571621060371399,0.7384545207023621,0.058973249047994614
road420_png.rf.4db7dbd13a7b9c37ddddb7df9adf0834.jpg,0,0.20610922574996948,0.7886781692504883,0.0347551554441452,0.025344261899590492,0.0028162342496216297
road420_png.rf.4db7dbd13a7b9c37ddddb7df9adf0834.jpg,1,0.15216055512428284,0.8590887784957886,0.06397522985935211,0.030968813225626945,0.0023051821626722813
road420_png.rf.4db7dbd13a7b9c37ddddb7df9adf0834.jpg,8,0.2060243934392929,0.7883177399635315,0.03309288248419762,0.02560153417289257,0.0019638200756162405
road420_png.rf.4db7dbd13a7b9c37ddddb7df9adf0834.jpg,1,0.07942405343055725,0.9039466381072998,0.01894364506006241,0.014007201418280602,0.0016095302999019623
road420_png.rf.4db7dbd13a7b9c37ddddb7df9adf0834.jpg,3,0.5319151282310486,0.6154288649559021,0.20623013377189636,0.15923196077346802,0.0015729338629171252
road421_png.rf.cd6d5f5724ac207f49f64d2ecc32f9f6.jpg,13,0.5234790444374084,0.49845951795578003,0.2601442337036133,0.1942525953054428,0.9846577048301697
road422_png.rf.9b9d58bbb154a5b030ff2addac608ef8.jpg,12,0.35788601636886597,0.534929633140564,0.0594586580991745,0.04548854008316994,0.570867121219635
road422_png.rf.9b9d58bbb154a5b030ff2addac608ef8.jpg,9,0.04447827860713005,0.6601693630218506,0.034739308059215546,0.02771494910120964,0.03134043142199516
road422_png.rf.9b9d58bbb154a5b030ff2addac608ef8.jpg,5,0.35777372121810913,0.5354819297790527,0.061578236520290375,0.04695921763777733,0.02042747102677822
road422_png.rf.9b9d58bbb154a5b030ff2addac608ef8.jpg,13,0.35728248953819275,0.5382258892059326,0.06092012673616409,0.051180727779865265,0.011966954916715622
road422_png.rf.9b9d58bbb154a5b030ff2addac608ef8.jpg,8,0.3755964934825897,0.5825967788696289,0.021980762481689453,0.036952972412109375,0.0070657990872859955
road422_png.rf.9b9d58bbb154a5b030ff2addac608ef8.jpg,8,0.3603760302066803,0.583190381526947,0.05578459054231644,0.040362175554037094,0.004643791820853949
road422_png.rf.9b9d58bbb154a5b030ff2addac608ef8.jpg,1,0.3641315996646881,0.5825010538101196,0.047549907118082047,0.041992004960775375,0.002909984439611435
road422_png.rf.9b9d58bbb154a5b030ff2addac608ef8.jpg,8,0.050647538155317307,0.6596133708953857,0.04836561158299446,0.032263536006212234,0.0014549278421327472
road431_png.rf.4cf451707a1af9d139094513881b7654.jpg,13,0.18048864603042603,0.6036015748977661,0.1881098449230194,0.14604631066322327,0.9875275492668152
road431_png.rf.4cf451707a1af9d139094513881b7654.jpg,0,0.5964747071266174,0.9544000029563904,0.012581421993672848,0.021205095574259758,0.003463184693828225
road431_png.rf.4cf451707a1af9d139094513881b7654.jpg,8,0.20111428201198578,0.5769977569580078,0.13744235038757324,0.08998607099056244,0.002561651635915041
road439_png.rf.3a8f1ca30bf60d80f05733e8d83212d9.jpg,13,0.25970473885536194,0.7924690246582031,0.16735775768756866,0.12964153289794922,0.9913354516029358
road43_png.rf.c576096fc5f0b00379321f94ddffcbc6.jpg,0,0.24071326851844788,0.3823358416557312,0.03319331258535385,0.10715147107839584,0.7676191329956055
road43_png.rf.c576096fc5f0b00379321f94ddffcbc6.jpg,0,0.4579674005508423,0.3612407147884369,0.033663198351860046,0.11150961369276047,0.7368491888046265
road43_png.rf.c576096fc5f0b00379321f94ddffcbc6.jpg,0,0.6757327318191528,0.5286204814910889,0.02433556690812111,0.08161027729511261,0.5614427328109741
road43_png.rf.c576096fc5f0b00379321f94ddffcbc6.jpg,0,0.04230155795812607,0.4057483673095703,0.03500836715102196,0.1159479096531868,0.5353577733039856
road43_png.rf.c576096fc5f0b00379321f94ddffcbc6.jpg,0,0.8387706279754639,0.5265861749649048,0.02628062292933464,0.08437652140855789,0.4652544856071472
road43_png.rf.c576096fc5f0b00379321f94ddffcbc6.jpg,1,0.4007774591445923,0.8376531004905701,0.020109286531805992,0.05203782767057419,0.3293122947216034
road43_png.rf.c576096fc5f0b00379321f94ddffcbc6.jpg,1,0.4015596807003021,0.8258638381958008,0.020523805171251297,0.08172240853309631,0.12271014600992203
road43_png.rf.c576096fc5f0b00379321f94ddffcbc6.jpg,1,0.5762066841125488,0.8336426615715027,0.08395789563655853,0.06346820294857025,0.04762361943721771
road43_png.rf.c576096fc5f0b00379321f94ddffcbc6.jpg,1,0.13925249874591827,0.7854135036468506,0.09495209902524948,0.04612482339143753,0.03941120579838753
road43_png.rf.c576096fc5f0b00379321f94ddffcbc6.jpg,1,0.13968726992607117,0.7791645526885986,0.061688899993896484,0.0331018902361393,0.03728127479553223
road43_png.rf.c576096fc5f0b00379321f94ddffcbc6.jpg,0,0.4597640633583069,0.3474675714969635,0.024796485900878906,0.07811513543128967,0.019846484065055847
road43_png.rf.c576096fc5f0b00379321f94ddffcbc6.jpg,1,0.6510033011436462,0.731248140335083,0.026178359985351562,0.03596056252717972,0.016529332846403122
road43_png.rf.c576096fc5f0b00379321f94ddffcbc6.jpg,0,0.7054248452186584,0.5077073574066162,0.0291286613792181,0.02246236801147461,0.015048488043248653
road43_png.rf.c576096fc5f0b00379321f94ddffcbc6.jpg,0,0.5367307066917419,0.7343082427978516,0.030969802290201187,0.04385530203580856,0.013590795919299126
road43_png.rf.c576096fc5f0b00379321f94ddffcbc6.jpg,1,0.6751706600189209,0.8098430633544922,0.05168944224715233,0.023359665647149086,0.012394496239721775
road43_png.rf.c576096fc5f0b00379321f94ddffcbc6.jpg,1,0.7496259212493896,0.8176864385604858,0.054223280400037766,0.03583482652902603,0.01061040535569191
road43_png.rf.c576096fc5f0b00379321f94ddffcbc6.jpg,1,0.09590236842632294,0.8742666244506836,0.03319328650832176,0.04999601095914841,0.01020940113812685
road43_png.rf.c576096fc5f0b00379321f94ddffcbc6.jpg,1,0.5847421884536743,0.8222157955169678,0.08279932290315628,0.04375648498535156,0.008542961440980434
road43_png.rf.c576096fc5f0b00379321f94ddffcbc6.jpg,1,0.5341110229492188,0.7280601263046265,0.028505325317382812,0.03323349729180336,0.008340458385646343
road43_png.rf.c576096fc5f0b00379321f94ddffcbc6.jpg,1,0.09538304805755615,0.8895548582077026,0.03831031173467636,0.07957054674625397,0.007440132088959217
road43_png.rf.c576096fc5f0b00379321f94ddffcbc6.jpg,1,0.7458368539810181,0.8373153209686279,0.06949314475059509,0.07281149178743362,0.006053062621504068
road43_png.rf.c576096fc5f0b00379321f94ddffcbc6.jpg,0,0.6865042448043823,0.5042624473571777,0.026900731027126312,0.03149927407503128,0.005905176978558302
road43_png.rf.c576096fc5f0b00379321f94ddffcbc6.jpg,0,0.4901837706565857,0.3383370041847229,0.02520638331770897,0.019462475553154945,0.005058167036622763
road43_png.rf.c576096fc5f0b00379321f94ddffcbc6.jpg,1,0.5734638571739197,0.8513811826705933,0.08662120997905731,0.08293834328651428,0.004840815905481577
road43_png.rf.c576096fc5f0b00379321f94ddffcbc6.jpg,8,0.38977867364883423,0.7500568628311157,0.03657994046807289,0.03619443625211716,0.004582739435136318
road43_png.rf.c576096fc5f0b00379321f94ddffcbc6.jpg,0,0.03227533400058746,0.411252498626709,0.0638502761721611,0.10735761374235153,0.0044919163919985294
road43_png.rf.c576096fc5f0b00379321f94ddffcbc6.jpg,1,0.7449966073036194,0.8230129480361938,0.06731642037630081,0.048124607652425766,0.003991208970546722
road43_png.rf.c576096fc5f0b00379321f94ddffcbc6.jpg,1,0.7218887805938721,0.8324801921844482,0.024086805060505867,0.05146562308073044,0.003498823381960392
road43_png.rf.c576096fc5f0b00379321f94ddffcbc6.jpg,0,0.4924829304218292,0.3400629460811615,0.020695282146334648,0.013882563449442387,0.0024269497953355312
road43_png.rf.c576096fc5f0b00379321f94ddffcbc6.jpg,1,0.10992924124002457,0.8719805479049683,0.04048149287700653,0.040737517178058624,0.0021515123080462217
road43_png.rf.c576096fc5f0b00379321f94ddffcbc6.jpg,1,0.31426751613616943,0.690500020980835,0.012995829805731773,0.03864552453160286,0.0020502156112343073
road43_png.rf.c576096fc5f0b00379321f94ddffcbc6.jpg,1,0.6450113654136658,0.736882746219635,0.03453885763883591,0.041052673012018204,0.0017974578076973557
road43_png.rf.c576096fc5f0b00379321f94ddffcbc6.jpg,1,0.712675929069519,0.8151239156723022,0.05128302797675133,0.03299889340996742,0.0017234194092452526
road43_png.rf.c576096fc5f0b00379321f94ddffcbc6.jpg,0,0.821956217288971,0.5408322811126709,0.027667632326483727,0.04322737827897072,0.001659778761677444
road43_png.rf.c576096fc5f0b00379321f94ddffcbc6.jpg,1,0.6501089930534363,0.8110772371292114,0.05969927832484245,0.02554607391357422,0.001635623979382217
road43_png.rf.c576096fc5f0b00379321f94ddffcbc6.jpg,1,0.4784853160381317,0.7609530091285706,0.031115055084228516,0.014962563291192055,0.0016030243132263422
road43_png.rf.c576096fc5f0b00379321f94ddffcbc6.jpg,3,0.8400242328643799,0.6434487700462341,0.02381874993443489,0.12172823399305344,0.0015687138075008988
road43_png.rf.c576096fc5f0b00379321f94ddffcbc6.jpg,0,0.23569375276565552,0.39292576909065247,0.047527991235256195,0.08994121104478836,0.0014900343958288431
road43_png.rf.c576096fc5f0b00379321f94ddffcbc6.jpg,8,0.8463195562362671,0.5291422605514526,0.03025040216743946,0.08125774562358856,0.0013940936187282205
road43_png.rf.c576096fc5f0b00379321f94ddffcbc6.jpg,8,0.8502799272537231,0.509602963924408,0.017632117494940758,0.034324463456869125,0.001215613097883761
road43_png.rf.c576096fc5f0b00379321f94ddffcbc6.jpg,1,0.3391776382923126,0.7513156533241272,0.01945466175675392,0.01786268688738346,0.0011737517779693007
road43_png.rf.c576096fc5f0b00379321f94ddffcbc6.jpg,0,0.6844391226768494,0.5137314200401306,0.027670860290527344,0.04751700535416603,0.0011312427232041955
road43_png.rf.c576096fc5f0b00379321f94ddffcbc6.jpg,0,0.4844779968261719,0.5497494339942932,0.9346224069595337,0.9005011916160583,0.0010774297406896949
road446_png.rf.f38afaa2d572c8426b05a88bdb4a5d3d.jpg,13,0.5286061763763428,0.3596736490726471,0.22011731564998627,0.17106206715106964,0.9936010241508484
road450_png.rf.4066ba8e8ac659692b69cbcf144c575f.jpg,10,0.47974807024002075,0.4431806802749634,0.14903967082500458,0.11612815409898758,0.9908059239387512
road450_png.rf.4066ba8e8ac659692b69cbcf144c575f.jpg,8,0.4800398051738739,0.3161635398864746,0.14430493116378784,0.11349707096815109,0.04846208542585373
road450_png.rf.4066ba8e8ac659692b69cbcf144c575f.jpg,9,0.4781377613544464,0.3138078451156616,0.1424749493598938,0.10133779793977737,0.027872635051608086
road450_png.rf.4066ba8e8ac659692b69cbcf144c575f.jpg,0,0.1828845888376236,0.9697035551071167,0.01867886632680893,0.059001557528972626,0.0013908135006204247
road453_png.rf.2ac6332c02e34b01f38bd0daf2dee199.jpg,10,0.44612252712249756,0.4776274263858795,0.27387601137161255,0.21724063158035278,0.9527533054351807
road453_png.rf.2ac6332c02e34b01f38bd0daf2dee199.jpg,9,0.43347012996673584,0.24981245398521423,0.25748446583747864,0.19764606654644012,0.23966054618358612
road453_png.rf.2ac6332c02e34b01f38bd0daf2dee199.jpg,1,0.435871422290802,0.2527323365211487,0.25901737809181213,0.20704863965511322,0.0029189831111580133
road453_png.rf.2ac6332c02e34b01f38bd0daf2dee199.jpg,1,0.43920743465423584,0.4660658836364746,0.26227378845214844,0.6407384872436523,0.0010878557804971933
road459_png.rf.90e8843192d53e6f83e48ef5a09736a3.jpg,12,0.4815979599952698,0.4422006607055664,0.2096238136291504,0.17000102996826172,0.9866858720779419
road459_png.rf.90e8843192d53e6f83e48ef5a09736a3.jpg,1,0.4105243980884552,0.8767509460449219,0.12942351400852203,0.24649810791015625,0.9163892269134521
road459_png.rf.90e8843192d53e6f83e48ef5a09736a3.jpg,1,0.41300076246261597,0.8492953777313232,0.12791678309440613,0.18191851675510406,0.7014418840408325
road459_png.rf.90e8843192d53e6f83e48ef5a09736a3.jpg,0,0.41394293308258057,0.9032148122787476,0.1323224902153015,0.19210170209407806,0.05884534493088722
road459_png.rf.90e8843192d53e6f83e48ef5a09736a3.jpg,14,0.43115565180778503,0.8012145161628723,0.08077793568372726,0.0799030140042305,0.0045092422515153885
road459_png.rf.90e8843192d53e6f83e48ef5a09736a3.jpg,1,0.3875404894351959,0.8797168731689453,0.5181231498718262,0.24056625366210938,0.003118632361292839
road45_png.rf.de2883de8bdeb35347f7dfbd23b1916c.jpg,0,0.6567023396492004,0.15027311444282532,0.03785016015172005,0.12311184406280518,0.4720649719238281
road45_png.rf.de2883de8bdeb35347f7dfbd23b1916c.jpg,0,0.665382444858551,0.17998310923576355,0.04145226255059242,0.03690556436777115,0.11159085482358932
road45_png.rf.de2883de8bdeb35347f7dfbd23b1916c.jpg,1,0.5423781871795654,0.8143476247787476,0.16610218584537506,0.29708555340766907,0.05066295340657234
road45_png.rf.de2883de8bdeb35347f7dfbd23b1916c.jpg,0,0.6623253226280212,0.17670056223869324,0.033954620361328125,0.05762028694152832,0.03439842164516449
road45_png.rf.de2883de8bdeb35347f7dfbd23b1916c.jpg,1,0.4962747395038605,0.8018712401390076,0.08702223002910614,0.23963744938373566,0.015018098056316376
road45_png.rf.de2883de8bdeb35347f7dfbd23b1916c.jpg,1,0.5103330612182617,0.729342520236969,0.07976227253675461,0.04628166928887367,0.00971943885087967
road45_png.rf.de2883de8bdeb35347f7dfbd23b1916c.jpg,1,0.518961489200592,0.7604255080223083,0.03100850060582161,0.11056870967149734,0.00834709033370018
road45_png.rf.de2883de8bdeb35347f7dfbd23b1916c.jpg,0,0.20538543164730072,0.5620884895324707,0.07787933945655823,0.04999292641878128,0.008040985092520714
road45_png.rf.de2883de8bdeb35347f7dfbd23b1916c.jpg,0,0.21269188821315765,0.571124255657196,0.0832112729549408,0.049162644892930984,0.005544069688767195
road45_png.rf.de2883de8bdeb35347f7dfbd23b1916c.jpg,0,0.20985060930252075,0.5573216080665588,0.09757920354604721,0.11260729283094406,0.004790165461599827
road45_png.rf.de2883de8bdeb35347f7dfbd23b1916c.jpg,0,0.6653827428817749,0.1489502340555191,0.042736198753118515,0.10618789494037628,0.003622569842264056
road45_png.rf.de2883de8bdeb35347f7dfbd23b1916c.jpg,0,0.2170594483613968,0.5721166729927063,0.07206311821937561,0.031027793884277344,0.0032609845511615276
road45_png.rf.de2883de8bdeb35347f7dfbd23b1916c.jpg,1,0.5321483612060547,0.7274545431137085,0.12659835815429688,0.0465337298810482,0.003046964528039098
road45_png.rf.de2883de8bdeb35347f7dfbd23b1916c.jpg,0,0.6817267537117004,0.17638161778450012,0.058103855699300766,0.034185171127319336,0.002973821945488453
road45_png.rf.de2883de8bdeb35347f7dfbd23b1916c.jpg,0,0.1017756313085556,0.5218663811683655,0.030499448999762535,0.041110698133707047,0.0014595843385905027
road466_png.rf.d57ae6325b53f1b11ebb16fbfefd48e0.jpg,12,0.3640132546424866,0.25078877806663513,0.27385926246643066,0.20134782791137695,0.9893731474876404
road466_png.rf.d57ae6325b53f1b11ebb16fbfefd48e0.jpg,0,0.3182520568370819,0.8204488158226013,0.17039097845554352,0.30218982696533203,0.8266423940658569
road466_png.rf.d57ae6325b53f1b11ebb16fbfefd48e0.jpg,0,0.3200344741344452,0.753913164138794,0.15797346830368042,0.27045726776123047,0.018408557400107384
road466_png.rf.d57ae6325b53f1b11ebb16fbfefd48e0.jpg,1,0.3218582570552826,0.7975534200668335,0.16467417776584625,0.37159162759780884,0.011593060567975044
road470_png.rf.7670afafae0b681bed4d7bd1ce2f1775.jpg,12,0.32437291741371155,0.5429272055625916,0.18481189012527466,0.14111310243606567,0.9686582088470459
road470_png.rf.7670afafae0b681bed4d7bd1ce2f1775.jpg,10,0.32304197549819946,0.5421438217163086,0.18262368440628052,0.14405404031276703,0.00928274542093277
road470_png.rf.7670afafae0b681bed4d7bd1ce2f1775.jpg,1,0.8199284076690674,0.31545740365982056,0.04440769925713539,0.04321789741516113,0.0014519451651722193
road470_png.rf.7670afafae0b681bed4d7bd1ce2f1775.jpg,8,0.8124006986618042,0.3129860758781433,0.030417002737522125,0.03884786739945412,0.0011721283663064241
road485_png.rf.27b8f614cd9acbfc022c4c40b8707cbf.jpg,12,0.3844793736934662,0.4745766818523407,0.43118998408317566,0.32124850153923035,0.9831534028053284
road487_png.rf.dc7045b0bb497d4a44959dc9f8466232.jpg,12,0.5768457651138306,0.42545801401138306,0.1062798872590065,0.08331108093261719,0.4422820508480072
road487_png.rf.dc7045b0bb497d4a44959dc9f8466232.jpg,11,0.5763859748840332,0.42498037219047546,0.10685575753450394,0.08279752731323242,0.2560383975505829
road487_png.rf.dc7045b0bb497d4a44959dc9f8466232.jpg,5,0.5756842494010925,0.4258081018924713,0.1074516624212265,0.08328085392713547,0.12784497439861298
road487_png.rf.dc7045b0bb497d4a44959dc9f8466232.jpg,9,0.5752560496330261,0.42515188455581665,0.10625208169221878,0.08483905345201492,0.04645128920674324
road487_png.rf.dc7045b0bb497d4a44959dc9f8466232.jpg,1,0.2712045907974243,0.012930314987897873,0.01895851269364357,0.024491269141435623,0.029035408049821854
road487_png.rf.dc7045b0bb497d4a44959dc9f8466232.jpg,7,0.575745165348053,0.42417657375335693,0.10423289984464645,0.08811616897583008,0.027930976822972298
road487_png.rf.dc7045b0bb497d4a44959dc9f8466232.jpg,1,0.2755765914916992,0.013201088644564152,0.018251236528158188,0.025895578786730766,0.008647987619042397
road487_png.rf.dc7045b0bb497d4a44959dc9f8466232.jpg,1,0.5110095143318176,0.019207682460546494,0.06882095336914062,0.03841536492109299,0.0038587383460253477
road487_png.rf.dc7045b0bb497d4a44959dc9f8466232.jpg,1,0.3000677227973938,0.020521976053714752,0.0214974507689476,0.04004385694861412,0.003499071579426527
road487_png.rf.dc7045b0bb497d4a44959dc9f8466232.jpg,0,0.6133427023887634,0.18219676613807678,0.013978261500597,0.02850198745727539,0.0011404412798583508
road488_png.rf.d96ab5854f2c6a2137b4005752cadeec.jpg,12,0.6736701130867004,0.36116334795951843,0.1261192113161087,0.09715414047241211,0.7618613839149475
road488_png.rf.d96ab5854f2c6a2137b4005752cadeec.jpg,5,0.6734848022460938,0.3602219223976135,0.12305252254009247,0.09822731465101242,0.07036224752664566
road488_png.rf.d96ab5854f2c6a2137b4005752cadeec.jpg,10,0.6739181280136108,0.3600054383277893,0.1247837021946907,0.09575429558753967,0.05853043496608734
road488_png.rf.d96ab5854f2c6a2137b4005752cadeec.jpg,9,0.6742883920669556,0.35953229665756226,0.12562711536884308,0.09607990086078644,0.05368241295218468
road488_png.rf.d96ab5854f2c6a2137b4005752cadeec.jpg,1,0.34677061438560486,0.016963882371783257,0.017709437757730484,0.03228046000003815,0.005660847760736942
road488_png.rf.d96ab5854f2c6a2137b4005752cadeec.jpg,1,0.35320135951042175,0.016635628417134285,0.022648334503173828,0.03191017732024193,0.003162579843774438
road488_png.rf.d96ab5854f2c6a2137b4005752cadeec.jpg,1,0.01051037386059761,0.017992690205574036,0.01735268160700798,0.03348633646965027,0.003029073355719447
road488_png.rf.d96ab5854f2c6a2137b4005752cadeec.jpg,0,0.21137526631355286,0.6931647062301636,0.011247836984694004,0.010805496945977211,0.003010506508871913
road488_png.rf.d96ab5854f2c6a2137b4005752cadeec.jpg,7,0.67414790391922,0.35846951603889465,0.12413714826107025,0.09451165795326233,0.0017997811082750559
road488_png.rf.d96ab5854f2c6a2137b4005752cadeec.jpg,1,0.0823129341006279,0.007393400184810162,0.02727382443845272,0.014683022163808346,0.0014321390772238374
road488_png.rf.d96ab5854f2c6a2137b4005752cadeec.jpg,0,0.18091103434562683,0.6824617385864258,0.011670975014567375,0.01038859412074089,0.001406109775416553
road488_png.rf.d96ab5854f2c6a2137b4005752cadeec.jpg,0,0.2158121019601822,0.6905667185783386,0.014562221243977547,0.009513928554952145,0.0013359668664634228
road490_png.rf.464f4426af72921b633d86c047b4eb7a.jpg,12,0.5317010879516602,0.3706573247909546,0.1573234647512436,0.12289491295814514,0.9500621557235718
road490_png.rf.464f4426af72921b633d86c047b4eb7a.jpg,13,0.5332881808280945,0.3696810007095337,0.15676556527614594,0.12565602362155914,0.0595223531126976
road490_png.rf.464f4426af72921b633d86c047b4eb7a.jpg,7,0.532433807849884,0.3698665499687195,0.15734903514385223,0.12483397126197815,0.02849881909787655
road490_png.rf.464f4426af72921b633d86c047b4eb7a.jpg,10,0.5325037240982056,0.36923107504844666,0.15842382609844208,0.12584951519966125,0.006456838920712471
road490_png.rf.464f4426af72921b633d86c047b4eb7a.jpg,1,0.4695936441421509,0.01087761577218771,0.01893502101302147,0.02175523154437542,0.003141956403851509
road490_png.rf.464f4426af72921b633d86c047b4eb7a.jpg,1,0.4073450267314911,0.008868212811648846,0.02130967006087303,0.01773642562329769,0.002813867526128888
road490_png.rf.464f4426af72921b633d86c047b4eb7a.jpg,13,0.04598185792565346,0.7904053926467896,0.007802821230143309,0.012373190373182297,0.002394651062786579
road490_png.rf.464f4426af72921b633d86c047b4eb7a.jpg,1,0.5191106796264648,0.012029795907437801,0.017025765031576157,0.024059591814875603,0.0016940354835242033
road491_png.rf.878b3a369b2f57b3edeb679ff3e03c23.jpg,12,0.5726134181022644,0.4035542607307434,0.19749432802200317,0.15004044771194458,0.9779244065284729
road491_png.rf.878b3a369b2f57b3edeb679ff3e03c23.jpg,0,0.2891831696033478,0.7953593730926514,0.013268856331706047,0.03580797463655472,0.06290093809366226
road491_png.rf.878b3a369b2f57b3edeb679ff3e03c23.jpg,0,0.28491437435150146,0.7955754995346069,0.014056773856282234,0.035465314984321594,0.024725299328565598
road491_png.rf.878b3a369b2f57b3edeb679ff3e03c23.jpg,13,0.5719456076622009,0.40233439207077026,0.1956244558095932,0.1536007672548294,0.001958360429853201
road506_png.rf.7a13ac3369dd9c4a13997267c82b32a6.jpg,12,0.31122297048568726,0.6733083128929138,0.2287934124469757,0.1808580607175827,0.9952406883239746
road519_png.rf.aa9e93bebe13bca1fd49aa4b08f47354.jpg,12,0.5807828307151794,0.470664918422699,0.08810824900865555,0.07068894803524017,0.5983848571777344
road519_png.rf.aa9e93bebe13bca1fd49aa4b08f47354.jpg,5,0.5810227990150452,0.471155047416687,0.0886424109339714,0.06910955160856247,0.2310514897108078
road519_png.rf.aa9e93bebe13bca1fd49aa4b08f47354.jpg,9,0.5807543992996216,0.47073400020599365,0.08719330281019211,0.06991881877183914,0.06386849284172058
road519_png.rf.aa9e93bebe13bca1fd49aa4b08f47354.jpg,13,0.5807783603668213,0.4706125855445862,0.08989378064870834,0.06806259602308273,0.012708114460110664
road519_png.rf.aa9e93bebe13bca1fd49aa4b08f47354.jpg,0,0.8802029490470886,0.8741469979286194,0.2395940124988556,0.25010907649993896,0.0031340699642896652
road519_png.rf.aa9e93bebe13bca1fd49aa4b08f47354.jpg,13,0.21044312417507172,0.8068006038665771,0.00906825065612793,0.009197235107421875,0.0019096960313618183
road51_png.rf.049d6ceefd959818a9f59c81f8d1387a.jpg,0,0.556352972984314,0.5465113520622253,0.1365528106689453,0.248907670378685,0.021409524604678154
road51_png.rf.049d6ceefd959818a9f59c81f8d1387a.jpg,0,0.5577171444892883,0.46582654118537903,0.13083671033382416,0.8951725363731384,0.005493320990353823
road51_png.rf.049d6ceefd959818a9f59c81f8d1387a.jpg,0,0.5489343404769897,0.6540442109107971,0.14120806753635406,0.66904616355896,0.004963716957718134
road51_png.rf.049d6ceefd959818a9f59c81f8d1387a.jpg,1,0.557353675365448,0.45638179779052734,0.1274082511663437,0.2875949740409851,0.004161781631410122
road51_png.rf.049d6ceefd959818a9f59c81f8d1387a.jpg,11,0.9146611094474792,0.08688393235206604,0.16848064959049225,0.17227396368980408,0.0034088401589542627
road51_png.rf.049d6ceefd959818a9f59c81f8d1387a.jpg,0,0.521221935749054,0.5818045735359192,0.0803518295288086,0.06181907653808594,0.0032022427767515182
road520_png.rf.937374420bcb13bddc7b27ad6128d860.jpg,12,0.6358509063720703,0.4088783860206604,0.15489710867404938,0.11653060466051102,0.982397198677063
road520_png.rf.937374420bcb13bddc7b27ad6128d860.jpg,13,0.6356598138809204,0.408998042345047,0.15378493070602417,0.11811883747577667,0.5158089995384216
road520_png.rf.937374420bcb13bddc7b27ad6128d860.jpg,5,0.6374035477638245,0.41014498472213745,0.15854336321353912,0.1165924072265625,0.001973443664610386
road554_png.rf.534262cf45c8f7f6ad9e709bfa74bd81.jpg,8,0.38182684779167175,0.710751473903656,0.17518144845962524,0.13534435629844666,0.9422093629837036
road573_png.rf.692497fab5c04bfffa1d5f4b2b285213.jpg,8,0.37850549817085266,0.6573078632354736,0.29917722940444946,0.2329372614622116,0.961565375328064
road573_png.rf.692497fab5c04bfffa1d5f4b2b285213.jpg,1,0.3576383590698242,0.6150862574577332,0.4219023585319519,0.7698274850845337,0.001474585267715156
road574_png.rf.e9300ee48cadd50aff3821e5d303d293.jpg,8,0.4931791424751282,0.6624342799186707,0.39504146575927734,0.30508655309677124,0.9638745784759521
road574_png.rf.e9300ee48cadd50aff3821e5d303d293.jpg,1,0.4505401849746704,0.5296681523323059,0.5475680828094482,0.6526075601577759,0.0030710732098668814
road574_png.rf.e9300ee48cadd50aff3821e5d303d293.jpg,1,0.46025440096855164,0.41868406534194946,0.6944653987884521,0.8373681306838989,0.002191052073612809
road574_png.rf.e9300ee48cadd50aff3821e5d303d293.jpg,9,0.4041207432746887,0.507398247718811,0.6625301837921143,0.6737331748008728,0.0014926822623237967
road576_png.rf.f46db39f9f64118df1377c6196897c25.jpg,8,0.2563207447528839,0.33316075801849365,0.12016087025403976,0.09124631434679031,0.8886119723320007
road576_png.rf.f46db39f9f64118df1377c6196897c25.jpg,10,0.533141016960144,0.6678456664085388,0.009864146821200848,0.010978331789374352,0.023451143875718117
road576_png.rf.f46db39f9f64118df1377c6196897c25.jpg,1,0.15613491833209991,0.6361722350120544,0.01908130757510662,0.046853210777044296,0.016459086909890175
road576_png.rf.f46db39f9f64118df1377c6196897c25.jpg,0,0.6329859495162964,0.7407727837562561,0.010613588616251945,0.02861829847097397,0.002960236743092537
road576_png.rf.f46db39f9f64118df1377c6196897c25.jpg,1,0.16487926244735718,0.6329511404037476,0.01169069018214941,0.04399622231721878,0.001041060546413064
road582_png.rf.930fbae49546d10b46e1f533c4e0a291.jpg,1,0.6456183195114136,0.6248327493667603,0.05175788700580597,0.11709323525428772,0.4043098986148834
road582_png.rf.930fbae49546d10b46e1f533c4e0a291.jpg,1,0.6462298035621643,0.5988228917121887,0.04695584252476692,0.05873815715312958,0.08348706364631653
road582_png.rf.930fbae49546d10b46e1f533c4e0a291.jpg,14,0.6467642188072205,0.5889880061149597,0.044429484754800797,0.03719579428434372,0.08284350484609604
road582_png.rf.930fbae49546d10b46e1f533c4e0a291.jpg,0,0.3527049422264099,0.36495691537857056,0.05217772349715233,0.11133432388305664,0.03861089423298836
road582_png.rf.930fbae49546d10b46e1f533c4e0a291.jpg,1,0.6384333968162537,0.6782317757606506,0.08011608570814133,0.2550928294658661,0.014613267034292221
road582_png.rf.930fbae49546d10b46e1f533c4e0a291.jpg,1,0.7207145094871521,0.7744513154029846,0.02053319476544857,0.019303688779473305,0.0017524134600535035
road585_png.rf.9f55a59547b49a85d4b9012e0f24859c.jpg,12,0.4998777210712433,0.31930479407310486,0.13061219453811646,0.10165610909461975,0.7246555685997009
road585_png.rf.9f55a59547b49a85d4b9012e0f24859c.jpg,7,0.5004539489746094,0.31870049238204956,0.13002967834472656,0.1021595373749733,0.1611243188381195
road585_png.rf.9f55a59547b49a85d4b9012e0f24859c.jpg,10,0.49930793046951294,0.3198884427547455,0.12893694639205933,0.10138643532991409,0.10738608986139297
road585_png.rf.9f55a59547b49a85d4b9012e0f24859c.jpg,5,0.5012743473052979,0.31940269470214844,0.1294480413198471,0.1003020703792572,0.0868554338812828
road585_png.rf.9f55a59547b49a85d4b9012e0f24859c.jpg,9,0.5028467178344727,0.31957578659057617,0.1273096203804016,0.10003451257944107,0.001148899900726974
road587_png.rf.a53ec0d32057731c117123acb2f3b4e1.jpg,12,0.454189658164978,0.5169451832771301,0.07022685557603836,0.0544019490480423,0.4663477838039398
road587_png.rf.a53ec0d32057731c117123acb2f3b4e1.jpg,5,0.45450496673583984,0.5177780985832214,0.07072239369153976,0.052758436650037766,0.20481768250465393
road587_png.rf.a53ec0d32057731c117123acb2f3b4e1.jpg,9,0.4542940855026245,0.5170218348503113,0.07121980935335159,0.053427036851644516,0.15841493010520935
road587_png.rf.a53ec0d32057731c117123acb2f3b4e1.jpg,1,0.12215662002563477,0.7024027705192566,0.016362905502319336,0.07836723327636719,0.12822921574115753
road587_png.rf.a53ec0d32057731c117123acb2f3b4e1.jpg,1,0.034373991191387177,0.6446760892868042,0.017561588436365128,0.02960432507097721,0.04258491471409798
road587_png.rf.a53ec0d32057731c117123acb2f3b4e1.jpg,1,0.12594005465507507,0.7070133686065674,0.019842881709337234,0.08994388580322266,0.021192075684666634
road587_png.rf.a53ec0d32057731c117123acb2f3b4e1.jpg,1,0.03371892869472504,0.6650299429893494,0.02045927383005619,0.07935457676649094,0.013952698558568954
road587_png.rf.a53ec0d32057731c117123acb2f3b4e1.jpg,8,0.4537773132324219,0.5740137696266174,0.07125318795442581,0.05708378925919533,0.013135652989149094
road587_png.rf.a53ec0d32057731c117123acb2f3b4e1.jpg,1,0.033830348402261734,0.6395395994186401,0.021963320672512054,0.027170401066541672,0.010675239376723766
road587_png.rf.a53ec0d32057731c117123acb2f3b4e1.jpg,1,0.12448669970035553,0.6865284442901611,0.019669432193040848,0.047952137887477875,0.010611225850880146
road587_png.rf.a53ec0d32057731c117123acb2f3b4e1.jpg,9,0.45347198843955994,0.5415967702865601,0.0727459117770195,0.10840969532728195,0.008569788187742233
road587_png.rf.a53ec0d32057731c117123acb2f3b4e1.jpg,1,0.027171561494469643,0.6452988982200623,0.04075944423675537,0.038681983947753906,0.002687562257051468
road587_png.rf.a53ec0d32057731c117123acb2f3b4e1.jpg,0,0.4501679539680481,0.6289663910865784,0.013106896542012691,0.04433488845825195,0.0020802468061447144
road587_png.rf.a53ec0d32057731c117123acb2f3b4e1.jpg,1,0.05375415086746216,0.6378325819969177,0.049096301198005676,0.03438597545027733,0.0017289220122620463
road587_png.rf.a53ec0d32057731c117123acb2f3b4e1.jpg,0,0.4823783040046692,0.40516191720962524,0.9537760019302368,0.8103238344192505,0.0011646054917946458
road596_png.rf.11f43967e3d8f54a7c94b5810f527f23.jpg,12,0.5075957775115967,0.3873877227306366,0.10889951884746552,0.08669687807559967,0.4832713007926941
road596_png.rf.11f43967e3d8f54a7c94b5810f527f23.jpg,7,0.5063229203224182,0.38694196939468384,0.1093970462679863,0.08502336591482162,0.22822244465351105
road596_png.rf.11f43967e3d8f54a7c94b5810f527f23.jpg,5,0.5076202750205994,0.38754379749298096,0.11168241500854492,0.08748611807823181,0.03868192061781883
road596_png.rf.11f43967e3d8f54a7c94b5810f527f23.jpg,10,0.5029921531677246,0.3867786228656769,0.10231626778841019,0.08785900473594666,0.0013407450169324875
road59_png.rf.f43173a745a9712aebbbc8f919e0fff6.jpg,14,0.6940388083457947,0.50273197889328,0.47370466589927673,0.6250845193862915,0.943086564540863
road59_png.rf.f43173a745a9712aebbbc8f919e0fff6.jpg,0,0.2509244680404663,0.017272749915719032,0.16926847398281097,0.034141167998313904,0.009982840158045292
road59_png.rf.f43173a745a9712aebbbc8f919e0fff6.jpg,0,0.19242613017559052,0.017532411962747574,0.05471022427082062,0.03506482392549515,0.006122534163296223
road59_png.rf.f43173a745a9712aebbbc8f919e0fff6.jpg,0,0.21214404702186584,0.017345065250992775,0.09706898778676987,0.03469013050198555,0.005449163727462292
road59_png.rf.f43173a745a9712aebbbc8f919e0fff6.jpg,0,0.17461153864860535,0.013717805035412312,0.08938971161842346,0.027435610070824623,0.0019863946363329887
road59_png.rf.f43173a745a9712aebbbc8f919e0fff6.jpg,0,0.24338017404079437,0.010169179178774357,0.15742895007133484,0.020102081820368767,0.0012256497284397483
road604_png.rf.78092f95d0c775d7e2b266dee85e6c5d.jpg,12,0.3296893835067749,0.29422661662101746,0.1560508906841278,0.117219939827919,0.9699744582176208
road604_png.rf.78092f95d0c775d7e2b266dee85e6c5d.jpg,10,0.3317435383796692,0.2942100167274475,0.1544230580329895,0.11605887860059738,0.41319650411605835
road604_png.rf.78092f95d0c775d7e2b266dee85e6c5d.jpg,13,0.33273717761039734,0.2940880060195923,0.1538819670677185,0.11875869333744049,0.04989049956202507
road604_png.rf.78092f95d0c775d7e2b266dee85e6c5d.jpg,7,0.33226892352104187,0.2941662669181824,0.15383972227573395,0.11830416321754456,0.02815026044845581
road604_png.rf.78092f95d0c775d7e2b266dee85e6c5d.jpg,12,0.331318199634552,0.49885278940200806,0.1577593982219696,0.5242816209793091,0.004651377908885479
road613_png.rf.560c13a685d02ca31a65b6b2b172772a.jpg,12,0.5619379281997681,0.5161780118942261,0.08668947219848633,0.06668794900178909,0.5029900670051575
road613_png.rf.560c13a685d02ca31a65b6b2b172772a.jpg,10,0.5620025396347046,0.5164054036140442,0.08691520243883133,0.0672907829284668,0.29023289680480957
road613_png.rf.560c13a685d02ca31a65b6b2b172772a.jpg,0,0.30552107095718384,0.5944371223449707,0.5958966016769409,0.8111257553100586,0.010059019550681114
road613_png.rf.560c13a685d02ca31a65b6b2b172772a.jpg,5,0.5616908073425293,0.5164089798927307,0.0867229625582695,0.06683386117219925,0.009042064659297466
road613_png.rf.560c13a685d02ca31a65b6b2b172772a.jpg,9,0.5625680088996887,0.5167068243026733,0.08594780415296555,0.06712304800748825,0.00608231732621789
road613_png.rf.560c13a685d02ca31a65b6b2b172772a.jpg,3,0.5613008141517639,0.5154473185539246,0.08564281463623047,0.0700298473238945,0.004986580926924944
road613_png.rf.560c13a685d02ca31a65b6b2b172772a.jpg,0,0.47984981536865234,0.5056365728378296,0.3379879295825958,0.9575267434120178,0.001605238183401525
road613_png.rf.560c13a685d02ca31a65b6b2b172772a.jpg,0,0.5520435571670532,0.48207539319992065,0.08721809834241867,0.18610437214374542,0.0012025750475004315
road619_png.rf.afe775af026ad763791eed33be445f64.jpg,8,0.5273202061653137,0.43562471866607666,0.17144720256328583,0.13595159351825714,0.9348604083061218
road629_png.rf.79a049eae4f765c580544c533220d5f5.jpg,9,0.6646432876586914,0.37477943301200867,0.340080589056015,0.26514068245887756,0.9915016889572144
road629_png.rf.79a049eae4f765c580544c533220d5f5.jpg,0,0.23034319281578064,0.35673511028289795,0.06330299377441406,0.03509220853447914,0.17649048566818237
road629_png.rf.79a049eae4f765c580544c533220d5f5.jpg,0,0.2286679595708847,0.35402438044548035,0.039778947830200195,0.038678646087646484,0.036592692136764526
road629_png.rf.79a049eae4f765c580544c533220d5f5.jpg,0,0.1689807027578354,0.9882676601409912,0.018474726006388664,0.023260263726115227,0.029958147555589676
road629_png.rf.79a049eae4f765c580544c533220d5f5.jpg,0,0.21583499014377594,0.3547905683517456,0.021475516259670258,0.04382610321044922,0.01233978383243084
road629_png.rf.79a049eae4f765c580544c533220d5f5.jpg,0,0.05142977088689804,0.45508891344070435,0.013844692148268223,0.009705140255391598,0.004825792741030455
road629_png.rf.79a049eae4f765c580544c533220d5f5.jpg,0,0.21606987714767456,0.36163461208343506,0.027858825400471687,0.030814317986369133,0.004197459667921066
road629_png.rf.79a049eae4f765c580544c533220d5f5.jpg,0,0.010087195783853531,0.4305785894393921,0.018292181193828583,0.02130889892578125,0.0031625558622181416
road629_png.rf.79a049eae4f765c580544c533220d5f5.jpg,0,0.018635232001543045,0.43198680877685547,0.028145592659711838,0.01977311633527279,0.0022591743618249893
road629_png.rf.79a049eae4f765c580544c533220d5f5.jpg,0,0.21211019158363342,0.3486844599246979,0.019775519147515297,0.052695274353027344,0.0018902187002822757
road629_png.rf.79a049eae4f765c580544c533220d5f5.jpg,0,0.24587300419807434,0.36044150590896606,0.0473569892346859,0.026090512052178383,0.0011723154457286
road629_png.rf.79a049eae4f765c580544c533220d5f5.jpg,0,0.2709658145904541,0.6487375497817993,0.5419316291809082,0.6487582921981812,0.0011362226214259863
road629_png.rf.79a049eae4f765c580544c533220d5f5.jpg,0,0.0438956581056118,0.44355982542037964,0.023304827511310577,0.025961875915527344,0.0011248490773141384
road629_png.rf.79a049eae4f765c580544c533220d5f5.jpg,0,0.039916519075632095,0.43232184648513794,0.02332410402595997,0.021207405254244804,0.0010464988881722093
road62_png.rf.b3288434b3cf3e2b6d2f057c1f5a0502.jpg,14,0.6397536993026733,0.39546018838882446,0.32512548565864563,0.2277410626411438,0.9228363037109375
road633_png.rf.282d128c502ba602126742a5064cd054.jpg,14,0.3948030471801758,0.3178069293498993,0.13226431608200073,0.10301485657691956,0.9704059362411499
road633_png.rf.282d128c502ba602126742a5064cd054.jpg,6,0.3940499722957611,0.31536558270454407,0.12989968061447144,0.09947923570871353,0.0028671312611550093
road633_png.rf.282d128c502ba602126742a5064cd054.jpg,1,0.3350714445114136,0.5291355848312378,0.4567955732345581,0.7783124446868896,0.0016618985682725906
road633_png.rf.282d128c502ba602126742a5064cd054.jpg,1,0.36771708726882935,0.34662243723869324,0.26781514286994934,0.16750916838645935,0.0012275570770725608
road639_png.rf.74306332af06fee257b44f5dd9ae02fb.jpg,11,0.5374924540519714,0.6278766989707947,0.14039288461208344,0.10978911817073822,0.9257909059524536
road639_png.rf.74306332af06fee257b44f5dd9ae02fb.jpg,8,0.07553146779537201,0.774225115776062,0.06862946599721909,0.05343605950474739,0.6284462213516235
road639_png.rf.74306332af06fee257b44f5dd9ae02fb.jpg,9,0.07515867054462433,0.7746769189834595,0.06741929799318314,0.05363405495882034,0.3580726385116577
road639_png.rf.74306332af06fee257b44f5dd9ae02fb.jpg,9,0.5388323664665222,0.6269887685775757,0.1330925077199936,0.10900075733661652,0.015324994921684265
road639_png.rf.74306332af06fee257b44f5dd9ae02fb.jpg,1,0.715384840965271,0.016405029222369194,0.0882786214351654,0.030639568343758583,0.007308708969503641
road639_png.rf.74306332af06fee257b44f5dd9ae02fb.jpg,1,0.29637548327445984,0.08631892502307892,0.018774747848510742,0.04532179981470108,0.004489656537771225
road639_png.rf.74306332af06fee257b44f5dd9ae02fb.jpg,1,0.29565081000328064,0.09574981778860092,0.014806637540459633,0.062382377684116364,0.003082132898271084
road640_png.rf.d095777d03f03f86a0b6b1f5b32dfdd5.jpg,11,0.7832498550415039,0.32359716296195984,0.1568216234445572,0.12024230509996414,0.9314099550247192
road640_png.rf.d095777d03f03f86a0b6b1f5b32dfdd5.jpg,12,0.24227109551429749,0.4850599467754364,0.06966409087181091,0.0545501708984375,0.24819700419902802
road640_png.rf.d095777d03f03f86a0b6b1f5b32dfdd5.jpg,8,0.24164676666259766,0.48552215099334717,0.0705297514796257,0.0544208362698555,0.1704811304807663
road640_png.rf.d095777d03f03f86a0b6b1f5b32dfdd5.jpg,9,0.24192605912685394,0.4856966733932495,0.0689026415348053,0.05447996407747269,0.12535080313682556
road640_png.rf.d095777d03f03f86a0b6b1f5b32dfdd5.jpg,3,0.2420705258846283,0.4858798384666443,0.06890373677015305,0.0535120964050293,0.07824499160051346
road640_png.rf.d095777d03f03f86a0b6b1f5b32dfdd5.jpg,7,0.7827551960945129,0.32207176089286804,0.15749190747737885,0.1242208331823349,0.009398204274475574
road640_png.rf.d095777d03f03f86a0b6b1f5b32dfdd5.jpg,8,0.7852463126182556,0.32407572865486145,0.14436949789524078,0.11805299669504166,0.0013269097544252872
road64_png.rf.bf315b45291d211d2e01926d50ddfddf.jpg,14,0.5446887016296387,0.47661304473876953,0.7966839075088501,0.8876781463623047,0.9317753911018372
road64_png.rf.bf315b45291d211d2e01926d50ddfddf.jpg,1,0.5543025135993958,0.8123739957809448,0.02785341627895832,0.03121940977871418,0.005548843182623386
road650_png.rf.b4086d2eec2b5bfe4465ae484a3b762f.jpg,9,0.4842258095741272,0.3194955289363861,0.11387854069471359,0.09360063821077347,0.9047958850860596
road650_png.rf.b4086d2eec2b5bfe4465ae484a3b762f.jpg,12,0.4831811487674713,0.3186177611351013,0.11779194325208664,0.09449309855699539,0.2591862380504608
road650_png.rf.b4086d2eec2b5bfe4465ae484a3b762f.jpg,10,0.4842395782470703,0.31801414489746094,0.11546659469604492,0.09589158743619919,0.15341278910636902
road650_png.rf.b4086d2eec2b5bfe4465ae484a3b762f.jpg,11,0.4835593104362488,0.3187061846256256,0.11682070046663284,0.09562265127897263,0.10382892191410065
road652_png.rf.e82e3cfaed8d2378962fd6c1380f5d02.jpg,8,0.48110324144363403,0.45696693658828735,0.06647700816392899,0.04746246337890625,0.9041439890861511
road652_png.rf.e82e3cfaed8d2378962fd6c1380f5d02.jpg,8,0.28628069162368774,0.47307735681533813,0.05009060725569725,0.035897254943847656,0.7317321300506592
road652_png.rf.e82e3cfaed8d2378962fd6c1380f5d02.jpg,5,0.4802055358886719,0.4537566900253296,0.06837140768766403,0.05374688282608986,0.032473884522914886
road653_png.rf.a69e562a3dab509d536c1f6d7689c4de.jpg,8,0.5715402960777283,0.5740869045257568,0.07211006432771683,0.056477729231119156,0.8440673351287842
road653_png.rf.a69e562a3dab509d536c1f6d7689c4de.jpg,10,0.3342500925064087,0.5936686396598816,0.05402546748518944,0.04244840890169144,0.7235203385353088
road653_png.rf.a69e562a3dab509d536c1f6d7689c4de.jpg,8,0.3340868651866913,0.5938478112220764,0.053439103066921234,0.04286978766322136,0.715344250202179
road653_png.rf.a69e562a3dab509d536c1f6d7689c4de.jpg,9,0.3341169059276581,0.5936529636383057,0.054196376353502274,0.04388277232646942,0.2273692637681961
road653_png.rf.a69e562a3dab509d536c1f6d7689c4de.jpg,0,0.12424048781394958,0.0066313352435827255,0.05587668716907501,0.013262670487165451,0.00757620157673955
road653_png.rf.a69e562a3dab509d536c1f6d7689c4de.jpg,9,0.33480972051620483,0.5671277642250061,0.058993615210056305,0.1040990874171257,0.0038519171066582203
road653_png.rf.a69e562a3dab509d536c1f6d7689c4de.jpg,8,0.33469200134277344,0.5585600137710571,0.061315830796957016,0.12091314047574997,0.0033499300479888916
road653_png.rf.a69e562a3dab509d536c1f6d7689c4de.jpg,8,0.33515211939811707,0.5533185005187988,0.06158027425408363,0.06459522247314453,0.0013526621041819453
road654_png.rf.dccac1ff09c216df1ecd3c90e1d3923b.jpg,8,0.4248121976852417,0.4988557696342468,0.08005332946777344,0.06386720389127731,0.9135410189628601
road654_png.rf.dccac1ff09c216df1ecd3c90e1d3923b.jpg,10,0.13661877810955048,0.5208908915519714,0.05847787857055664,0.04778040200471878,0.7263820171356201
road654_png.rf.dccac1ff09c216df1ecd3c90e1d3923b.jpg,8,0.13719281554222107,0.5212147831916809,0.059766750782728195,0.04706151783466339,0.3476259708404541
road654_png.rf.dccac1ff09c216df1ecd3c90e1d3923b.jpg,8,0.14013996720314026,0.4740152955055237,0.06311850249767303,0.062417030334472656,0.009434840641915798
road654_png.rf.dccac1ff09c216df1ecd3c90e1d3923b.jpg,1,0.5678987503051758,0.10945792496204376,0.012493426911532879,0.07093986868858337,0.002721738535910845
road654_png.rf.dccac1ff09c216df1ecd3c90e1d3923b.jpg,1,0.5694064497947693,0.09819738566875458,0.010564327239990234,0.05112051963806152,0.002247186377644539
road654_png.rf.dccac1ff09c216df1ecd3c90e1d3923b.jpg,1,0.6321493983268738,0.12012683600187302,0.020318837836384773,0.07868044823408127,0.0016876059817150235
road654_png.rf.dccac1ff09c216df1ecd3c90e1d3923b.jpg,8,0.13817216455936432,0.491160124540329,0.06548796594142914,0.12018739432096481,0.0011174381943419576
road655_png.rf.ff15054285f0f0f70cd01a48ab24b450.jpg,8,0.6451871395111084,0.527666449546814,0.0927518680691719,0.0711781457066536,0.9361099004745483
road655_png.rf.ff15054285f0f0f70cd01a48ab24b450.jpg,10,0.29727619886398315,0.562329113483429,0.06754383444786072,0.054274559020996094,0.5747002363204956
road655_png.rf.ff15054285f0f0f70cd01a48ab24b450.jpg,8,0.29722267389297485,0.5619433522224426,0.06740694493055344,0.053036872297525406,0.5392581224441528
road655_png.rf.ff15054285f0f0f70cd01a48ab24b450.jpg,8,0.2972888946533203,0.5043225884437561,0.06906107813119888,0.05412769317626953,0.06361908465623856
road655_png.rf.ff15054285f0f0f70cd01a48ab24b450.jpg,8,0.2973147928714752,0.532958984375,0.07687311619520187,0.14645051956176758,0.0032741727773100138
road65_png.rf.35a17912d8a5df128c238eff97db75eb.jpg,14,0.5180541276931763,0.4562089741230011,0.4534006118774414,0.30295318365097046,0.9329994320869446
road65_png.rf.35a17912d8a5df128c238eff97db75eb.jpg,1,0.6918792724609375,0.45344969630241394,0.6162413954734802,0.7650004029273987,0.0014356080209836364
road661_png.rf.9b3a953ded6512ace828850f97be4472.jpg,8,0.515964686870575,0.6415485739707947,0.24803154170513153,0.19565938413143158,0.9617556929588318
road661_png.rf.9b3a953ded6512ace828850f97be4472.jpg,9,0.9864388704299927,0.5111409425735474,0.02712213061749935,0.1219550296664238,0.013953020796179771
road661_png.rf.9b3a953ded6512ace828850f97be4472.jpg,9,0.9926115274429321,0.6597416400909424,0.014657167717814445,0.06597276777029037,0.0026136802043765783
road666_png.rf.7d914d9d62e7d0fcc23d5bce18bb5d3c.jpg,10,0.5540509819984436,0.6938574910163879,0.35753536224365234,0.2882004380226135,0.9551257491111755
road666_png.rf.7d914d9d62e7d0fcc23d5bce18bb5d3c.jpg,8,0.5500809550285339,0.3591594398021698,0.3603023886680603,0.2852383852005005,0.0018011224456131458
road673_png.rf.4180f0a6afa7416d52c729d8b9305d75.jpg,14,0.3332574963569641,0.4481585621833801,0.06176796182990074,0.048737525939941406,0.8642156720161438
road673_png.rf.4180f0a6afa7416d52c729d8b9305d75.jpg,1,0.2959144711494446,0.8214665651321411,0.02234324999153614,0.012826552614569664,0.0019042504718527198
road673_png.rf.4180f0a6afa7416d52c729d8b9305d75.jpg,1,0.3334678113460541,0.4943850636482239,0.010854940861463547,0.03211633861064911,0.001751932199113071
road673_png.rf.4180f0a6afa7416d52c729d8b9305d75.jpg,9,0.3341153860092163,0.44887402653694153,0.06580501049757004,0.0478595569729805,0.0017137578688561916
road673_png.rf.4180f0a6afa7416d52c729d8b9305d75.jpg,9,0.8686218857765198,0.04890887066721916,0.027786841616034508,0.0796637088060379,0.0010703150182962418
road691_png.rf.3ca3931933e5623e51596577124c3447.jpg,5,0.5036141872406006,0.3531726002693176,0.1613437533378601,0.11847162246704102,0.9976462721824646
road691_png.rf.3ca3931933e5623e51596577124c3447.jpg,3,0.5004884600639343,0.5456444621086121,0.16218449175357819,0.11813890188932419,0.9771705865859985
road691_png.rf.3ca3931933e5623e51596577124c3447.jpg,0,0.49964815378189087,0.5447210669517517,0.1589912623167038,0.11595010757446289,0.12335686385631561
road691_png.rf.3ca3931933e5623e51596577124c3447.jpg,13,0.5042730569839478,0.3534187972545624,0.16232816874980927,0.11445912718772888,0.006267514079809189
road691_png.rf.3ca3931933e5623e51596577124c3447.jpg,8,0.5029087662696838,0.3534325063228607,0.15736399590969086,0.11735571175813675,0.0010082892840728164
road692_png.rf.428a4cfb2f374f0acb60ffc5c57e0750.jpg,3,0.4405735433101654,0.605223536491394,0.22813357412815094,0.16794545948505402,0.9883040189743042
road692_png.rf.428a4cfb2f374f0acb60ffc5c57e0750.jpg,5,0.4448147416114807,0.33215391635894775,0.2261294275522232,0.17008477449417114,0.9512211084365845
road701_png.rf.cdb390be5b29eb46e8125d30c802cde0.jpg,3,0.8942568898200989,0.6736162900924683,0.21110688149929047,0.17753329873085022,0.9942690134048462
road701_png.rf.cdb390be5b29eb46e8125d30c802cde0.jpg,5,0.8909011483192444,0.381336510181427,0.2164425551891327,0.18360179662704468,0.9621884226799011
road701_png.rf.cdb390be5b29eb46e8125d30c802cde0.jpg,12,0.06419097632169724,0.63393235206604,0.12535135447978973,0.22294265031814575,0.020121801644563675
road701_png.rf.cdb390be5b29eb46e8125d30c802cde0.jpg,0,0.43091943860054016,0.9855031967163086,0.021321846172213554,0.027690153568983078,0.004483936354517937
road701_png.rf.cdb390be5b29eb46e8125d30c802cde0.jpg,4,0.8808974027633667,0.6708887815475464,0.18624591827392578,0.16827987134456635,0.002903023734688759
road701_png.rf.cdb390be5b29eb46e8125d30c802cde0.jpg,0,0.6030671000480652,0.9865208864212036,0.013116762973368168,0.025454668328166008,0.0017802708316594362
road708_png.rf.d9bf7da6e0e73af3295909a18a2cabee.jpg,3,0.5249179601669312,0.7311293482780457,0.23087351024150848,0.1799551099538803,0.9961036443710327
road708_png.rf.d9bf7da6e0e73af3295909a18a2cabee.jpg,5,0.5234662294387817,0.4414180517196655,0.23946413397789001,0.18290406465530396,0.9495158791542053
road709_png.rf.4247ab0b03caf6c144ac9d5203850b81.jpg,5,0.48990294337272644,0.5024916529655457,0.07627850025892258,0.059324998408555984,0.9705649018287659
road709_png.rf.4247ab0b03caf6c144ac9d5203850b81.jpg,3,0.4850335121154785,0.5939397811889648,0.07792413979768753,0.05807352066040039,0.1918518841266632
road709_png.rf.4247ab0b03caf6c144ac9d5203850b81.jpg,12,0.48381900787353516,0.591908872127533,0.07729167491197586,0.05793054401874542,0.08745467662811279
road709_png.rf.4247ab0b03caf6c144ac9d5203850b81.jpg,8,0.8030027151107788,0.5912771224975586,0.10234634578227997,0.08106059581041336,0.06371529400348663
road716_png.rf.b9085b6c292ddd763a6e1481465dd3cd.jpg,5,0.6204697489738464,0.5524564981460571,0.06389559060335159,0.053099337965250015,0.9173609614372253
road716_png.rf.b9085b6c292ddd763a6e1481465dd3cd.jpg,8,0.7273838520050049,0.4060136675834656,0.14685359597206116,0.11285745352506638,0.42922234535217285
road716_png.rf.b9085b6c292ddd763a6e1481465dd3cd.jpg,3,0.5344423055648804,0.5477631688117981,0.0561981201171875,0.04478263854980469,0.36030158400535583
road716_png.rf.b9085b6c292ddd763a6e1481465dd3cd.jpg,5,0.5335223078727722,0.5485683083534241,0.055505163967609406,0.04588508605957031,0.08883486688137054
road716_png.rf.b9085b6c292ddd763a6e1481465dd3cd.jpg,12,0.6202129125595093,0.5512844920158386,0.06223106384277344,0.05142725259065628,0.015946052968502045
road716_png.rf.b9085b6c292ddd763a6e1481465dd3cd.jpg,12,0.5344628691673279,0.547878623008728,0.05657500401139259,0.046455565840005875,0.007051077671349049
road716_png.rf.b9085b6c292ddd763a6e1481465dd3cd.jpg,11,0.7268600463867188,0.4062671661376953,0.1447848528623581,0.11084611713886261,0.0020249872468411922
road720_png.rf.bdc71460f5121259128f84a720780e9e.jpg,8,0.37934401631355286,0.5214897990226746,0.08971889317035675,0.07054662704467773,0.9534555673599243
road720_png.rf.bdc71460f5121259128f84a720780e9e.jpg,14,0.38536638021469116,0.44220930337905884,0.08784019201993942,0.07007675617933273,0.04000980406999588
road720_png.rf.bdc71460f5121259128f84a720780e9e.jpg,5,0.38515520095825195,0.4420144855976105,0.08568191528320312,0.07041223347187042,0.020082056522369385
road720_png.rf.bdc71460f5121259128f84a720780e9e.jpg,1,0.5416894555091858,0.6164913177490234,0.01948525384068489,0.024991916492581367,0.0030696429312229156
road720_png.rf.bdc71460f5121259128f84a720780e9e.jpg,11,0.3871016800403595,0.44118449091911316,0.08666357398033142,0.06796781718730927,0.0027831036131829023
road743_png.rf.09b77e4a47a21b7c3482c28b37c86ecb.jpg,5,0.26965922117233276,0.3777843713760376,0.0940215066075325,0.07137449085712433,0.97911137342453
road743_png.rf.09b77e4a47a21b7c3482c28b37c86ecb.jpg,3,0.2588317394256592,0.4836317300796509,0.09147959202528,0.06916636973619461,0.9556751847267151
road743_png.rf.09b77e4a47a21b7c3482c28b37c86ecb.jpg,9,0.27038630843162537,0.3773359954357147,0.09597444534301758,0.07190055400133133,0.005025227554142475
road743_png.rf.09b77e4a47a21b7c3482c28b37c86ecb.jpg,0,0.15047253668308258,0.25079110264778137,0.29656603932380676,0.499249130487442,0.0017612759256735444
road743_png.rf.09b77e4a47a21b7c3482c28b37c86ecb.jpg,14,0.26951923966407776,0.3776867985725403,0.09276687353849411,0.07473626732826233,0.0010245820740237832
road747_png.rf.66031af78137deac5c6878292d9ce7db.jpg,3,0.8803992867469788,0.627683699131012,0.23584343492984772,0.18401186168193817,0.9932366013526917
road747_png.rf.66031af78137deac5c6878292d9ce7db.jpg,5,0.8911122679710388,0.3422212600708008,0.21273590624332428,0.1856537163257599,0.9396689534187317
road747_png.rf.66031af78137deac5c6878292d9ce7db.jpg,1,0.9465553760528564,0.7392861843109131,0.10495838522911072,0.23386837542057037,0.006006660871207714
road747_png.rf.66031af78137deac5c6878292d9ce7db.jpg,0,0.9458755850791931,0.7492948770523071,0.10824871063232422,0.2228868156671524,0.0010779137955978513
road760_png.rf.cb25cb1c5c71e6bbf07a9dc3b11915d2.jpg,3,0.4885501265525818,0.3556578755378723,0.20557935535907745,0.15827950835227966,0.9810886383056641
road760_png.rf.cb25cb1c5c71e6bbf07a9dc3b11915d2.jpg,14,0.011794165708124638,0.41289159655570984,0.01999906450510025,0.03707229346036911,0.0348728708922863
road760_png.rf.cb25cb1c5c71e6bbf07a9dc3b11915d2.jpg,4,0.4791404604911804,0.3543139100074768,0.1904883086681366,0.15004529058933258,0.002590957097709179
road760_png.rf.cb25cb1c5c71e6bbf07a9dc3b11915d2.jpg,1,0.010767643339931965,0.41233837604522705,0.02153528667986393,0.04197480157017708,0.0016017458401620388
road770_png.rf.192c2e4a2994c3c1bdfa14f69586392c.jpg,12,0.5172600150108337,0.4487967789173126,0.09810047596693039,0.08042775839567184,0.4654207229614258
road770_png.rf.192c2e4a2994c3c1bdfa14f69586392c.jpg,14,0.9674397110939026,0.2830219268798828,0.06512054800987244,0.02935701236128807,0.42438462376594543
road770_png.rf.192c2e4a2994c3c1bdfa14f69586392c.jpg,5,0.5177860260009766,0.4481329917907715,0.101341612637043,0.07898616790771484,0.30110523104667664
road770_png.rf.192c2e4a2994c3c1bdfa14f69586392c.jpg,14,0.516784131526947,0.4487150311470032,0.09925897419452667,0.07971162348985672,0.045918285846710205
road770_png.rf.192c2e4a2994c3c1bdfa14f69586392c.jpg,1,0.7008641958236694,0.4562799334526062,0.016132868826389313,0.024595994502305984,0.027255242690443993
road770_png.rf.192c2e4a2994c3c1bdfa14f69586392c.jpg,13,0.5168418884277344,0.44893142580986023,0.0999387577176094,0.07780969887971878,0.02311456948518753
road770_png.rf.192c2e4a2994c3c1bdfa14f69586392c.jpg,1,0.9697700142860413,0.28404027223587036,0.05817875638604164,0.03212076053023338,0.00369253009557724
road770_png.rf.192c2e4a2994c3c1bdfa14f69586392c.jpg,0,0.8012199997901917,0.2696481943130493,0.019961576908826828,0.01141482125967741,0.0025523067452013493
road770_png.rf.192c2e4a2994c3c1bdfa14f69586392c.jpg,8,0.2551495134830475,0.5622358918190002,0.024675974622368813,0.03022480010986328,0.001570645603351295
road773_png.rf.b467561d9bc1abfaa69c770187f44c38.jpg,12,0.6471030712127686,0.49471765756607056,0.061316490173339844,0.04881715774536133,0.5744339823722839
road773_png.rf.b467561d9bc1abfaa69c770187f44c38.jpg,1,0.45813700556755066,0.49338918924331665,0.01644754409790039,0.007187843322753906,0.010730515234172344
road773_png.rf.b467561d9bc1abfaa69c770187f44c38.jpg,3,0.6459453105926514,0.4946447014808655,0.0644528716802597,0.04736137390136719,0.007674341555684805
road773_png.rf.b467561d9bc1abfaa69c770187f44c38.jpg,0,0.05564092844724655,0.6275821924209595,0.027333667501807213,0.015733718872070312,0.004390943795442581
road773_png.rf.b467561d9bc1abfaa69c770187f44c38.jpg,9,0.6478358507156372,0.49497443437576294,0.06061113625764847,0.04986113682389259,0.003924232441931963
road773_png.rf.b467561d9bc1abfaa69c770187f44c38.jpg,1,0.1762688308954239,0.5107852220535278,0.013878712430596352,0.011324405670166016,0.003826509928330779
road773_png.rf.b467561d9bc1abfaa69c770187f44c38.jpg,10,0.6447265148162842,0.49474000930786133,0.06160259246826172,0.046959288418293,0.0030814458150416613
road773_png.rf.b467561d9bc1abfaa69c770187f44c38.jpg,1,0.46349936723709106,0.49352046847343445,0.012887771241366863,0.007118811830878258,0.002985517494380474
road773_png.rf.b467561d9bc1abfaa69c770187f44c38.jpg,1,0.34216487407684326,0.44777190685272217,0.01786077953875065,0.05833280831575394,0.0013344453182071447
road774_png.rf.01952886ddecdd8280c5df688e7f3f0e.jpg,9,0.6592087149620056,0.4349229037761688,0.0657815933227539,0.05744868144392967,0.2735351324081421
road774_png.rf.01952886ddecdd8280c5df688e7f3f0e.jpg,5,0.6581388711929321,0.43423062562942505,0.06629884988069534,0.055480003356933594,0.22825466096401215
road774_png.rf.01952886ddecdd8280c5df688e7f3f0e.jpg,12,0.6580658555030823,0.4343516230583191,0.06606601178646088,0.055294036865234375,0.17096391320228577
road774_png.rf.01952886ddecdd8280c5df688e7f3f0e.jpg,8,0.6579739451408386,0.4355131983757019,0.06728040426969528,0.057373046875,0.004692164249718189
road774_png.rf.01952886ddecdd8280c5df688e7f3f0e.jpg,11,0.6601518392562866,0.43342167139053345,0.07149241864681244,0.049828529357910156,0.0030949159990996122
road774_png.rf.01952886ddecdd8280c5df688e7f3f0e.jpg,6,0.6580438613891602,0.43575286865234375,0.06656133383512497,0.05718403682112694,0.0023969761095941067
road794_png.rf.3569e6160a38765029861dd0a34ebfdd.jpg,13,0.4449017643928528,0.6101041436195374,0.19833087921142578,0.1518247276544571,0.9900873303413391
road794_png.rf.3569e6160a38765029861dd0a34ebfdd.jpg,3,0.0847279503941536,0.9444572925567627,0.044478774070739746,0.03660033270716667,0.277728408575058
road794_png.rf.3569e6160a38765029861dd0a34ebfdd.jpg,9,0.08517313748598099,0.9442387819290161,0.0433514304459095,0.03734434396028519,0.08621631562709808
road794_png.rf.3569e6160a38765029861dd0a34ebfdd.jpg,8,0.0863451212644577,0.9445720314979553,0.04755616933107376,0.037812378257513046,0.0033384107518941164
road794_png.rf.3569e6160a38765029861dd0a34ebfdd.jpg,0,0.2619854807853699,0.29407474398612976,0.03996744379401207,0.02272758074104786,0.0027899646665900946
road794_png.rf.3569e6160a38765029861dd0a34ebfdd.jpg,0,0.7335676550865173,0.31056150794029236,0.036958400160074234,0.02053537778556347,0.0010004091309383512
road803_png.rf.ec1de6db189d7a63e98b91529236a7d1.jpg,3,0.5306603312492371,0.5867079496383667,0.09463720768690109,0.07332094013690948,0.8950315713882446
road803_png.rf.ec1de6db189d7a63e98b91529236a7d1.jpg,12,0.5299574136734009,0.5863367319107056,0.09558160603046417,0.07503850758075714,0.0038707051426172256
road803_png.rf.ec1de6db189d7a63e98b91529236a7d1.jpg,0,0.008811461739242077,0.9471887350082397,0.014472304843366146,0.01063684280961752,0.002039876766502857
road803_png.rf.ec1de6db189d7a63e98b91529236a7d1.jpg,0,0.3656148314476013,0.9876369833946228,0.03857366740703583,0.02249681018292904,0.0019340033177286386
road804_png.rf.c07a9b7b679e771fad740f296ee3a8f7.jpg,3,0.6544710993766785,0.4926453232765198,0.1251533180475235,0.09639625996351242,0.9453436732292175
road804_png.rf.c07a9b7b679e771fad740f296ee3a8f7.jpg,13,0.6521860957145691,0.4907396137714386,0.11691577732563019,0.09187467396259308,0.08591914176940918
road811_png.rf.e8ae9aefbf35658164ee88a52ed39bd8.jpg,13,0.45311906933784485,0.5142425298690796,0.17287558317184448,0.1340923309326172,0.9850308895111084
road822_png.rf.b3ba7f5457042a083bad8aac3fe5f819.jpg,1,0.47954946756362915,0.5624313950538635,0.13518238067626953,0.29328104853630066,0.9286689162254333
road822_png.rf.b3ba7f5457042a083bad8aac3fe5f819.jpg,14,0.45430007576942444,0.27040162682533264,0.20229628682136536,0.15311363339424133,0.9011751413345337
road822_png.rf.b3ba7f5457042a083bad8aac3fe5f819.jpg,0,0.48084479570388794,0.5923398733139038,0.1250278353691101,0.20411968231201172,0.29592880606651306
road822_png.rf.b3ba7f5457042a083bad8aac3fe5f819.jpg,0,0.4570285975933075,0.6084108352661133,0.5196712017059326,0.19626866281032562,0.032070357352495193
road822_png.rf.b3ba7f5457042a083bad8aac3fe5f819.jpg,1,0.4758307635784149,0.46783530712127686,0.11280155181884766,0.08031082153320312,0.021617142483592033
road822_png.rf.b3ba7f5457042a083bad8aac3fe5f819.jpg,1,0.47905394434928894,0.5679140686988831,0.46485134959220886,0.27074629068374634,0.015165941789746284
road822_png.rf.b3ba7f5457042a083bad8aac3fe5f819.jpg,14,0.47452765703201294,0.4657195806503296,0.10052948445081711,0.0790548324584961,0.008385507389903069
road822_png.rf.b3ba7f5457042a083bad8aac3fe5f819.jpg,0,0.3628275990486145,0.6073532700538635,0.09503001719713211,0.18240396678447723,0.004119615536183119
road822_png.rf.b3ba7f5457042a083bad8aac3fe5f819.jpg,1,0.37719815969467163,0.5909637212753296,0.37801504135131836,0.34786444902420044,0.0019291433272883296
road822_png.rf.b3ba7f5457042a083bad8aac3fe5f819.jpg,1,0.43363097310066223,0.2715206444263458,0.026187237352132797,0.14109362661838531,0.0014506231527775526
road836_png.rf.05522d5697471753f15583e9c74d9908.jpg,12,0.5882546305656433,0.386766642332077,0.18999654054641724,0.14961719512939453,0.9902156591415405
road836_png.rf.05522d5697471753f15583e9c74d9908.jpg,13,0.5884097218513489,0.3871990442276001,0.19244667887687683,0.15083752572536469,0.055776238441467285
road836_png.rf.05522d5697471753f15583e9c74d9908.jpg,10,0.5874221324920654,0.3868602514266968,0.19341222941875458,0.15220564603805542,0.009165715426206589
road836_png.rf.05522d5697471753f15583e9c74d9908.jpg,0,0.47657907009124756,0.9853293895721436,0.025206565856933594,0.02629624865949154,0.007830275222659111
road836_png.rf.05522d5697471753f15583e9c74d9908.jpg,0,0.7308528423309326,0.9801393747329712,0.021360764279961586,0.03680192679166794,0.002334402874112129
road836_png.rf.05522d5697471753f15583e9c74d9908.jpg,0,0.4798349142074585,0.9797470569610596,0.014377777464687824,0.03310885652899742,0.0022588144056499004
road841_png.rf.7ddce1ff42545b101a28f63e6a1e5af7.jpg,12,0.429014652967453,0.4081142842769623,0.13385049998760223,0.09881217777729034,0.790978193283081
road841_png.rf.7ddce1ff42545b101a28f63e6a1e5af7.jpg,10,0.4293220639228821,0.40792518854141235,0.1286487579345703,0.09988755732774734,0.4025566875934601
road841_png.rf.7ddce1ff42545b101a28f63e6a1e5af7.jpg,5,0.4287475347518921,0.4082416296005249,0.13013619184494019,0.09979116171598434,0.021448012441396713
road841_png.rf.7ddce1ff42545b101a28f63e6a1e5af7.jpg,9,0.43155592679977417,0.40720146894454956,0.13154353201389313,0.09934396296739578,0.009673998691141605
road842_png.rf.eaef28c5ea8a82fe3cfba78634bebf18.jpg,12,0.3330634832382202,0.4448552131652832,0.16636937856674194,0.12365186959505081,0.9858207702636719
road842_png.rf.eaef28c5ea8a82fe3cfba78634bebf18.jpg,13,0.33402636647224426,0.4453749358654022,0.16071678698062897,0.12611304223537445,0.11894887685775757
road842_png.rf.eaef28c5ea8a82fe3cfba78634bebf18.jpg,10,0.3334065079689026,0.44517868757247925,0.16212084889411926,0.12695811688899994,0.018185745924711227
road842_png.rf.eaef28c5ea8a82fe3cfba78634bebf18.jpg,0,0.8943679332733154,0.32521602511405945,0.21089325845241547,0.48120296001434326,0.002850851509720087
road84_png.rf.3c4a24183c70e3af08fc01ae65761c88.jpg,14,0.49788835644721985,0.29787886142730713,0.2534383237361908,0.17522738873958588,0.8638493418693542
road84_png.rf.3c4a24183c70e3af08fc01ae65761c88.jpg,1,0.3972589373588562,0.18564558029174805,0.07496444880962372,0.03719153627753258,0.03539289906620979
road84_png.rf.3c4a24183c70e3af08fc01ae65761c88.jpg,1,0.5139235854148865,0.6590752005577087,0.02290630340576172,0.07543512433767319,0.0044196308590471745
road84_png.rf.3c4a24183c70e3af08fc01ae65761c88.jpg,1,0.5163226127624512,0.7432796955108643,0.01801813580095768,0.07127035409212112,0.0015130629763007164
road850_png.rf.74fa86d3aaa9d85f0c87bf9bb5ce433e.jpg,12,0.29511120915412903,0.3306329846382141,0.0601595900952816,0.04813414439558983,0.5985514521598816
road850_png.rf.74fa86d3aaa9d85f0c87bf9bb5ce433e.jpg,9,0.29534149169921875,0.3303171992301941,0.05993175506591797,0.047380391508340836,0.2938746511936188
road850_png.rf.74fa86d3aaa9d85f0c87bf9bb5ce433e.jpg,8,0.29667648673057556,0.33007705211639404,0.058862484991550446,0.045700881630182266,0.012202659621834755
road851_png.rf.30b2392d540fed2bdafd783c8defefb9.jpg,12,0.4156641662120819,0.32147204875946045,0.07203788310289383,0.057115428149700165,0.4425687789916992
road851_png.rf.30b2392d540fed2bdafd783c8defefb9.jpg,13,0.4156496226787567,0.3212125599384308,0.07254993170499802,0.05620424449443817,0.3364582359790802
road851_png.rf.30b2392d540fed2bdafd783c8defefb9.jpg,3,0.4152461588382721,0.3216818571090698,0.0710139274597168,0.05655096098780632,0.10468286275863647
road856_png.rf.c56e130a9afef0aa81d3359ce467f4b1.jpg,12,0.5079789757728577,0.23116904497146606,0.14469146728515625,0.10791406035423279,0.8933048844337463
road856_png.rf.c56e130a9afef0aa81d3359ce467f4b1.jpg,10,0.5089580416679382,0.23226135969161987,0.13935603201389313,0.11103910952806473,0.10292292386293411
road856_png.rf.c56e130a9afef0aa81d3359ce467f4b1.jpg,5,0.5084277987480164,0.23199328780174255,0.1453816294670105,0.1132522001862526,0.0012330501340329647
road859_png.rf.f0e4bbd39d237c79817d4ade35676364.jpg,12,0.4697705805301666,0.40598466992378235,0.08052701503038406,0.06298208236694336,0.6075202226638794
road859_png.rf.f0e4bbd39d237c79817d4ade35676364.jpg,13,0.46929025650024414,0.4062153697013855,0.08296071738004684,0.062259454280138016,0.0012692289892584085
road85_png.rf.86fab2367257fba23a95cad102a7dd82.jpg,14,0.5248796343803406,0.5433459877967834,0.4761711359024048,0.3659295439720154,0.9442707896232605
road865_png.rf.d20a4a3f4030905929c2739f03eba9b8.jpg,13,0.5805839896202087,0.257976770401001,0.11301898956298828,0.08598118275403976,0.9034260511398315
road865_png.rf.d20a4a3f4030905929c2739f03eba9b8.jpg,12,0.5811606049537659,0.2568489611148834,0.11178720742464066,0.08657455444335938,0.18548426032066345
road865_png.rf.d20a4a3f4030905929c2739f03eba9b8.jpg,10,0.5807700753211975,0.256611168384552,0.11348254978656769,0.08579960465431213,0.10012110322713852
road865_png.rf.d20a4a3f4030905929c2739f03eba9b8.jpg,8,0.015419989824295044,0.17634256184101105,0.02900639921426773,0.07635027915239334,0.0011180918663740158
road86_png.rf.618acea5b57f584ad3cf0c2ddd8be8b3.jpg,14,0.4971172511577606,0.5081776976585388,0.27287131547927856,0.40317851305007935,0.8978816866874695
road86_png.rf.618acea5b57f584ad3cf0c2ddd8be8b3.jpg,8,0.9530619382858276,0.3608662784099579,0.05647255852818489,0.046041782945394516,0.06028228625655174
road86_png.rf.618acea5b57f584ad3cf0c2ddd8be8b3.jpg,0,0.5347830057144165,0.009289195761084557,0.13328152894973755,0.018578391522169113,0.0164088886231184
road86_png.rf.618acea5b57f584ad3cf0c2ddd8be8b3.jpg,1,0.6043253540992737,0.7720373868942261,0.2525011897087097,0.4463682770729065,0.01449466124176979
road86_png.rf.618acea5b57f584ad3cf0c2ddd8be8b3.jpg,3,0.8739279508590698,0.6660888195037842,0.24895058572292328,0.6614614725112915,0.013945372775197029
road86_png.rf.618acea5b57f584ad3cf0c2ddd8be8b3.jpg,1,0.6181657314300537,0.6579135060310364,0.04949800670146942,0.03043658845126629,0.013828469440340996
road86_png.rf.618acea5b57f584ad3cf0c2ddd8be8b3.jpg,0,0.9828300476074219,0.09348428249359131,0.03317297250032425,0.1250709891319275,0.009990779682993889
road86_png.rf.618acea5b57f584ad3cf0c2ddd8be8b3.jpg,1,0.13511118292808533,0.7352164387702942,0.11163558065891266,0.05164051055908203,0.009115122258663177
road86_png.rf.618acea5b57f584ad3cf0c2ddd8be8b3.jpg,0,0.5718325972557068,0.009990233927965164,0.05886000767350197,0.019534550607204437,0.007836760953068733
road86_png.rf.618acea5b57f584ad3cf0c2ddd8be8b3.jpg,0,0.5555334687232971,0.014115146361291409,0.10948162525892258,0.028230292722582817,0.00604342482984066
road86_png.rf.618acea5b57f584ad3cf0c2ddd8be8b3.jpg,0,0.5669097900390625,0.01804390549659729,0.06512469798326492,0.03608781099319458,0.00532571692019701
road86_png.rf.618acea5b57f584ad3cf0c2ddd8be8b3.jpg,8,0.9663311839103699,0.3209450840950012,0.03571906313300133,0.12596185505390167,0.0050422027707099915
road86_png.rf.618acea5b57f584ad3cf0c2ddd8be8b3.jpg,1,0.11500623822212219,0.8006502389907837,0.22999049723148346,0.3906240463256836,0.005026663187891245
road86_png.rf.618acea5b57f584ad3cf0c2ddd8be8b3.jpg,0,0.5442703366279602,0.015421705320477486,0.18377971649169922,0.03084341064095497,0.0049621486105024815
road86_png.rf.618acea5b57f584ad3cf0c2ddd8be8b3.jpg,0,0.6179749965667725,0.007870210334658623,0.02355428785085678,0.015740420669317245,0.0026814446318894625
road86_png.rf.618acea5b57f584ad3cf0c2ddd8be8b3.jpg,0,0.6113455295562744,0.008343872614204884,0.034473713487386703,0.016687745228409767,0.0023726827930659056
road86_png.rf.618acea5b57f584ad3cf0c2ddd8be8b3.jpg,1,0.6284125447273254,0.8385035991668701,0.31936928629875183,0.2603909373283386,0.002274957951158285
road86_png.rf.618acea5b57f584ad3cf0c2ddd8be8b3.jpg,0,0.9888390898704529,0.0786435455083847,0.02149222418665886,0.11001141369342804,0.001551321824081242
road86_png.rf.618acea5b57f584ad3cf0c2ddd8be8b3.jpg,1,0.8982323408126831,0.5122265815734863,0.20353537797927856,0.1965259462594986,0.0014453963376581669
road86_png.rf.618acea5b57f584ad3cf0c2ddd8be8b3.jpg,1,0.23139971494674683,0.8076102137565613,0.46166038513183594,0.38427865505218506,0.001318452414125204
road86_png.rf.618acea5b57f584ad3cf0c2ddd8be8b3.jpg,0,0.968397855758667,0.08590620011091232,0.06034887582063675,0.07518751174211502,0.0012729973532259464
road86_png.rf.618acea5b57f584ad3cf0c2ddd8be8b3.jpg,0,0.11256932467222214,0.785214364528656,0.22457417845726013,0.4078914225101471,0.0011766747338697314
road86_png.rf.618acea5b57f584ad3cf0c2ddd8be8b3.jpg,1,0.5888033509254456,0.6834787130355835,0.0335497111082077,0.03014880046248436,0.0011657653376460075
road86_png.rf.618acea5b57f584ad3cf0c2ddd8be8b3.jpg,1,0.6199533939361572,0.6461015939712524,0.052045200020074844,0.03537684306502342,0.0011492568301036954
road86_png.rf.618acea5b57f584ad3cf0c2ddd8be8b3.jpg,1,0.6319321990013123,0.6553555130958557,0.033601872622966766,0.02741989679634571,0.0010146609274670482
road86_png.rf.618acea5b57f584ad3cf0c2ddd8be8b3.jpg,1,0.6160224080085754,0.6727301478385925,0.05056975409388542,0.05138089135289192,0.0010052276775240898
road872_png.rf.d95002240567bc0114365d0ba181071f.jpg,8,0.33694708347320557,0.5499998927116394,0.10531986504793167,0.08367443084716797,0.9649138450622559
road872_png.rf.d95002240567bc0114365d0ba181071f.jpg,14,0.7611407041549683,0.6719505786895752,0.03954021632671356,0.03265593573451042,0.09850233048200607
road872_png.rf.d95002240567bc0114365d0ba181071f.jpg,1,0.7639147043228149,0.6711581945419312,0.0444183349609375,0.03311670571565628,0.004913880955427885
road872_png.rf.d95002240567bc0114365d0ba181071f.jpg,1,0.7623398900032043,0.697867751121521,0.0356757827103138,0.08753769099712372,0.004202543292194605
road872_png.rf.d95002240567bc0114365d0ba181071f.jpg,1,0.7687169313430786,0.7045640349388123,0.020775647833943367,0.09634040296077728,0.003757749916985631
road872_png.rf.d95002240567bc0114365d0ba181071f.jpg,1,0.7578351497650146,0.7015774250030518,0.02123011089861393,0.09146947413682938,0.003595910035073757
road872_png.rf.d95002240567bc0114365d0ba181071f.jpg,1,0.7543951272964478,0.683762788772583,0.054711636155843735,0.055729132145643234,0.0023416001349687576
road872_png.rf.d95002240567bc0114365d0ba181071f.jpg,0,0.6289678812026978,0.5657566785812378,0.01276133581995964,0.023540791124105453,0.0017810879508033395
road872_png.rf.d95002240567bc0114365d0ba181071f.jpg,1,0.7425962686538696,0.6983605027198792,0.029925493523478508,0.07627560198307037,0.0011247692164033651
road872_png.rf.d95002240567bc0114365d0ba181071f.jpg,1,0.7678404450416565,0.6806643605232239,0.03995829448103905,0.05229135602712631,0.0011129259364679456
road876_png.rf.723330bcac2a5e357c0a325590dbff3c.jpg,8,0.4791528582572937,0.36525535583496094,0.2223966270685196,0.16811387240886688,0.9606941938400269
road876_png.rf.723330bcac2a5e357c0a325590dbff3c.jpg,14,0.30273711681365967,0.7623210549354553,0.04503602162003517,0.04622818902134895,0.816587507724762
road876_png.rf.723330bcac2a5e357c0a325590dbff3c.jpg,1,0.40113258361816406,0.7939132452011108,0.016999831423163414,0.06957508623600006,0.07876186817884445
road876_png.rf.723330bcac2a5e357c0a325590dbff3c.jpg,11,0.3031149208545685,0.7617877125740051,0.03970322385430336,0.04319975897669792,0.03759519383311272
road876_png.rf.723330bcac2a5e357c0a325590dbff3c.jpg,1,0.400515615940094,0.8041251301765442,0.021138373762369156,0.09449745714664459,0.014852447435259819
road94_png.rf.77920ec51ee4fe99a6fb6f8d99f67954.jpg,14,0.5199294686317444,0.5129957795143127,0.5040855407714844,0.5734921097755432,0.9368794560432434
